-- Aircraft brands
create table aircraft_brands
(
    id   serial       not null
        constraint aircraft_brand_pk
            primary key,
    name varchar(255) not null
);

alter table aircraft_brands
    owner to postgres;

INSERT INTO public.aircraft_brands (id, name) VALUES (1, 'Airbus');
INSERT INTO public.aircraft_brands (id, name) VALUES (2, 'Boeing');

-- Aircraft models
create table aircraft_models
(
    id        serial  not null
        constraint aircraft_model_pk
            primary key,
    name      varchar(512),
    brand_idx integer not null
        constraint brand_fk
            references aircraft_brands
);

alter table aircraft_models
    owner to postgres;

INSERT INTO public.aircraft_models (id, name, brand_idx) VALUES (1, 'A220', 1);
INSERT INTO public.aircraft_models (id, name, brand_idx) VALUES (2, 'A300', 1);
INSERT INTO public.aircraft_models (id, name, brand_idx) VALUES (3, 'A310', 1);
INSERT INTO public.aircraft_models (id, name, brand_idx) VALUES (4, 'A318', 1);
INSERT INTO public.aircraft_models (id, name, brand_idx) VALUES (5, 'A319', 1);
INSERT INTO public.aircraft_models (id, name, brand_idx) VALUES (6, 'A320', 1);
INSERT INTO public.aircraft_models (id, name, brand_idx) VALUES (7, 'A321', 1);
INSERT INTO public.aircraft_models (id, name, brand_idx) VALUES (8, 'A330', 1);
INSERT INTO public.aircraft_models (id, name, brand_idx) VALUES (9, 'A340', 1);
INSERT INTO public.aircraft_models (id, name, brand_idx) VALUES (10, 'A350', 1);
INSERT INTO public.aircraft_models (id, name, brand_idx) VALUES (11, 'A380', 1);
INSERT INTO public.aircraft_models (id, name, brand_idx) VALUES (12, 'Beluga', 1);
INSERT INTO public.aircraft_models (id, name, brand_idx) VALUES (13, 'Beluga XL', 1);
INSERT INTO public.aircraft_models (id, name, brand_idx) VALUES (14, '247', 2);
INSERT INTO public.aircraft_models (id, name, brand_idx) VALUES (15, '307', 2);
INSERT INTO public.aircraft_models (id, name, brand_idx) VALUES (16, '314', 2);
INSERT INTO public.aircraft_models (id, name, brand_idx) VALUES (17, '377', 2);
INSERT INTO public.aircraft_models (id, name, brand_idx) VALUES (18, '707', 2);
INSERT INTO public.aircraft_models (id, name, brand_idx) VALUES (19, '717', 2);
INSERT INTO public.aircraft_models (id, name, brand_idx) VALUES (20, '720', 2);
INSERT INTO public.aircraft_models (id, name, brand_idx) VALUES (21, '727', 2);
INSERT INTO public.aircraft_models (id, name, brand_idx) VALUES (22, '737', 2);
INSERT INTO public.aircraft_models (id, name, brand_idx) VALUES (23, '747', 2);
INSERT INTO public.aircraft_models (id, name, brand_idx) VALUES (24, '757', 2);
INSERT INTO public.aircraft_models (id, name, brand_idx) VALUES (25, '767', 2);
INSERT INTO public.aircraft_models (id, name, brand_idx) VALUES (26, '777', 2);
INSERT INTO public.aircraft_models (id, name, brand_idx) VALUES (27, '787', 2);

-- Countries
create table countries
(
    id   serial       not null
        constraint countries_pk
            primary key,
    name varchar(512) not null
);

alter table countries
    owner to postgres;

INSERT INTO public.countries (id, name) VALUES (1, 'Russia');
INSERT INTO public.countries (id, name) VALUES (2, 'China');
INSERT INTO public.countries (id, name) VALUES (3, 'Lesotho');
INSERT INTO public.countries (id, name) VALUES (4, 'Thailand');
INSERT INTO public.countries (id, name) VALUES (5, 'France');
INSERT INTO public.countries (id, name) VALUES (6, 'United States');
INSERT INTO public.countries (id, name) VALUES (7, 'New Zealand');
INSERT INTO public.countries (id, name) VALUES (8, 'Philippines');
INSERT INTO public.countries (id, name) VALUES (9, 'Albania');
INSERT INTO public.countries (id, name) VALUES (11, 'Japan');
INSERT INTO public.countries (id, name) VALUES (12, 'Costa Rica');
INSERT INTO public.countries (id, name) VALUES (13, 'Poland');
INSERT INTO public.countries (id, name) VALUES (14, 'Sweden');
INSERT INTO public.countries (id, name) VALUES (15, 'Vietnam');
INSERT INTO public.countries (id, name) VALUES (16, 'Angola');
INSERT INTO public.countries (id, name) VALUES (17, 'Ethiopia');
INSERT INTO public.countries (id, name) VALUES (18, 'Ukraine');
INSERT INTO public.countries (id, name) VALUES (19, 'Norway');
INSERT INTO public.countries (id, name) VALUES (20, 'Mongolia');
INSERT INTO public.countries (id, name) VALUES (21, 'Portugal');

-- Cities
create table cities
(
    id          serial       not null
        constraint cities_pk
            primary key,
    name        varchar(512) not null,
    country_idx integer      not null
        constraint country_fk
            references countries
);

alter table cities
    owner to postgres;

INSERT INTO public.cities (id, name, country_idx) VALUES (1, 'Novoshakhtinsk', 1);
INSERT INTO public.cities (id, name, country_idx) VALUES (2, 'Yessentuki', 1);
INSERT INTO public.cities (id, name, country_idx) VALUES (3, 'Miasskoye', 1);
INSERT INTO public.cities (id, name, country_idx) VALUES (4, 'Tver', 1);
INSERT INTO public.cities (id, name, country_idx) VALUES (5, 'Shkotovo', 1);
INSERT INTO public.cities (id, name, country_idx) VALUES (6, 'Novyye Cherëmushki', 1);
INSERT INTO public.cities (id, name, country_idx) VALUES (7, 'Novokhovrino', 1);
INSERT INTO public.cities (id, name, country_idx) VALUES (8, 'Sergach', 1);
INSERT INTO public.cities (id, name, country_idx) VALUES (9, 'Nizhnepavlovka', 1);
INSERT INTO public.cities (id, name, country_idx) VALUES (10, 'Stavropol’', 1);
INSERT INTO public.cities (id, name, country_idx) VALUES (11, 'Knyaginino', 1);
INSERT INTO public.cities (id, name, country_idx) VALUES (12, 'Lokot’', 1);
INSERT INTO public.cities (id, name, country_idx) VALUES (13, 'Mendeleyevskiy', 1);
INSERT INTO public.cities (id, name, country_idx) VALUES (14, 'Mosal’sk', 1);
INSERT INTO public.cities (id, name, country_idx) VALUES (15, 'Nesterovskaya', 1);
INSERT INTO public.cities (id, name, country_idx) VALUES (16, 'Sal’sk', 1);
INSERT INTO public.cities (id, name, country_idx) VALUES (17, 'Beslan', 1);
INSERT INTO public.cities (id, name, country_idx) VALUES (18, 'Shakhty', 1);
INSERT INTO public.cities (id, name, country_idx) VALUES (19, 'Uchkulan', 1);
INSERT INTO public.cities (id, name, country_idx) VALUES (20, 'Luknovo', 1);
INSERT INTO public.cities (id, name, country_idx) VALUES (21, 'Gereykhanovskoye', 1);
INSERT INTO public.cities (id, name, country_idx) VALUES (22, 'Borovoy', 1);
INSERT INTO public.cities (id, name, country_idx) VALUES (23, 'Pankovka', 1);
INSERT INTO public.cities (id, name, country_idx) VALUES (24, 'Danilov', 1);
INSERT INTO public.cities (id, name, country_idx) VALUES (25, 'Mayskiy', 1);
INSERT INTO public.cities (id, name, country_idx) VALUES (26, 'Talakag', 8);
INSERT INTO public.cities (id, name, country_idx) VALUES (27, 'Dabachang', 2);
INSERT INTO public.cities (id, name, country_idx) VALUES (28, 'Lianglin', 2);
INSERT INTO public.cities (id, name, country_idx) VALUES (29, 'Paris 12', 5);
INSERT INTO public.cities (id, name, country_idx) VALUES (30, 'Melun', 5);
INSERT INTO public.cities (id, name, country_idx) VALUES (31, 'Tianxing', 2);
INSERT INTO public.cities (id, name, country_idx) VALUES (32, 'Yuyue', 2);
INSERT INTO public.cities (id, name, country_idx) VALUES (33, 'Edosaki', 11);
INSERT INTO public.cities (id, name, country_idx) VALUES (34, 'Haysyn', 18);
INSERT INTO public.cities (id, name, country_idx) VALUES (35, 'Xiaohebian', 2);
INSERT INTO public.cities (id, name, country_idx) VALUES (36, 'San Francisco', 8);
INSERT INTO public.cities (id, name, country_idx) VALUES (37, 'Jinshandian', 2);
INSERT INTO public.cities (id, name, country_idx) VALUES (38, 'Dawang', 2);
INSERT INTO public.cities (id, name, country_idx) VALUES (39, 'Bang Bua Thong', 4);
INSERT INTO public.cities (id, name, country_idx) VALUES (40, 'Lubao', 2);
INSERT INTO public.cities (id, name, country_idx) VALUES (41, 'Xiongchi', 2);
INSERT INTO public.cities (id, name, country_idx) VALUES (42, 'Izumi', 11);
INSERT INTO public.cities (id, name, country_idx) VALUES (43, 'Lille', 5);
INSERT INTO public.cities (id, name, country_idx) VALUES (44, 'Motrico', 8);
INSERT INTO public.cities (id, name, country_idx) VALUES (45, 'Sandnes', 19);
INSERT INTO public.cities (id, name, country_idx) VALUES (46, 'Kortowo', 13);
INSERT INTO public.cities (id, name, country_idx) VALUES (47, 'Khlong Khuean', 4);
INSERT INTO public.cities (id, name, country_idx) VALUES (48, 'Chengbei', 2);
INSERT INTO public.cities (id, name, country_idx) VALUES (49, 'Zhujiachang', 2);
INSERT INTO public.cities (id, name, country_idx) VALUES (50, 'Atães', 21);
INSERT INTO public.cities (id, name, country_idx) VALUES (51, 'Dingbao', 2);
INSERT INTO public.cities (id, name, country_idx) VALUES (52, 'Lucapa', 16);
INSERT INTO public.cities (id, name, country_idx) VALUES (53, 'Cincinnati', 6);
INSERT INTO public.cities (id, name, country_idx) VALUES (54, 'Shunyi', 2);
INSERT INTO public.cities (id, name, country_idx) VALUES (55, 'Aioi', 11);
INSERT INTO public.cities (id, name, country_idx) VALUES (56, 'Balingcanaway', 8);
INSERT INTO public.cities (id, name, country_idx) VALUES (57, 'Zhvanets', 18);
INSERT INTO public.cities (id, name, country_idx) VALUES (58, 'Nantes', 5);
INSERT INTO public.cities (id, name, country_idx) VALUES (59, 'New Orleans', 6);
INSERT INTO public.cities (id, name, country_idx) VALUES (60, 'Korostyshiv', 18);
INSERT INTO public.cities (id, name, country_idx) VALUES (61, 'Kinalansan', 8);
INSERT INTO public.cities (id, name, country_idx) VALUES (62, 'Zhaocun', 2);
INSERT INTO public.cities (id, name, country_idx) VALUES (63, 'Saint Louis', 6);
INSERT INTO public.cities (id, name, country_idx) VALUES (64, 'Mirões', 21);
INSERT INTO public.cities (id, name, country_idx) VALUES (65, 'Wałcz', 13);
INSERT INTO public.cities (id, name, country_idx) VALUES (66, 'Zhoupu', 2);
INSERT INTO public.cities (id, name, country_idx) VALUES (67, 'Huaqiao', 2);
INSERT INTO public.cities (id, name, country_idx) VALUES (68, 'Wellington', 7);
INSERT INTO public.cities (id, name, country_idx) VALUES (69, 'Liulin', 2);
INSERT INTO public.cities (id, name, country_idx) VALUES (70, 'Bronx', 6);
INSERT INTO public.cities (id, name, country_idx) VALUES (71, 'Kolape', 8);
INSERT INTO public.cities (id, name, country_idx) VALUES (72, 'Hongqiao', 2);
INSERT INTO public.cities (id, name, country_idx) VALUES (73, 'Hadano', 11);
INSERT INTO public.cities (id, name, country_idx) VALUES (74, 'Anjia', 2);
INSERT INTO public.cities (id, name, country_idx) VALUES (75, 'Lantian', 2);
INSERT INTO public.cities (id, name, country_idx) VALUES (76, 'Montalegre', 21);
INSERT INTO public.cities (id, name, country_idx) VALUES (77, 'Corona', 6);
INSERT INTO public.cities (id, name, country_idx) VALUES (78, 'Panzhou', 2);
INSERT INTO public.cities (id, name, country_idx) VALUES (79, 'Yunfu', 2);
INSERT INTO public.cities (id, name, country_idx) VALUES (80, 'La Plaine-Saint-Denis', 5);
INSERT INTO public.cities (id, name, country_idx) VALUES (81, 'Bingawan', 8);
INSERT INTO public.cities (id, name, country_idx) VALUES (82, 'Silihe', 2);
INSERT INTO public.cities (id, name, country_idx) VALUES (83, 'Dinaig', 8);
INSERT INTO public.cities (id, name, country_idx) VALUES (84, 'Bodø', 19);
INSERT INTO public.cities (id, name, country_idx) VALUES (85, 'Velas', 21);
INSERT INTO public.cities (id, name, country_idx) VALUES (86, 'Carpiquet', 5);
INSERT INTO public.cities (id, name, country_idx) VALUES (87, 'Tuanchengshan', 2);
INSERT INTO public.cities (id, name, country_idx) VALUES (88, 'Zhen’an', 2);
INSERT INTO public.cities (id, name, country_idx) VALUES (89, 'Langchuan', 2);
INSERT INTO public.cities (id, name, country_idx) VALUES (90, 'Waitakere', 7);
INSERT INTO public.cities (id, name, country_idx) VALUES (91, 'Har-Us', 20);
INSERT INTO public.cities (id, name, country_idx) VALUES (92, 'Daxi', 2);
INSERT INTO public.cities (id, name, country_idx) VALUES (93, 'Härnösand', 14);
INSERT INTO public.cities (id, name, country_idx) VALUES (94, 'Dąbie', 13);
INSERT INTO public.cities (id, name, country_idx) VALUES (95, 'Mengmeng', 2);
INSERT INTO public.cities (id, name, country_idx) VALUES (96, 'Sanjiang', 2);
INSERT INTO public.cities (id, name, country_idx) VALUES (97, 'Nanding', 2);
INSERT INTO public.cities (id, name, country_idx) VALUES (98, 'Fangzheng', 2);
INSERT INTO public.cities (id, name, country_idx) VALUES (99, 'Yunluo', 2);
INSERT INTO public.cities (id, name, country_idx) VALUES (100, 'Qiaodong', 2);
INSERT INTO public.cities (id, name, country_idx) VALUES (101, 'Baoshan', 2);
INSERT INTO public.cities (id, name, country_idx) VALUES (102, 'Kingersheim', 5);
INSERT INTO public.cities (id, name, country_idx) VALUES (103, 'Taohuajiang', 2);
INSERT INTO public.cities (id, name, country_idx) VALUES (104, 'Gaio', 21);
INSERT INTO public.cities (id, name, country_idx) VALUES (105, 'Łazy', 13);
INSERT INTO public.cities (id, name, country_idx) VALUES (106, 'Shipaidong', 2);
INSERT INTO public.cities (id, name, country_idx) VALUES (107, 'Thị Trấn Na Hang', 15);
INSERT INTO public.cities (id, name, country_idx) VALUES (108, 'Oslo', 19);
INSERT INTO public.cities (id, name, country_idx) VALUES (109, 'Tumba', 14);
INSERT INTO public.cities (id, name, country_idx) VALUES (110, 'Ueda', 11);
INSERT INTO public.cities (id, name, country_idx) VALUES (111, 'Sanli', 2);
INSERT INTO public.cities (id, name, country_idx) VALUES (112, 'Shuigou', 2);
INSERT INTO public.cities (id, name, country_idx) VALUES (113, 'Kuroda', 11);
INSERT INTO public.cities (id, name, country_idx) VALUES (115, 'Palanit', 8);
INSERT INTO public.cities (id, name, country_idx) VALUES (116, 'Osielsko', 13);
INSERT INTO public.cities (id, name, country_idx) VALUES (117, 'Tianyi', 2);
INSERT INTO public.cities (id, name, country_idx) VALUES (118, 'Caridad', 8);
INSERT INTO public.cities (id, name, country_idx) VALUES (119, 'Guiwu', 2);
INSERT INTO public.cities (id, name, country_idx) VALUES (120, 'Huangshi', 2);
INSERT INTO public.cities (id, name, country_idx) VALUES (121, 'Dongdu', 2);
INSERT INTO public.cities (id, name, country_idx) VALUES (122, 'Santulhão', 21);
INSERT INTO public.cities (id, name, country_idx) VALUES (123, 'Sigou', 2);
INSERT INTO public.cities (id, name, country_idx) VALUES (124, 'Menuma', 11);
INSERT INTO public.cities (id, name, country_idx) VALUES (125, 'Linhó', 21);
INSERT INTO public.cities (id, name, country_idx) VALUES (126, 'Sobreda', 21);
INSERT INTO public.cities (id, name, country_idx) VALUES (127, 'Nevyts’ke', 18);
INSERT INTO public.cities (id, name, country_idx) VALUES (128, 'Lamduan', 4);
INSERT INTO public.cities (id, name, country_idx) VALUES (129, 'Roanne', 5);
INSERT INTO public.cities (id, name, country_idx) VALUES (130, 'Quán Hành', 15);
INSERT INTO public.cities (id, name, country_idx) VALUES (131, 'Nyköping', 14);
INSERT INTO public.cities (id, name, country_idx) VALUES (132, 'Xindong', 2);
INSERT INTO public.cities (id, name, country_idx) VALUES (133, 'Hukou', 2);
INSERT INTO public.cities (id, name, country_idx) VALUES (134, 'Bërxull', 9);
INSERT INTO public.cities (id, name, country_idx) VALUES (135, 'Meizhou', 2);
INSERT INTO public.cities (id, name, country_idx) VALUES (136, 'Santa Monica', 6);
INSERT INTO public.cities (id, name, country_idx) VALUES (137, 'Rangxi', 2);
INSERT INTO public.cities (id, name, country_idx) VALUES (138, 'Jeffersonville', 6);
INSERT INTO public.cities (id, name, country_idx) VALUES (139, 'Madalena', 21);
INSERT INTO public.cities (id, name, country_idx) VALUES (140, 'Henglishan', 2);
INSERT INTO public.cities (id, name, country_idx) VALUES (141, 'Portela', 21);
INSERT INTO public.cities (id, name, country_idx) VALUES (142, 'Kawasaki', 11);
INSERT INTO public.cities (id, name, country_idx) VALUES (143, 'Foz Giraldo', 21);
INSERT INTO public.cities (id, name, country_idx) VALUES (144, 'Shangyang', 2);
INSERT INTO public.cities (id, name, country_idx) VALUES (145, 'Yonggu', 2);
INSERT INTO public.cities (id, name, country_idx) VALUES (146, 'Dongchong', 2);
INSERT INTO public.cities (id, name, country_idx) VALUES (147, 'Nong Bua', 4);
INSERT INTO public.cities (id, name, country_idx) VALUES (148, 'Lincoln', 6);
INSERT INTO public.cities (id, name, country_idx) VALUES (149, 'La Charité-sur-Loire', 5);
INSERT INTO public.cities (id, name, country_idx) VALUES (150, 'Shuijiang', 2);
INSERT INTO public.cities (id, name, country_idx) VALUES (151, 'Tyresö', 14);
INSERT INTO public.cities (id, name, country_idx) VALUES (180, 'Tongle', 2);
INSERT INTO public.cities (id, name, country_idx) VALUES (181, 'Vitrolles', 5);
INSERT INTO public.cities (id, name, country_idx) VALUES (182, 'Canton', 6);
INSERT INTO public.cities (id, name, country_idx) VALUES (183, 'Villa Aglipay', 8);
INSERT INTO public.cities (id, name, country_idx) VALUES (184, 'Xucheng', 2);
INSERT INTO public.cities (id, name, country_idx) VALUES (185, 'Longxing', 2);
INSERT INTO public.cities (id, name, country_idx) VALUES (186, 'Shuidong', 2);
INSERT INTO public.cities (id, name, country_idx) VALUES (187, 'Palatine', 6);
INSERT INTO public.cities (id, name, country_idx) VALUES (188, 'Sanjiazi', 2);
INSERT INTO public.cities (id, name, country_idx) VALUES (189, 'Tandou', 2);
INSERT INTO public.cities (id, name, country_idx) VALUES (190, 'Paris La Défense', 5);
INSERT INTO public.cities (id, name, country_idx) VALUES (191, 'Sanyang', 2);
INSERT INTO public.cities (id, name, country_idx) VALUES (192, 'Linjiang', 2);
INSERT INTO public.cities (id, name, country_idx) VALUES (193, 'Hengxi', 2);
INSERT INTO public.cities (id, name, country_idx) VALUES (194, 'Longhu', 2);
INSERT INTO public.cities (id, name, country_idx) VALUES (195, 'Wysoka', 13);
INSERT INTO public.cities (id, name, country_idx) VALUES (196, 'Panikihan', 8);
INSERT INTO public.cities (id, name, country_idx) VALUES (197, 'Fuli', 2);
INSERT INTO public.cities (id, name, country_idx) VALUES (198, 'Jingzhou', 2);
INSERT INTO public.cities (id, name, country_idx) VALUES (199, 'Tangnan', 2);
INSERT INTO public.cities (id, name, country_idx) VALUES (200, 'Göteborg', 14);
INSERT INTO public.cities (id, name, country_idx) VALUES (201, 'Daxing', 2);
INSERT INTO public.cities (id, name, country_idx) VALUES (202, 'Catbalogan', 8);
INSERT INTO public.cities (id, name, country_idx) VALUES (203, 'Hiratachō', 11);
INSERT INTO public.cities (id, name, country_idx) VALUES (204, 'Xiangshui', 2);
INSERT INTO public.cities (id, name, country_idx) VALUES (205, 'Dongfanghong', 2);
INSERT INTO public.cities (id, name, country_idx) VALUES (206, 'Portela', 21);
INSERT INTO public.cities (id, name, country_idx) VALUES (207, 'Laizhou', 2);
INSERT INTO public.cities (id, name, country_idx) VALUES (208, 'Compiègne', 5);
INSERT INTO public.cities (id, name, country_idx) VALUES (209, 'Erba', 2);
INSERT INTO public.cities (id, name, country_idx) VALUES (210, 'Huangrangping', 2);
INSERT INTO public.cities (id, name, country_idx) VALUES (211, 'Bunog', 8);
INSERT INTO public.cities (id, name, country_idx) VALUES (212, 'Jietou', 2);
INSERT INTO public.cities (id, name, country_idx) VALUES (213, 'Longkou', 2);
INSERT INTO public.cities (id, name, country_idx) VALUES (214, 'Milaor', 8);
INSERT INTO public.cities (id, name, country_idx) VALUES (215, 'Ban Ko Lan', 4);
INSERT INTO public.cities (id, name, country_idx) VALUES (216, 'Huancheng', 2);
INSERT INTO public.cities (id, name, country_idx) VALUES (217, 'Jiangning', 2);
INSERT INTO public.cities (id, name, country_idx) VALUES (218, 'Kaeng Khoi', 4);
INSERT INTO public.cities (id, name, country_idx) VALUES (219, 'West Hartford', 6);
INSERT INTO public.cities (id, name, country_idx) VALUES (220, 'Yoshii', 11);
INSERT INTO public.cities (id, name, country_idx) VALUES (221, 'Bonneuil-sur-Marne', 5);
INSERT INTO public.cities (id, name, country_idx) VALUES (222, 'Abucay', 8);
INSERT INTO public.cities (id, name, country_idx) VALUES (223, 'Hake', 2);
INSERT INTO public.cities (id, name, country_idx) VALUES (224, 'Ueki', 11);
INSERT INTO public.cities (id, name, country_idx) VALUES (225, 'Donghu', 2);
INSERT INTO public.cities (id, name, country_idx) VALUES (226, 'Nhà Bàng', 15);
INSERT INTO public.cities (id, name, country_idx) VALUES (227, 'Ostrowite', 13);
INSERT INTO public.cities (id, name, country_idx) VALUES (228, 'Zhenlong', 2);
INSERT INTO public.cities (id, name, country_idx) VALUES (229, 'Banos', 8);
INSERT INTO public.cities (id, name, country_idx) VALUES (230, 'Huangzhuang', 2);
INSERT INTO public.cities (id, name, country_idx) VALUES (231, 'Choszczno', 13);
INSERT INTO public.cities (id, name, country_idx) VALUES (232, 'Huashu', 2);
INSERT INTO public.cities (id, name, country_idx) VALUES (233, 'Norrtälje', 14);
INSERT INTO public.cities (id, name, country_idx) VALUES (234, 'Feicheng', 2);
INSERT INTO public.cities (id, name, country_idx) VALUES (235, 'Pakuranga', 7);
INSERT INTO public.cities (id, name, country_idx) VALUES (236, 'Söderhamn', 14);
INSERT INTO public.cities (id, name, country_idx) VALUES (237, 'Trollhättan', 14);
INSERT INTO public.cities (id, name, country_idx) VALUES (238, 'Borås', 14);
INSERT INTO public.cities (id, name, country_idx) VALUES (239, 'Bayombong', 8);
INSERT INTO public.cities (id, name, country_idx) VALUES (240, 'Tiền Hải', 15);
INSERT INTO public.cities (id, name, country_idx) VALUES (241, 'Tân Hiệp', 15);
INSERT INTO public.cities (id, name, country_idx) VALUES (242, 'Zhenxi', 2);
INSERT INTO public.cities (id, name, country_idx) VALUES (243, 'Arras', 5);
INSERT INTO public.cities (id, name, country_idx) VALUES (244, 'Besançon', 5);
INSERT INTO public.cities (id, name, country_idx) VALUES (245, 'Leśnica', 13);
INSERT INTO public.cities (id, name, country_idx) VALUES (246, 'Vårby', 14);
INSERT INTO public.cities (id, name, country_idx) VALUES (247, 'Quilo-quilo', 8);
INSERT INTO public.cities (id, name, country_idx) VALUES (248, 'Daijiaba', 2);
INSERT INTO public.cities (id, name, country_idx) VALUES (249, 'Abade de Neiva', 21);
INSERT INTO public.cities (id, name, country_idx) VALUES (250, 'Pochayiv', 18);
INSERT INTO public.cities (id, name, country_idx) VALUES (251, 'Zlynka', 18);
INSERT INTO public.cities (id, name, country_idx) VALUES (252, 'Shapa', 2);
INSERT INTO public.cities (id, name, country_idx) VALUES (253, 'Jizhou', 2);
INSERT INTO public.cities (id, name, country_idx) VALUES (254, 'Bjuv', 14);
INSERT INTO public.cities (id, name, country_idx) VALUES (255, 'Chengjiao', 2);
INSERT INTO public.cities (id, name, country_idx) VALUES (256, 'Alvesta', 14);
INSERT INTO public.cities (id, name, country_idx) VALUES (257, 'Strömsund', 14);
INSERT INTO public.cities (id, name, country_idx) VALUES (258, 'Ystad', 14);
INSERT INTO public.cities (id, name, country_idx) VALUES (259, 'Göteborg', 14);
INSERT INTO public.cities (id, name, country_idx) VALUES (260, 'Skwierzyna', 13);
INSERT INTO public.cities (id, name, country_idx) VALUES (261, 'Créteil', 5);
INSERT INTO public.cities (id, name, country_idx) VALUES (262, 'Ermidas do Sado', 21);
INSERT INTO public.cities (id, name, country_idx) VALUES (263, 'Yujiawu', 2);
INSERT INTO public.cities (id, name, country_idx) VALUES (264, 'Mae Sai', 4);
INSERT INTO public.cities (id, name, country_idx) VALUES (265, 'Yongheshi', 2);
INSERT INTO public.cities (id, name, country_idx) VALUES (266, 'Rokietnica', 13);
INSERT INTO public.cities (id, name, country_idx) VALUES (267, 'Nacka', 14);
INSERT INTO public.cities (id, name, country_idx) VALUES (268, 'Tianyu', 2);
INSERT INTO public.cities (id, name, country_idx) VALUES (269, 'Yūki', 11);
INSERT INTO public.cities (id, name, country_idx) VALUES (270, 'Lizhuang', 2);
INSERT INTO public.cities (id, name, country_idx) VALUES (271, 'Balogo', 8);
INSERT INTO public.cities (id, name, country_idx) VALUES (272, 'Hanjia', 2);
INSERT INTO public.cities (id, name, country_idx) VALUES (273, 'Campo Maior', 21);
INSERT INTO public.cities (id, name, country_idx) VALUES (274, 'Szydłowo', 13);
INSERT INTO public.cities (id, name, country_idx) VALUES (275, 'Escola', 21);
INSERT INTO public.cities (id, name, country_idx) VALUES (276, 'Hainan', 2);
INSERT INTO public.cities (id, name, country_idx) VALUES (277, 'Panadtaban', 8);
INSERT INTO public.cities (id, name, country_idx) VALUES (278, 'Jiangdianzi', 2);
INSERT INTO public.cities (id, name, country_idx) VALUES (279, 'Oslo', 19);
INSERT INTO public.cities (id, name, country_idx) VALUES (280, 'Johanneshov', 14);
INSERT INTO public.cities (id, name, country_idx) VALUES (281, 'Wudabao', 2);
INSERT INTO public.cities (id, name, country_idx) VALUES (282, 'Oklahoma City', 6);
INSERT INTO public.cities (id, name, country_idx) VALUES (283, 'Bandhagen', 14);
INSERT INTO public.cities (id, name, country_idx) VALUES (284, 'Culacling', 8);
INSERT INTO public.cities (id, name, country_idx) VALUES (285, 'Futuroscope', 5);
INSERT INTO public.cities (id, name, country_idx) VALUES (286, 'Ziyuan', 2);
INSERT INTO public.cities (id, name, country_idx) VALUES (287, 'Krzepice', 13);
INSERT INTO public.cities (id, name, country_idx) VALUES (288, 'Shanghu', 2);
INSERT INTO public.cities (id, name, country_idx) VALUES (289, 'Tsetsegnuur', 20);
INSERT INTO public.cities (id, name, country_idx) VALUES (290, 'Sparks', 6);
INSERT INTO public.cities (id, name, country_idx) VALUES (291, 'Wenheng', 2);
INSERT INTO public.cities (id, name, country_idx) VALUES (292, 'Giyon', 17);
INSERT INTO public.cities (id, name, country_idx) VALUES (293, 'Changliang', 2);
INSERT INTO public.cities (id, name, country_idx) VALUES (294, 'Lorient', 5);
INSERT INTO public.cities (id, name, country_idx) VALUES (295, 'Abuyog', 8);
INSERT INTO public.cities (id, name, country_idx) VALUES (296, 'Wujing', 2);
INSERT INTO public.cities (id, name, country_idx) VALUES (297, 'Tsybulevka', 18);
INSERT INTO public.cities (id, name, country_idx) VALUES (298, 'Yingyang', 2);
INSERT INTO public.cities (id, name, country_idx) VALUES (299, 'Valbo', 14);
INSERT INTO public.cities (id, name, country_idx) VALUES (300, 'Lille', 5);
INSERT INTO public.cities (id, name, country_idx) VALUES (301, 'Złotniki', 13);
INSERT INTO public.cities (id, name, country_idx) VALUES (302, 'Trollhättan', 14);
INSERT INTO public.cities (id, name, country_idx) VALUES (303, 'Haibara', 11);
INSERT INTO public.cities (id, name, country_idx) VALUES (304, 'Jincheng', 2);
INSERT INTO public.cities (id, name, country_idx) VALUES (305, 'Na Di', 4);
INSERT INTO public.cities (id, name, country_idx) VALUES (306, 'Le Teil', 5);
INSERT INTO public.cities (id, name, country_idx) VALUES (307, 'Gaoshi', 2);
INSERT INTO public.cities (id, name, country_idx) VALUES (308, 'Chiang Rai', 4);
INSERT INTO public.cities (id, name, country_idx) VALUES (309, 'Skaryszew', 13);
INSERT INTO public.cities (id, name, country_idx) VALUES (310, 'Toshkivka', 18);
INSERT INTO public.cities (id, name, country_idx) VALUES (311, 'Pruszków', 13);
INSERT INTO public.cities (id, name, country_idx) VALUES (312, 'Guanfang', 2);
INSERT INTO public.cities (id, name, country_idx) VALUES (313, 'Ponte', 21);
INSERT INTO public.cities (id, name, country_idx) VALUES (314, 'Thị Trấn Thọ Xuân', 15);
INSERT INTO public.cities (id, name, country_idx) VALUES (315, 'Apt', 5);
INSERT INTO public.cities (id, name, country_idx) VALUES (316, 'Łącko', 13);
INSERT INTO public.cities (id, name, country_idx) VALUES (317, 'San Miguel', 8);
INSERT INTO public.cities (id, name, country_idx) VALUES (318, 'Haikoudajie', 2);
INSERT INTO public.cities (id, name, country_idx) VALUES (319, 'Oroin Xibe', 2);
INSERT INTO public.cities (id, name, country_idx) VALUES (320, 'Malian', 2);
INSERT INTO public.cities (id, name, country_idx) VALUES (321, 'Huaidian', 2);
INSERT INTO public.cities (id, name, country_idx) VALUES (322, 'Junyang', 2);
INSERT INTO public.cities (id, name, country_idx) VALUES (323, 'Cardona', 8);
INSERT INTO public.cities (id, name, country_idx) VALUES (324, 'New Orleans', 6);
INSERT INTO public.cities (id, name, country_idx) VALUES (325, 'Lengshuitan', 2);
INSERT INTO public.cities (id, name, country_idx) VALUES (326, 'Seattle', 6);
INSERT INTO public.cities (id, name, country_idx) VALUES (327, 'Cortez', 8);
INSERT INTO public.cities (id, name, country_idx) VALUES (328, 'Hongqi', 2);
INSERT INTO public.cities (id, name, country_idx) VALUES (329, 'Qinghe', 2);
INSERT INTO public.cities (id, name, country_idx) VALUES (330, 'Giyon', 17);
INSERT INTO public.cities (id, name, country_idx) VALUES (331, 'Nam Kliang', 4);
INSERT INTO public.cities (id, name, country_idx) VALUES (332, 'Kharkhorin', 20);
INSERT INTO public.cities (id, name, country_idx) VALUES (333, 'Bairro Assunção Piedade', 21);
INSERT INTO public.cities (id, name, country_idx) VALUES (334, 'Spånga', 14);
INSERT INTO public.cities (id, name, country_idx) VALUES (335, 'Stockholm', 14);
INSERT INTO public.cities (id, name, country_idx) VALUES (336, 'Colorado Springs', 6);
INSERT INTO public.cities (id, name, country_idx) VALUES (337, 'Mitake', 11);
INSERT INTO public.cities (id, name, country_idx) VALUES (338, 'Poroçan', 9);
INSERT INTO public.cities (id, name, country_idx) VALUES (339, 'Matviyivka', 18);
INSERT INTO public.cities (id, name, country_idx) VALUES (340, 'Silgueiros', 21);
INSERT INTO public.cities (id, name, country_idx) VALUES (341, 'Rzepiennik Strzyżewski', 13);
INSERT INTO public.cities (id, name, country_idx) VALUES (342, 'Iligan City', 8);
INSERT INTO public.cities (id, name, country_idx) VALUES (343, 'Borlänge', 14);
INSERT INTO public.cities (id, name, country_idx) VALUES (344, 'Reno', 6);
INSERT INTO public.cities (id, name, country_idx) VALUES (345, 'Maojiadian', 2);
INSERT INTO public.cities (id, name, country_idx) VALUES (346, 'Wyszków', 13);
INSERT INTO public.cities (id, name, country_idx) VALUES (347, 'Mengxi', 2);
INSERT INTO public.cities (id, name, country_idx) VALUES (348, 'Ängelholm', 14);
INSERT INTO public.cities (id, name, country_idx) VALUES (349, 'Muladbucad', 8);
INSERT INTO public.cities (id, name, country_idx) VALUES (350, 'Gucheng', 2);
INSERT INTO public.cities (id, name, country_idx) VALUES (351, 'Kunyang', 2);
INSERT INTO public.cities (id, name, country_idx) VALUES (352, 'Stockholm', 14);
INSERT INTO public.cities (id, name, country_idx) VALUES (353, 'Chuoyuan', 2);
INSERT INTO public.cities (id, name, country_idx) VALUES (354, 'General Santos', 8);
INSERT INTO public.cities (id, name, country_idx) VALUES (355, 'Libofshë', 9);
INSERT INTO public.cities (id, name, country_idx) VALUES (356, 'Yongfu', 2);
INSERT INTO public.cities (id, name, country_idx) VALUES (357, 'Dongfanghong', 2);
INSERT INTO public.cities (id, name, country_idx) VALUES (358, 'Castañas', 8);
INSERT INTO public.cities (id, name, country_idx) VALUES (359, 'Futuroscope', 5);
INSERT INTO public.cities (id, name, country_idx) VALUES (360, 'Zabrze', 13);
INSERT INTO public.cities (id, name, country_idx) VALUES (361, 'Witkowo', 13);
INSERT INTO public.cities (id, name, country_idx) VALUES (362, 'Pathum Ratchawongsa', 4);
INSERT INTO public.cities (id, name, country_idx) VALUES (363, 'Laylay', 8);
INSERT INTO public.cities (id, name, country_idx) VALUES (364, 'Herrera', 8);
INSERT INTO public.cities (id, name, country_idx) VALUES (365, 'Olofström', 14);
INSERT INTO public.cities (id, name, country_idx) VALUES (366, 'Domaniewice', 13);
INSERT INTO public.cities (id, name, country_idx) VALUES (367, 'Jiangkou', 2);
INSERT INTO public.cities (id, name, country_idx) VALUES (368, 'Duqiong', 2);
INSERT INTO public.cities (id, name, country_idx) VALUES (369, 'Nîmes', 5);
INSERT INTO public.cities (id, name, country_idx) VALUES (370, 'Yashao', 2);
INSERT INTO public.cities (id, name, country_idx) VALUES (371, 'Qiaotou', 2);
INSERT INTO public.cities (id, name, country_idx) VALUES (372, 'Serh', 2);
INSERT INTO public.cities (id, name, country_idx) VALUES (373, 'Prochowice', 13);
INSERT INTO public.cities (id, name, country_idx) VALUES (374, 'Prakhon Chai', 4);
INSERT INTO public.cities (id, name, country_idx) VALUES (375, 'Solna', 14);
INSERT INTO public.cities (id, name, country_idx) VALUES (376, 'Phu Luang', 4);
INSERT INTO public.cities (id, name, country_idx) VALUES (377, 'Cergy-Pontoise', 5);
INSERT INTO public.cities (id, name, country_idx) VALUES (378, 'Hangwula', 2);
INSERT INTO public.cities (id, name, country_idx) VALUES (379, 'Dongjiao', 2);
INSERT INTO public.cities (id, name, country_idx) VALUES (380, 'Baihua', 2);
INSERT INTO public.cities (id, name, country_idx) VALUES (381, 'Lansing', 6);
INSERT INTO public.cities (id, name, country_idx) VALUES (382, 'Alès', 5);
INSERT INTO public.cities (id, name, country_idx) VALUES (383, 'Duotian', 2);
INSERT INTO public.cities (id, name, country_idx) VALUES (384, 'Ha’erlong', 2);
INSERT INTO public.cities (id, name, country_idx) VALUES (385, 'Mengla', 2);
INSERT INTO public.cities (id, name, country_idx) VALUES (386, 'Huangtan', 2);
INSERT INTO public.cities (id, name, country_idx) VALUES (387, 'Shuishi', 2);
INSERT INTO public.cities (id, name, country_idx) VALUES (388, 'Yushan', 2);
INSERT INTO public.cities (id, name, country_idx) VALUES (389, 'Ban Selaphum', 4);
INSERT INTO public.cities (id, name, country_idx) VALUES (390, 'Barayong', 8);
INSERT INTO public.cities (id, name, country_idx) VALUES (391, 'Paitan', 8);
INSERT INTO public.cities (id, name, country_idx) VALUES (392, 'Huta Stara B', 13);
INSERT INTO public.cities (id, name, country_idx) VALUES (393, 'Hartford', 6);
INSERT INTO public.cities (id, name, country_idx) VALUES (394, 'Luntai', 2);
INSERT INTO public.cities (id, name, country_idx) VALUES (395, 'Marseille', 5);
INSERT INTO public.cities (id, name, country_idx) VALUES (396, 'Kashima-shi', 11);
INSERT INTO public.cities (id, name, country_idx) VALUES (397, 'Hechuan', 2);
INSERT INTO public.cities (id, name, country_idx) VALUES (398, 'Himaya', 8);
INSERT INTO public.cities (id, name, country_idx) VALUES (399, 'Tielou', 2);
INSERT INTO public.cities (id, name, country_idx) VALUES (400, 'Kanoya', 11);
INSERT INTO public.cities (id, name, country_idx) VALUES (114, 'Xugu', 2);
INSERT INTO public.cities (id, name, country_idx) VALUES (152, 'Corvite', 21);
INSERT INTO public.cities (id, name, country_idx) VALUES (153, 'Hebu', 2);
INSERT INTO public.cities (id, name, country_idx) VALUES (154, 'Andop', 8);
INSERT INTO public.cities (id, name, country_idx) VALUES (155, 'Chengdong', 2);
INSERT INTO public.cities (id, name, country_idx) VALUES (156, 'Dongfeng', 2);
INSERT INTO public.cities (id, name, country_idx) VALUES (157, 'Blinsung', 8);
INSERT INTO public.cities (id, name, country_idx) VALUES (158, 'Deje', 14);
INSERT INTO public.cities (id, name, country_idx) VALUES (159, 'Markivka', 18);
INSERT INTO public.cities (id, name, country_idx) VALUES (160, 'Wenci', 2);
INSERT INTO public.cities (id, name, country_idx) VALUES (161, 'Rochester', 6);
INSERT INTO public.cities (id, name, country_idx) VALUES (162, 'Fukushima-shi', 11);
INSERT INTO public.cities (id, name, country_idx) VALUES (163, 'Zhongzhai', 2);
INSERT INTO public.cities (id, name, country_idx) VALUES (164, 'Baziqiao', 2);
INSERT INTO public.cities (id, name, country_idx) VALUES (165, 'San Antonio', 6);
INSERT INTO public.cities (id, name, country_idx) VALUES (166, 'Handegate', 2);
INSERT INTO public.cities (id, name, country_idx) VALUES (167, 'Liberia', 12);
INSERT INTO public.cities (id, name, country_idx) VALUES (168, 'Guihing Proper', 8);
INSERT INTO public.cities (id, name, country_idx) VALUES (169, 'Jianqiao', 2);
INSERT INTO public.cities (id, name, country_idx) VALUES (170, 'Nong Kung Si', 4);
INSERT INTO public.cities (id, name, country_idx) VALUES (171, 'Jiangna', 2);
INSERT INTO public.cities (id, name, country_idx) VALUES (172, 'Malhou', 21);
INSERT INTO public.cities (id, name, country_idx) VALUES (173, 'Tayirove', 18);
INSERT INTO public.cities (id, name, country_idx) VALUES (174, 'Fontenay-sous-Bois', 5);
INSERT INTO public.cities (id, name, country_idx) VALUES (175, 'Ochojno', 13);
INSERT INTO public.cities (id, name, country_idx) VALUES (176, 'Guangpu', 2);
INSERT INTO public.cities (id, name, country_idx) VALUES (177, 'Beishan', 2);
INSERT INTO public.cities (id, name, country_idx) VALUES (178, 'Litan', 2);
INSERT INTO public.cities (id, name, country_idx) VALUES (179, 'Duut', 20);

-- Airports
create table airports
(
    id         serial  not null
        constraint airports_pk
            primary key,
    name       varchar(255),
    short_code varchar(3),
    city_idx   integer not null
        constraint city_fk
            references cities
);

alter table airports
    owner to postgres;

INSERT INTO public.airports (id, name, short_code, city_idx) VALUES (1, 'Hanover', 'FSA', 222);
INSERT INTO public.airports (id, name, short_code, city_idx) VALUES (2, 'Bay', 'FNH', 397);
INSERT INTO public.airports (id, name, short_code, city_idx) VALUES (3, 'Rigney', 'ZGC', 178);
INSERT INTO public.airports (id, name, short_code, city_idx) VALUES (4, 'Arizona', 'VZR', 14);
INSERT INTO public.airports (id, name, short_code, city_idx) VALUES (5, 'Holmberg', 'BSA', 155);
INSERT INTO public.airports (id, name, short_code, city_idx) VALUES (6, 'Porter', 'LES', 386);
INSERT INTO public.airports (id, name, short_code, city_idx) VALUES (7, '6th', 'BSD', 280);
INSERT INTO public.airports (id, name, short_code, city_idx) VALUES (8, 'Oneill', 'UXO', 297);
INSERT INTO public.airports (id, name, short_code, city_idx) VALUES (9, 'Burning Wood', 'DZU', 302);
INSERT INTO public.airports (id, name, short_code, city_idx) VALUES (10, 'Mifflin', 'IVL', 13);
INSERT INTO public.airports (id, name, short_code, city_idx) VALUES (11, '5th', 'SDY', 64);
INSERT INTO public.airports (id, name, short_code, city_idx) VALUES (12, 'Northport', 'QIG', 326);
INSERT INTO public.airports (id, name, short_code, city_idx) VALUES (13, 'Waxwing', 'TWI', 107);
INSERT INTO public.airports (id, name, short_code, city_idx) VALUES (14, 'Morrow', 'DGB', 248);
INSERT INTO public.airports (id, name, short_code, city_idx) VALUES (15, 'Lindbergh', 'XYA', 75);
INSERT INTO public.airports (id, name, short_code, city_idx) VALUES (16, 'Spaight', 'MHZ', 151);
INSERT INTO public.airports (id, name, short_code, city_idx) VALUES (17, 'Oxford', 'TWA', 87);
INSERT INTO public.airports (id, name, short_code, city_idx) VALUES (18, 'Welch', 'JSZ', 267);
INSERT INTO public.airports (id, name, short_code, city_idx) VALUES (19, 'Debra', 'XAL', 147);
INSERT INTO public.airports (id, name, short_code, city_idx) VALUES (20, 'Green Ridge', 'DAV', 93);
INSERT INTO public.airports (id, name, short_code, city_idx) VALUES (21, 'Park Meadow', 'BHV', 66);
INSERT INTO public.airports (id, name, short_code, city_idx) VALUES (22, 'Rowland', 'UOB', 400);
INSERT INTO public.airports (id, name, short_code, city_idx) VALUES (23, 'Lerdahl', 'ZQZ', 100);
INSERT INTO public.airports (id, name, short_code, city_idx) VALUES (24, 'Scott', 'GEP', 37);
INSERT INTO public.airports (id, name, short_code, city_idx) VALUES (25, 'Northfield', 'ZLS', 109);
INSERT INTO public.airports (id, name, short_code, city_idx) VALUES (26, 'Towne', 'BDO', 354);
INSERT INTO public.airports (id, name, short_code, city_idx) VALUES (27, 'Amoth', 'VLR', 93);
INSERT INTO public.airports (id, name, short_code, city_idx) VALUES (28, 'Lillian', 'FJF', 344);
INSERT INTO public.airports (id, name, short_code, city_idx) VALUES (29, 'Spenser', 'ZQO', 181);
INSERT INTO public.airports (id, name, short_code, city_idx) VALUES (30, 'Crescent Oaks', 'UME', 285);
INSERT INTO public.airports (id, name, short_code, city_idx) VALUES (31, 'Bartillon', 'LXH', 165);
INSERT INTO public.airports (id, name, short_code, city_idx) VALUES (32, '2nd', 'MFK', 400);
INSERT INTO public.airports (id, name, short_code, city_idx) VALUES (33, 'Melby', 'GQR', 60);
INSERT INTO public.airports (id, name, short_code, city_idx) VALUES (34, '3rd', 'WMY', 172);
INSERT INTO public.airports (id, name, short_code, city_idx) VALUES (35, 'Grasskamp', 'JYK', 95);
INSERT INTO public.airports (id, name, short_code, city_idx) VALUES (36, 'Meadow Vale', 'ZPJ', 192);
INSERT INTO public.airports (id, name, short_code, city_idx) VALUES (37, 'Northland', 'QVI', 183);
INSERT INTO public.airports (id, name, short_code, city_idx) VALUES (38, '1st', 'TUM', 171);
INSERT INTO public.airports (id, name, short_code, city_idx) VALUES (39, 'Hooker', 'ISH', 169);
INSERT INTO public.airports (id, name, short_code, city_idx) VALUES (40, 'Old Shore', 'HTF', 18);
INSERT INTO public.airports (id, name, short_code, city_idx) VALUES (41, 'Iowa', 'TOP', 30);
INSERT INTO public.airports (id, name, short_code, city_idx) VALUES (42, '8th', 'ZBI', 357);
INSERT INTO public.airports (id, name, short_code, city_idx) VALUES (43, 'Birchwood', 'IFD', 389);
INSERT INTO public.airports (id, name, short_code, city_idx) VALUES (44, 'Evergreen', 'MPE', 314);
INSERT INTO public.airports (id, name, short_code, city_idx) VALUES (45, 'Banding', 'AKX', 97);
INSERT INTO public.airports (id, name, short_code, city_idx) VALUES (46, 'Corben', 'IXV', 290);
INSERT INTO public.airports (id, name, short_code, city_idx) VALUES (47, 'Almo', 'AOK', 204);
INSERT INTO public.airports (id, name, short_code, city_idx) VALUES (48, 'Di Loreto', 'LTR', 139);
INSERT INTO public.airports (id, name, short_code, city_idx) VALUES (49, 'Steensland', 'JUZ', 297);
INSERT INTO public.airports (id, name, short_code, city_idx) VALUES (50, 'Marcy', 'ENM', 58);
INSERT INTO public.airports (id, name, short_code, city_idx) VALUES (51, 'Sloan', 'AFY', 25);
INSERT INTO public.airports (id, name, short_code, city_idx) VALUES (52, 'Petterle', 'MSW', 19);
INSERT INTO public.airports (id, name, short_code, city_idx) VALUES (53, 'Ridgeway', 'DNH', 351);
INSERT INTO public.airports (id, name, short_code, city_idx) VALUES (54, '5th', 'CZQ', 296);
INSERT INTO public.airports (id, name, short_code, city_idx) VALUES (55, 'Garrison', 'PDF', 106);
INSERT INTO public.airports (id, name, short_code, city_idx) VALUES (56, 'Bluestem', 'FFU', 125);
INSERT INTO public.airports (id, name, short_code, city_idx) VALUES (57, 'Green Ridge', 'OID', 207);
INSERT INTO public.airports (id, name, short_code, city_idx) VALUES (58, 'Del Mar', 'QYQ', 216);
INSERT INTO public.airports (id, name, short_code, city_idx) VALUES (59, 'Londonderry', 'ZFR', 275);
INSERT INTO public.airports (id, name, short_code, city_idx) VALUES (60, 'Hudson', 'HXB', 199);
INSERT INTO public.airports (id, name, short_code, city_idx) VALUES (61, 'Dixon', 'NYY', 304);
INSERT INTO public.airports (id, name, short_code, city_idx) VALUES (62, 'Kennedy', 'WMI', 289);
INSERT INTO public.airports (id, name, short_code, city_idx) VALUES (63, '1st', 'XSU', 33);
INSERT INTO public.airports (id, name, short_code, city_idx) VALUES (64, 'Lillian', 'TXS', 332);
INSERT INTO public.airports (id, name, short_code, city_idx) VALUES (65, 'Fieldstone', 'MLJ', 105);
INSERT INTO public.airports (id, name, short_code, city_idx) VALUES (66, 'School', 'YQS', 269);
INSERT INTO public.airports (id, name, short_code, city_idx) VALUES (67, 'Hintze', 'YHD', 205);
INSERT INTO public.airports (id, name, short_code, city_idx) VALUES (68, 'Grasskamp', 'RSX', 273);
INSERT INTO public.airports (id, name, short_code, city_idx) VALUES (69, 'Fairview', 'JSZ', 330);
INSERT INTO public.airports (id, name, short_code, city_idx) VALUES (70, 'Waubesa', 'BKN', 178);
INSERT INTO public.airports (id, name, short_code, city_idx) VALUES (71, 'Anniversary', 'BHF', 362);
INSERT INTO public.airports (id, name, short_code, city_idx) VALUES (72, 'Logan', 'ODH', 265);
INSERT INTO public.airports (id, name, short_code, city_idx) VALUES (73, 'Waxwing', 'YXR', 214);
INSERT INTO public.airports (id, name, short_code, city_idx) VALUES (74, '5th', 'LSZ', 12);
INSERT INTO public.airports (id, name, short_code, city_idx) VALUES (75, 'Moulton', 'XCP', 357);
INSERT INTO public.airports (id, name, short_code, city_idx) VALUES (76, 'Westend', 'XMO', 46);
INSERT INTO public.airports (id, name, short_code, city_idx) VALUES (77, 'Loeprich', 'QLA', 348);
INSERT INTO public.airports (id, name, short_code, city_idx) VALUES (78, 'Old Gate', 'CAV', 288);
INSERT INTO public.airports (id, name, short_code, city_idx) VALUES (79, 'Cottonwood', 'OLQ', 73);
INSERT INTO public.airports (id, name, short_code, city_idx) VALUES (80, 'Lake View', 'ZPF', 400);
INSERT INTO public.airports (id, name, short_code, city_idx) VALUES (81, 'Beilfuss', 'WXL', 350);
INSERT INTO public.airports (id, name, short_code, city_idx) VALUES (82, 'Chinook', 'BUY', 251);
INSERT INTO public.airports (id, name, short_code, city_idx) VALUES (83, 'Nelson', 'EQY', 86);
INSERT INTO public.airports (id, name, short_code, city_idx) VALUES (84, 'Northview', 'SAG', 14);
INSERT INTO public.airports (id, name, short_code, city_idx) VALUES (85, 'Knutson', 'OAA', 129);
INSERT INTO public.airports (id, name, short_code, city_idx) VALUES (86, 'Mayfield', 'WJO', 275);
INSERT INTO public.airports (id, name, short_code, city_idx) VALUES (87, 'David', 'GLY', 224);
INSERT INTO public.airports (id, name, short_code, city_idx) VALUES (88, 'Lindbergh', 'FXI', 128);
INSERT INTO public.airports (id, name, short_code, city_idx) VALUES (89, 'Farwell', 'DYE', 170);
INSERT INTO public.airports (id, name, short_code, city_idx) VALUES (90, 'Forest Run', 'BQZ', 9);
INSERT INTO public.airports (id, name, short_code, city_idx) VALUES (91, 'Dovetail', 'ONP', 384);
INSERT INTO public.airports (id, name, short_code, city_idx) VALUES (92, 'Mesta', 'NAJ', 171);
INSERT INTO public.airports (id, name, short_code, city_idx) VALUES (93, 'Lindbergh', 'OKP', 16);
INSERT INTO public.airports (id, name, short_code, city_idx) VALUES (94, 'Loomis', 'HJH', 339);
INSERT INTO public.airports (id, name, short_code, city_idx) VALUES (95, 'Mockingbird', 'QVD', 177);
INSERT INTO public.airports (id, name, short_code, city_idx) VALUES (96, 'Lien', 'SGK', 336);
INSERT INTO public.airports (id, name, short_code, city_idx) VALUES (97, 'Sycamore', 'TUE', 163);
INSERT INTO public.airports (id, name, short_code, city_idx) VALUES (98, 'Sutherland', 'FKL', 129);
INSERT INTO public.airports (id, name, short_code, city_idx) VALUES (99, 'Eagan', 'RXV', 312);
INSERT INTO public.airports (id, name, short_code, city_idx) VALUES (100, 'Golf', 'SWR', 237);
INSERT INTO public.airports (id, name, short_code, city_idx) VALUES (101, 'Dunning', 'KUC', 81);
INSERT INTO public.airports (id, name, short_code, city_idx) VALUES (102, 'American Ash', 'UPO', 167);
INSERT INTO public.airports (id, name, short_code, city_idx) VALUES (103, 'Becker', 'WWD', 224);
INSERT INTO public.airports (id, name, short_code, city_idx) VALUES (104, 'Talisman', 'QBJ', 75);
INSERT INTO public.airports (id, name, short_code, city_idx) VALUES (105, 'Bartillon', 'DLC', 251);
INSERT INTO public.airports (id, name, short_code, city_idx) VALUES (106, 'Michigan', 'HWR', 392);
INSERT INTO public.airports (id, name, short_code, city_idx) VALUES (107, 'Merrick', 'OCD', 150);
INSERT INTO public.airports (id, name, short_code, city_idx) VALUES (108, 'Canary', 'VJO', 47);
INSERT INTO public.airports (id, name, short_code, city_idx) VALUES (109, 'Reindahl', 'PXW', 38);
INSERT INTO public.airports (id, name, short_code, city_idx) VALUES (110, 'Norway Maple', 'MJU', 302);
INSERT INTO public.airports (id, name, short_code, city_idx) VALUES (111, 'Bobwhite', 'HBN', 271);
INSERT INTO public.airports (id, name, short_code, city_idx) VALUES (112, 'Butternut', 'LIG', 276);
INSERT INTO public.airports (id, name, short_code, city_idx) VALUES (113, 'Esker', 'UUN', 189);
INSERT INTO public.airports (id, name, short_code, city_idx) VALUES (114, 'Esker', 'NKM', 387);
INSERT INTO public.airports (id, name, short_code, city_idx) VALUES (115, 'Ruskin', 'YOH', 347);
INSERT INTO public.airports (id, name, short_code, city_idx) VALUES (116, 'Vernon', 'WAK', 6);
INSERT INTO public.airports (id, name, short_code, city_idx) VALUES (117, 'Brown', 'MWP', 125);
INSERT INTO public.airports (id, name, short_code, city_idx) VALUES (118, 'Karstens', 'UUY', 31);
INSERT INTO public.airports (id, name, short_code, city_idx) VALUES (119, 'Lunder', 'ANU', 251);
INSERT INTO public.airports (id, name, short_code, city_idx) VALUES (120, 'Dixon', 'RRP', 388);
INSERT INTO public.airports (id, name, short_code, city_idx) VALUES (121, 'Kipling', 'UGF', 93);
INSERT INTO public.airports (id, name, short_code, city_idx) VALUES (122, 'Browning', 'DME', 69);
INSERT INTO public.airports (id, name, short_code, city_idx) VALUES (123, 'Mosinee', 'EOF', 376);
INSERT INTO public.airports (id, name, short_code, city_idx) VALUES (124, 'Spenser', 'OEK', 185);
INSERT INTO public.airports (id, name, short_code, city_idx) VALUES (125, 'Sachs', 'JYU', 112);
INSERT INTO public.airports (id, name, short_code, city_idx) VALUES (126, 'Logan', 'WTP', 169);
INSERT INTO public.airports (id, name, short_code, city_idx) VALUES (127, 'Lawn', 'NEW', 193);
INSERT INTO public.airports (id, name, short_code, city_idx) VALUES (128, 'Reinke', 'BYA', 115);
INSERT INTO public.airports (id, name, short_code, city_idx) VALUES (129, '3rd', 'RYH', 339);
INSERT INTO public.airports (id, name, short_code, city_idx) VALUES (130, 'Quincy', 'WVD', 224);
INSERT INTO public.airports (id, name, short_code, city_idx) VALUES (131, 'Monterey', 'CCG', 59);
INSERT INTO public.airports (id, name, short_code, city_idx) VALUES (132, 'Lakeland', 'UGF', 136);
INSERT INTO public.airports (id, name, short_code, city_idx) VALUES (133, 'Merrick', 'NNJ', 172);
INSERT INTO public.airports (id, name, short_code, city_idx) VALUES (134, 'Little Fleur', 'BOR', 290);
INSERT INTO public.airports (id, name, short_code, city_idx) VALUES (135, 'Hansons', 'QQG', 3);
INSERT INTO public.airports (id, name, short_code, city_idx) VALUES (136, 'Esch', 'ZHE', 183);
INSERT INTO public.airports (id, name, short_code, city_idx) VALUES (137, 'Mariners Cove', 'MCJ', 26);
INSERT INTO public.airports (id, name, short_code, city_idx) VALUES (138, 'Little Fleur', 'ULG', 26);
INSERT INTO public.airports (id, name, short_code, city_idx) VALUES (139, 'Portage', 'PYM', 341);
INSERT INTO public.airports (id, name, short_code, city_idx) VALUES (140, 'David', 'FHM', 60);
INSERT INTO public.airports (id, name, short_code, city_idx) VALUES (141, 'Walton', 'BMK', 237);
INSERT INTO public.airports (id, name, short_code, city_idx) VALUES (142, 'Messerschmidt', 'MRC', 336);
INSERT INTO public.airports (id, name, short_code, city_idx) VALUES (143, 'Sachs', 'VSG', 214);
INSERT INTO public.airports (id, name, short_code, city_idx) VALUES (144, 'Northland', 'FYA', 390);
INSERT INTO public.airports (id, name, short_code, city_idx) VALUES (145, 'Carberry', 'POH', 69);
INSERT INTO public.airports (id, name, short_code, city_idx) VALUES (146, 'Pearson', 'XKT', 183);
INSERT INTO public.airports (id, name, short_code, city_idx) VALUES (147, 'Kipling', 'GLT', 356);
INSERT INTO public.airports (id, name, short_code, city_idx) VALUES (148, 'Darwin', 'ONM', 30);
INSERT INTO public.airports (id, name, short_code, city_idx) VALUES (149, 'Farmco', 'CDC', 174);
INSERT INTO public.airports (id, name, short_code, city_idx) VALUES (150, 'Farwell', 'ZWA', 353);
INSERT INTO public.airports (id, name, short_code, city_idx) VALUES (151, 'Brown', 'ZXJ', 356);
INSERT INTO public.airports (id, name, short_code, city_idx) VALUES (152, 'Derek', 'DXT', 277);
INSERT INTO public.airports (id, name, short_code, city_idx) VALUES (153, 'Bellgrove', 'LBR', 184);
INSERT INTO public.airports (id, name, short_code, city_idx) VALUES (154, 'Wayridge', 'AOC', 30);
INSERT INTO public.airports (id, name, short_code, city_idx) VALUES (155, 'Farwell', 'KSK', 246);
INSERT INTO public.airports (id, name, short_code, city_idx) VALUES (156, 'Ridgeway', 'PNR', 276);
INSERT INTO public.airports (id, name, short_code, city_idx) VALUES (157, 'Westridge', 'JHQ', 140);
INSERT INTO public.airports (id, name, short_code, city_idx) VALUES (158, 'Rutledge', 'WOD', 105);
INSERT INTO public.airports (id, name, short_code, city_idx) VALUES (159, 'Mandrake', 'KUF', 280);
INSERT INTO public.airports (id, name, short_code, city_idx) VALUES (160, 'Holy Cross', 'UYA', 197);
INSERT INTO public.airports (id, name, short_code, city_idx) VALUES (161, 'Portage', 'JBN', 155);
INSERT INTO public.airports (id, name, short_code, city_idx) VALUES (162, 'Pierstorff', 'FNP', 225);
INSERT INTO public.airports (id, name, short_code, city_idx) VALUES (163, '4th', 'LML', 233);
INSERT INTO public.airports (id, name, short_code, city_idx) VALUES (164, 'Northland', 'WPN', 11);
INSERT INTO public.airports (id, name, short_code, city_idx) VALUES (165, 'Bartelt', 'PZB', 238);
INSERT INTO public.airports (id, name, short_code, city_idx) VALUES (166, 'Ridge Oak', 'LPL', 42);
INSERT INTO public.airports (id, name, short_code, city_idx) VALUES (167, 'Claremont', 'RDI', 117);
INSERT INTO public.airports (id, name, short_code, city_idx) VALUES (168, 'Shoshone', 'UAS', 56);
INSERT INTO public.airports (id, name, short_code, city_idx) VALUES (169, '3rd', 'SJG', 244);
INSERT INTO public.airports (id, name, short_code, city_idx) VALUES (170, 'Oriole', 'EAH', 144);
INSERT INTO public.airports (id, name, short_code, city_idx) VALUES (171, 'Menomonie', 'RUY', 342);
INSERT INTO public.airports (id, name, short_code, city_idx) VALUES (172, 'Fuller', 'KRM', 155);
INSERT INTO public.airports (id, name, short_code, city_idx) VALUES (173, 'Goodland', 'VWT', 159);
INSERT INTO public.airports (id, name, short_code, city_idx) VALUES (174, '4th', 'SDD', 357);
INSERT INTO public.airports (id, name, short_code, city_idx) VALUES (175, '6th', 'FPI', 268);
INSERT INTO public.airports (id, name, short_code, city_idx) VALUES (176, 'Oriole', 'XRA', 174);
INSERT INTO public.airports (id, name, short_code, city_idx) VALUES (177, 'Service', 'HRT', 201);
INSERT INTO public.airports (id, name, short_code, city_idx) VALUES (178, '4th', 'QPY', 220);
INSERT INTO public.airports (id, name, short_code, city_idx) VALUES (179, 'Sundown', 'BII', 388);
INSERT INTO public.airports (id, name, short_code, city_idx) VALUES (180, 'Clemons', 'OBC', 318);
INSERT INTO public.airports (id, name, short_code, city_idx) VALUES (181, 'Mandrake', 'YYH', 77);
INSERT INTO public.airports (id, name, short_code, city_idx) VALUES (182, 'Monica', 'APR', 167);
INSERT INTO public.airports (id, name, short_code, city_idx) VALUES (183, 'Caliangt', 'OPO', 301);
INSERT INTO public.airports (id, name, short_code, city_idx) VALUES (184, 'Maple Wood', 'HRI', 19);
INSERT INTO public.airports (id, name, short_code, city_idx) VALUES (185, 'Hallows', 'GWE', 165);
INSERT INTO public.airports (id, name, short_code, city_idx) VALUES (186, 'Scofield', 'DIA', 381);
INSERT INTO public.airports (id, name, short_code, city_idx) VALUES (187, 'Kenwood', 'KJD', 134);
INSERT INTO public.airports (id, name, short_code, city_idx) VALUES (188, 'Maple', 'ADL', 10);
INSERT INTO public.airports (id, name, short_code, city_idx) VALUES (189, 'Anniversary', 'WQX', 327);
INSERT INTO public.airports (id, name, short_code, city_idx) VALUES (190, 'Packers', 'VZR', 313);
INSERT INTO public.airports (id, name, short_code, city_idx) VALUES (191, 'Glacier Hill', 'MGG', 102);
INSERT INTO public.airports (id, name, short_code, city_idx) VALUES (192, 'Basil', 'LBQ', 15);
INSERT INTO public.airports (id, name, short_code, city_idx) VALUES (193, 'Charing Cross', 'PYS', 55);
INSERT INTO public.airports (id, name, short_code, city_idx) VALUES (194, 'Algoma', 'INY', 380);
INSERT INTO public.airports (id, name, short_code, city_idx) VALUES (195, 'Linden', 'TTF', 387);
INSERT INTO public.airports (id, name, short_code, city_idx) VALUES (196, 'Caliangt', 'VLO', 52);
INSERT INTO public.airports (id, name, short_code, city_idx) VALUES (197, 'Forest Dale', 'BIH', 346);
INSERT INTO public.airports (id, name, short_code, city_idx) VALUES (198, 'Express', 'DIK', 134);
INSERT INTO public.airports (id, name, short_code, city_idx) VALUES (199, 'High Crossing', 'URE', 118);
INSERT INTO public.airports (id, name, short_code, city_idx) VALUES (200, 'Sutherland', 'RWS', 127);
INSERT INTO public.airports (id, name, short_code, city_idx) VALUES (201, 'Bellgrove', 'UEC', 319);
INSERT INTO public.airports (id, name, short_code, city_idx) VALUES (202, 'Roxbury', 'EFD', 217);
INSERT INTO public.airports (id, name, short_code, city_idx) VALUES (203, 'Kim', 'EAS', 323);
INSERT INTO public.airports (id, name, short_code, city_idx) VALUES (204, 'Sachtjen', 'JJP', 215);
INSERT INTO public.airports (id, name, short_code, city_idx) VALUES (205, 'Arapahoe', 'RQK', 67);
INSERT INTO public.airports (id, name, short_code, city_idx) VALUES (206, 'Tennessee', 'VSP', 190);
INSERT INTO public.airports (id, name, short_code, city_idx) VALUES (207, 'Melby', 'TOS', 352);
INSERT INTO public.airports (id, name, short_code, city_idx) VALUES (208, 'Delladonna', 'ZXW', 138);
INSERT INTO public.airports (id, name, short_code, city_idx) VALUES (209, 'Moulton', 'BOD', 141);
INSERT INTO public.airports (id, name, short_code, city_idx) VALUES (210, 'Veith', 'JWP', 250);
INSERT INTO public.airports (id, name, short_code, city_idx) VALUES (211, 'Bobwhite', 'LNK', 391);
INSERT INTO public.airports (id, name, short_code, city_idx) VALUES (212, 'Hintze', 'UXX', 80);
INSERT INTO public.airports (id, name, short_code, city_idx) VALUES (213, 'Ruskin', 'KIS', 357);
INSERT INTO public.airports (id, name, short_code, city_idx) VALUES (214, 'Loomis', 'JIU', 182);
INSERT INTO public.airports (id, name, short_code, city_idx) VALUES (215, 'Pond', 'MSG', 54);
INSERT INTO public.airports (id, name, short_code, city_idx) VALUES (216, 'Utah', 'OMJ', 78);
INSERT INTO public.airports (id, name, short_code, city_idx) VALUES (217, 'Blackbird', 'SQM', 341);
INSERT INTO public.airports (id, name, short_code, city_idx) VALUES (218, 'Barnett', 'YJS', 293);
INSERT INTO public.airports (id, name, short_code, city_idx) VALUES (219, 'Ronald Regan', 'GTG', 24);
INSERT INTO public.airports (id, name, short_code, city_idx) VALUES (220, 'Riverside', 'VLX', 13);
INSERT INTO public.airports (id, name, short_code, city_idx) VALUES (221, 'Pine View', 'OOU', 97);
INSERT INTO public.airports (id, name, short_code, city_idx) VALUES (222, 'Kenwood', 'YTJ', 321);
INSERT INTO public.airports (id, name, short_code, city_idx) VALUES (223, 'Northland', 'YGW', 372);
INSERT INTO public.airports (id, name, short_code, city_idx) VALUES (224, 'Melrose', 'OJK', 312);
INSERT INTO public.airports (id, name, short_code, city_idx) VALUES (225, 'Cambridge', 'LTO', 193);
INSERT INTO public.airports (id, name, short_code, city_idx) VALUES (226, 'Scott', 'FZV', 289);
INSERT INTO public.airports (id, name, short_code, city_idx) VALUES (227, 'Kropf', 'PUF', 372);
INSERT INTO public.airports (id, name, short_code, city_idx) VALUES (228, 'Morning', 'YIZ', 153);
INSERT INTO public.airports (id, name, short_code, city_idx) VALUES (229, 'Bultman', 'UVQ', 303);
INSERT INTO public.airports (id, name, short_code, city_idx) VALUES (230, 'Texas', 'YAZ', 203);
INSERT INTO public.airports (id, name, short_code, city_idx) VALUES (231, 'Green', 'QOE', 255);
INSERT INTO public.airports (id, name, short_code, city_idx) VALUES (232, 'Sullivan', 'IVR', 206);
INSERT INTO public.airports (id, name, short_code, city_idx) VALUES (233, 'Fulton', 'DFM', 239);
INSERT INTO public.airports (id, name, short_code, city_idx) VALUES (234, 'Larry', 'BTQ', 268);
INSERT INTO public.airports (id, name, short_code, city_idx) VALUES (235, 'Brentwood', 'OIP', 238);
INSERT INTO public.airports (id, name, short_code, city_idx) VALUES (236, 'East', 'HFH', 360);
INSERT INTO public.airports (id, name, short_code, city_idx) VALUES (237, 'Mifflin', 'YAI', 120);
INSERT INTO public.airports (id, name, short_code, city_idx) VALUES (238, 'Autumn Leaf', 'AYD', 381);
INSERT INTO public.airports (id, name, short_code, city_idx) VALUES (239, 'American', 'MSK', 144);
INSERT INTO public.airports (id, name, short_code, city_idx) VALUES (240, 'Iowa', 'QBO', 3);
INSERT INTO public.airports (id, name, short_code, city_idx) VALUES (241, 'Sheridan', 'ZAE', 349);
INSERT INTO public.airports (id, name, short_code, city_idx) VALUES (242, 'Sheridan', 'LZM', 356);
INSERT INTO public.airports (id, name, short_code, city_idx) VALUES (243, 'Hayes', 'ICP', 160);
INSERT INTO public.airports (id, name, short_code, city_idx) VALUES (244, 'Moose', 'FZF', 304);
INSERT INTO public.airports (id, name, short_code, city_idx) VALUES (245, 'Everett', 'OMF', 59);
INSERT INTO public.airports (id, name, short_code, city_idx) VALUES (246, 'Hanover', 'GPX', 273);
INSERT INTO public.airports (id, name, short_code, city_idx) VALUES (247, 'Hauk', 'PEV', 183);
INSERT INTO public.airports (id, name, short_code, city_idx) VALUES (248, 'Elgar', 'BNP', 41);
INSERT INTO public.airports (id, name, short_code, city_idx) VALUES (249, 'Monica', 'SJP', 58);
INSERT INTO public.airports (id, name, short_code, city_idx) VALUES (250, 'Caliangt', 'BMW', 19);
INSERT INTO public.airports (id, name, short_code, city_idx) VALUES (251, 'Center', 'MPN', 44);
INSERT INTO public.airports (id, name, short_code, city_idx) VALUES (252, 'Clemons', 'DOG', 360);
INSERT INTO public.airports (id, name, short_code, city_idx) VALUES (253, 'Porter', 'HPF', 334);
INSERT INTO public.airports (id, name, short_code, city_idx) VALUES (254, 'Service', 'QIW', 352);
INSERT INTO public.airports (id, name, short_code, city_idx) VALUES (255, '2nd', 'ACP', 243);
INSERT INTO public.airports (id, name, short_code, city_idx) VALUES (256, 'Schurz', 'APH', 173);
INSERT INTO public.airports (id, name, short_code, city_idx) VALUES (257, 'Farragut', 'GEF', 159);
INSERT INTO public.airports (id, name, short_code, city_idx) VALUES (258, 'Meadow Valley', 'JYS', 69);
INSERT INTO public.airports (id, name, short_code, city_idx) VALUES (259, 'Merry', 'UTV', 313);
INSERT INTO public.airports (id, name, short_code, city_idx) VALUES (260, 'Union', 'NBD', 391);
INSERT INTO public.airports (id, name, short_code, city_idx) VALUES (261, 'New Castle', 'CNW', 270);
INSERT INTO public.airports (id, name, short_code, city_idx) VALUES (262, 'Moulton', 'GXF', 393);
INSERT INTO public.airports (id, name, short_code, city_idx) VALUES (263, 'Trailsway', 'XZF', 116);
INSERT INTO public.airports (id, name, short_code, city_idx) VALUES (264, 'Kinsman', 'BKN', 388);
INSERT INTO public.airports (id, name, short_code, city_idx) VALUES (265, 'Kennedy', 'EIW', 122);
INSERT INTO public.airports (id, name, short_code, city_idx) VALUES (266, 'Graceland', 'CXZ', 237);
INSERT INTO public.airports (id, name, short_code, city_idx) VALUES (267, 'Tony', 'QAD', 246);
INSERT INTO public.airports (id, name, short_code, city_idx) VALUES (268, 'Mendota', 'EOT', 152);
INSERT INTO public.airports (id, name, short_code, city_idx) VALUES (269, 'Dunning', 'WTP', 84);
INSERT INTO public.airports (id, name, short_code, city_idx) VALUES (270, 'Pepper Wood', 'XHF', 58);
INSERT INTO public.airports (id, name, short_code, city_idx) VALUES (271, 'Briar Crest', 'KGB', 272);
INSERT INTO public.airports (id, name, short_code, city_idx) VALUES (272, 'Scott', 'BTN', 106);
INSERT INTO public.airports (id, name, short_code, city_idx) VALUES (273, 'Miller', 'HSA', 333);
INSERT INTO public.airports (id, name, short_code, city_idx) VALUES (274, 'Doe Crossing', 'PMI', 307);
INSERT INTO public.airports (id, name, short_code, city_idx) VALUES (275, 'Merry', 'AAS', 105);
INSERT INTO public.airports (id, name, short_code, city_idx) VALUES (276, 'Milwaukee', 'GPR', 18);
INSERT INTO public.airports (id, name, short_code, city_idx) VALUES (277, 'Annamark', 'WUX', 49);
INSERT INTO public.airports (id, name, short_code, city_idx) VALUES (278, 'Namekagon', 'IDI', 90);
INSERT INTO public.airports (id, name, short_code, city_idx) VALUES (279, 'Loomis', 'STL', 358);
INSERT INTO public.airports (id, name, short_code, city_idx) VALUES (280, 'Village', 'AEP', 80);
INSERT INTO public.airports (id, name, short_code, city_idx) VALUES (281, 'Sauthoff', 'AHI', 104);
INSERT INTO public.airports (id, name, short_code, city_idx) VALUES (282, 'Shasta', 'PJM', 322);
INSERT INTO public.airports (id, name, short_code, city_idx) VALUES (283, 'Anniversary', 'GSY', 16);
INSERT INTO public.airports (id, name, short_code, city_idx) VALUES (284, 'Rigney', 'KUF', 38);
INSERT INTO public.airports (id, name, short_code, city_idx) VALUES (285, 'Meadow Valley', 'DNF', 107);
INSERT INTO public.airports (id, name, short_code, city_idx) VALUES (286, 'Fallview', 'NAI', 319);
INSERT INTO public.airports (id, name, short_code, city_idx) VALUES (287, 'Daystar', 'TFE', 271);
INSERT INTO public.airports (id, name, short_code, city_idx) VALUES (288, 'Golf', 'UAP', 396);
INSERT INTO public.airports (id, name, short_code, city_idx) VALUES (289, 'Gateway', 'BUX', 102);
INSERT INTO public.airports (id, name, short_code, city_idx) VALUES (290, 'Maryland', 'YZN', 228);
INSERT INTO public.airports (id, name, short_code, city_idx) VALUES (291, 'Hoffman', 'CYA', 171);
INSERT INTO public.airports (id, name, short_code, city_idx) VALUES (292, 'Oak', 'BGV', 316);
INSERT INTO public.airports (id, name, short_code, city_idx) VALUES (293, 'Oakridge', 'IUO', 235);
INSERT INTO public.airports (id, name, short_code, city_idx) VALUES (294, 'Arrowood', 'ZTZ', 167);
INSERT INTO public.airports (id, name, short_code, city_idx) VALUES (295, 'Dorton', 'GSP', 9);
INSERT INTO public.airports (id, name, short_code, city_idx) VALUES (296, 'Anzinger', 'FYO', 92);
INSERT INTO public.airports (id, name, short_code, city_idx) VALUES (297, 'Iowa', 'JKY', 243);
INSERT INTO public.airports (id, name, short_code, city_idx) VALUES (298, 'Grim', 'MUN', 15);
INSERT INTO public.airports (id, name, short_code, city_idx) VALUES (299, 'Cordelia', 'FMQ', 243);
INSERT INTO public.airports (id, name, short_code, city_idx) VALUES (300, 'Boyd', 'EHO', 139);
INSERT INTO public.airports (id, name, short_code, city_idx) VALUES (301, 'Southridge', 'YWD', 191);
INSERT INTO public.airports (id, name, short_code, city_idx) VALUES (302, 'Westport', 'IBD', 244);
INSERT INTO public.airports (id, name, short_code, city_idx) VALUES (303, 'Lillian', 'HJA', 283);
INSERT INTO public.airports (id, name, short_code, city_idx) VALUES (304, 'Sunnyside', 'HFS', 372);
INSERT INTO public.airports (id, name, short_code, city_idx) VALUES (305, 'Vernon', 'EEO', 130);
INSERT INTO public.airports (id, name, short_code, city_idx) VALUES (306, '1st', 'FFW', 118);
INSERT INTO public.airports (id, name, short_code, city_idx) VALUES (307, 'Truax', 'QQP', 354);
INSERT INTO public.airports (id, name, short_code, city_idx) VALUES (308, 'Fair Oaks', 'FKH', 75);
INSERT INTO public.airports (id, name, short_code, city_idx) VALUES (309, 'Dovetail', 'XGL', 263);
INSERT INTO public.airports (id, name, short_code, city_idx) VALUES (310, 'Springview', 'MZO', 37);
INSERT INTO public.airports (id, name, short_code, city_idx) VALUES (311, 'Sunbrook', 'STO', 170);
INSERT INTO public.airports (id, name, short_code, city_idx) VALUES (312, 'Rowland', 'ZVU', 242);
INSERT INTO public.airports (id, name, short_code, city_idx) VALUES (313, 'Aberg', 'BND', 277);
INSERT INTO public.airports (id, name, short_code, city_idx) VALUES (314, 'Dahle', 'SUD', 323);
INSERT INTO public.airports (id, name, short_code, city_idx) VALUES (315, 'Thompson', 'EBP', 316);
INSERT INTO public.airports (id, name, short_code, city_idx) VALUES (316, 'Westport', 'HQP', 100);
INSERT INTO public.airports (id, name, short_code, city_idx) VALUES (317, 'Main', 'AOC', 355);
INSERT INTO public.airports (id, name, short_code, city_idx) VALUES (318, 'Schiller', 'ZHB', 233);
INSERT INTO public.airports (id, name, short_code, city_idx) VALUES (319, 'Pine View', 'RUJ', 299);
INSERT INTO public.airports (id, name, short_code, city_idx) VALUES (320, 'Farwell', 'GLW', 98);
INSERT INTO public.airports (id, name, short_code, city_idx) VALUES (321, 'Haas', 'WGO', 277);
INSERT INTO public.airports (id, name, short_code, city_idx) VALUES (322, 'Bayside', 'PKE', 85);
INSERT INTO public.airports (id, name, short_code, city_idx) VALUES (323, '6th', 'YQQ', 263);
INSERT INTO public.airports (id, name, short_code, city_idx) VALUES (324, 'Crest Line', 'SZA', 316);
INSERT INTO public.airports (id, name, short_code, city_idx) VALUES (325, 'Longview', 'HVE', 123);
INSERT INTO public.airports (id, name, short_code, city_idx) VALUES (326, 'Shelley', 'VSV', 295);
INSERT INTO public.airports (id, name, short_code, city_idx) VALUES (327, 'Esker', 'CQP', 185);
INSERT INTO public.airports (id, name, short_code, city_idx) VALUES (328, 'Center', 'NXD', 314);
INSERT INTO public.airports (id, name, short_code, city_idx) VALUES (329, 'Clyde Gallagher', 'PUM', 265);
INSERT INTO public.airports (id, name, short_code, city_idx) VALUES (330, 'Armistice', 'NWF', 311);
INSERT INTO public.airports (id, name, short_code, city_idx) VALUES (331, 'Pierstorff', 'CCU', 353);
INSERT INTO public.airports (id, name, short_code, city_idx) VALUES (332, 'Cambridge', 'LQR', 67);
INSERT INTO public.airports (id, name, short_code, city_idx) VALUES (333, 'Prentice', 'MRL', 27);
INSERT INTO public.airports (id, name, short_code, city_idx) VALUES (334, 'Clemons', 'YDE', 143);
INSERT INTO public.airports (id, name, short_code, city_idx) VALUES (335, 'Birchwood', 'JJO', 11);
INSERT INTO public.airports (id, name, short_code, city_idx) VALUES (336, 'Crowley', 'YNK', 348);
INSERT INTO public.airports (id, name, short_code, city_idx) VALUES (337, 'Butterfield', 'TDI', 324);
INSERT INTO public.airports (id, name, short_code, city_idx) VALUES (338, 'Lyons', 'RJK', 219);
INSERT INTO public.airports (id, name, short_code, city_idx) VALUES (339, 'Macpherson', 'UXH', 195);
INSERT INTO public.airports (id, name, short_code, city_idx) VALUES (340, 'Hallows', 'ZEZ', 320);
INSERT INTO public.airports (id, name, short_code, city_idx) VALUES (341, 'Valley Edge', 'MGF', 174);
INSERT INTO public.airports (id, name, short_code, city_idx) VALUES (342, 'Fuller', 'BRF', 377);
INSERT INTO public.airports (id, name, short_code, city_idx) VALUES (343, 'Annamark', 'TGZ', 182);
INSERT INTO public.airports (id, name, short_code, city_idx) VALUES (344, 'Surrey', 'HUK', 140);
INSERT INTO public.airports (id, name, short_code, city_idx) VALUES (345, 'Sutherland', 'YZO', 348);
INSERT INTO public.airports (id, name, short_code, city_idx) VALUES (346, 'Birchwood', 'UOA', 128);
INSERT INTO public.airports (id, name, short_code, city_idx) VALUES (347, 'Maryland', 'AXW', 247);
INSERT INTO public.airports (id, name, short_code, city_idx) VALUES (348, 'Oxford', 'YWC', 74);
INSERT INTO public.airports (id, name, short_code, city_idx) VALUES (349, 'Duke', 'BRT', 399);
INSERT INTO public.airports (id, name, short_code, city_idx) VALUES (350, 'Petterle', 'PFY', 386);
INSERT INTO public.airports (id, name, short_code, city_idx) VALUES (351, 'Southridge', 'PPM', 212);
INSERT INTO public.airports (id, name, short_code, city_idx) VALUES (352, 'Oriole', 'BIG', 245);
INSERT INTO public.airports (id, name, short_code, city_idx) VALUES (353, 'Banding', 'IQV', 51);
INSERT INTO public.airports (id, name, short_code, city_idx) VALUES (354, 'Mariners Cove', 'XHO', 346);
INSERT INTO public.airports (id, name, short_code, city_idx) VALUES (355, 'Ridgeway', 'JFE', 244);
INSERT INTO public.airports (id, name, short_code, city_idx) VALUES (356, 'Pawling', 'YVO', 44);
INSERT INTO public.airports (id, name, short_code, city_idx) VALUES (357, 'David', 'KWJ', 400);
INSERT INTO public.airports (id, name, short_code, city_idx) VALUES (358, 'Amoth', 'MAF', 245);
INSERT INTO public.airports (id, name, short_code, city_idx) VALUES (359, 'Graedel', 'NAG', 322);
INSERT INTO public.airports (id, name, short_code, city_idx) VALUES (360, 'Briar Crest', 'WUG', 35);
INSERT INTO public.airports (id, name, short_code, city_idx) VALUES (361, 'Trailsway', 'HCU', 151);
INSERT INTO public.airports (id, name, short_code, city_idx) VALUES (362, 'Saint Paul', 'OHI', 96);
INSERT INTO public.airports (id, name, short_code, city_idx) VALUES (363, 'Rowland', 'BHF', 98);
INSERT INTO public.airports (id, name, short_code, city_idx) VALUES (364, 'Toban', 'QZT', 140);
INSERT INTO public.airports (id, name, short_code, city_idx) VALUES (365, 'Bunker Hill', 'XTR', 349);
INSERT INTO public.airports (id, name, short_code, city_idx) VALUES (366, 'Crowley', 'ZGY', 117);
INSERT INTO public.airports (id, name, short_code, city_idx) VALUES (367, 'Mallory', 'HRV', 43);
INSERT INTO public.airports (id, name, short_code, city_idx) VALUES (368, 'Talisman', 'YLD', 290);
INSERT INTO public.airports (id, name, short_code, city_idx) VALUES (369, 'Michigan', 'HVA', 54);
INSERT INTO public.airports (id, name, short_code, city_idx) VALUES (370, 'Monterey', 'EGG', 276);
INSERT INTO public.airports (id, name, short_code, city_idx) VALUES (371, 'Mayer', 'ZED', 114);
INSERT INTO public.airports (id, name, short_code, city_idx) VALUES (372, 'Veith', 'QJA', 272);
INSERT INTO public.airports (id, name, short_code, city_idx) VALUES (373, 'Miller', 'DGL', 386);
INSERT INTO public.airports (id, name, short_code, city_idx) VALUES (374, 'Village Green', 'OSM', 222);
INSERT INTO public.airports (id, name, short_code, city_idx) VALUES (375, 'Sachs', 'OEZ', 344);
INSERT INTO public.airports (id, name, short_code, city_idx) VALUES (376, 'Debra', 'RWD', 132);
INSERT INTO public.airports (id, name, short_code, city_idx) VALUES (377, 'Troy', 'DFZ', 376);
INSERT INTO public.airports (id, name, short_code, city_idx) VALUES (378, 'Welch', 'RTS', 146);
INSERT INTO public.airports (id, name, short_code, city_idx) VALUES (379, 'Bunker Hill', 'LYU', 347);
INSERT INTO public.airports (id, name, short_code, city_idx) VALUES (380, 'Loeprich', 'SSG', 183);
INSERT INTO public.airports (id, name, short_code, city_idx) VALUES (381, 'South', 'MDY', 355);
INSERT INTO public.airports (id, name, short_code, city_idx) VALUES (382, 'Warbler', 'VNC', 12);
INSERT INTO public.airports (id, name, short_code, city_idx) VALUES (383, 'Merrick', 'IJX', 8);
INSERT INTO public.airports (id, name, short_code, city_idx) VALUES (384, 'Paget', 'WRQ', 181);
INSERT INTO public.airports (id, name, short_code, city_idx) VALUES (385, 'Lakewood', 'SKN', 127);
INSERT INTO public.airports (id, name, short_code, city_idx) VALUES (386, 'Crowley', 'HQH', 378);
INSERT INTO public.airports (id, name, short_code, city_idx) VALUES (387, 'Sage', 'DEQ', 245);
INSERT INTO public.airports (id, name, short_code, city_idx) VALUES (388, 'Ohio', 'YCF', 106);
INSERT INTO public.airports (id, name, short_code, city_idx) VALUES (389, 'Welch', 'XRV', 72);
INSERT INTO public.airports (id, name, short_code, city_idx) VALUES (390, 'Stuart', 'OHJ', 75);
INSERT INTO public.airports (id, name, short_code, city_idx) VALUES (391, 'Riverside', 'GNG', 288);
INSERT INTO public.airports (id, name, short_code, city_idx) VALUES (392, 'Esch', 'NMU', 302);
INSERT INTO public.airports (id, name, short_code, city_idx) VALUES (393, 'Raven', 'HQB', 131);
INSERT INTO public.airports (id, name, short_code, city_idx) VALUES (394, 'Golf Course', 'KQH', 209);
INSERT INTO public.airports (id, name, short_code, city_idx) VALUES (395, 'Cherokee', 'MLJ', 392);
INSERT INTO public.airports (id, name, short_code, city_idx) VALUES (396, 'Park Meadow', 'FVX', 164);
INSERT INTO public.airports (id, name, short_code, city_idx) VALUES (397, 'Bellgrove', 'JDD', 184);
INSERT INTO public.airports (id, name, short_code, city_idx) VALUES (398, 'Nova', 'GCN', 212);
INSERT INTO public.airports (id, name, short_code, city_idx) VALUES (399, 'Hudson', 'LHO', 175);
INSERT INTO public.airports (id, name, short_code, city_idx) VALUES (400, 'Goodland', 'SNX', 177);

--Aircrafts
create table aircrafts
(
    id                serial       not null
        constraint aircraft_pk
            primary key,
    registration      varchar(128) not null,
    home_airport_idx  integer      not null
        constraint home_airport_fk
            references cities,
    model_idx         integer      not null
        constraint model_fk
            references aircraft_models,
    seats_nb          integer      not null,
    construction_date date         not null
);

alter table aircrafts
    owner to postgres;

INSERT INTO public.aircrafts (id, registration, home_airport_idx, model_idx, seats_nb, construction_date) VALUES (1, 'QZC', 74, 7, 401, '2010-09-06');
INSERT INTO public.aircrafts (id, registration, home_airport_idx, model_idx, seats_nb, construction_date) VALUES (2, 'RDE', 251, 11, 349, '1987-11-16');
INSERT INTO public.aircrafts (id, registration, home_airport_idx, model_idx, seats_nb, construction_date) VALUES (3, 'KIF', 89, 11, 284, '1993-09-20');
INSERT INTO public.aircrafts (id, registration, home_airport_idx, model_idx, seats_nb, construction_date) VALUES (4, 'LXQ', 95, 1, 185, '1993-03-03');
INSERT INTO public.aircrafts (id, registration, home_airport_idx, model_idx, seats_nb, construction_date) VALUES (5, 'QGT', 84, 23, 508, '1990-03-14');
INSERT INTO public.aircrafts (id, registration, home_airport_idx, model_idx, seats_nb, construction_date) VALUES (6, 'DOC', 181, 25, 495, '2012-10-28');
INSERT INTO public.aircrafts (id, registration, home_airport_idx, model_idx, seats_nb, construction_date) VALUES (7, 'OKR', 383, 23, 552, '1996-07-04');
INSERT INTO public.aircrafts (id, registration, home_airport_idx, model_idx, seats_nb, construction_date) VALUES (8, 'MIK', 172, 11, 468, '1995-06-03');
INSERT INTO public.aircrafts (id, registration, home_airport_idx, model_idx, seats_nb, construction_date) VALUES (9, 'SXX', 77, 14, 452, '2005-12-21');
INSERT INTO public.aircrafts (id, registration, home_airport_idx, model_idx, seats_nb, construction_date) VALUES (10, 'ELJ', 90, 27, 506, '2013-09-18');
INSERT INTO public.aircrafts (id, registration, home_airport_idx, model_idx, seats_nb, construction_date) VALUES (11, 'VSE', 341, 10, 482, '1984-10-22');
INSERT INTO public.aircrafts (id, registration, home_airport_idx, model_idx, seats_nb, construction_date) VALUES (12, 'TGA', 274, 19, 243, '2013-07-19');
INSERT INTO public.aircrafts (id, registration, home_airport_idx, model_idx, seats_nb, construction_date) VALUES (13, 'TGH', 92, 24, 64, '2010-11-26');
INSERT INTO public.aircrafts (id, registration, home_airport_idx, model_idx, seats_nb, construction_date) VALUES (14, 'LDI', 5, 1, 260, '2019-04-05');
INSERT INTO public.aircrafts (id, registration, home_airport_idx, model_idx, seats_nb, construction_date) VALUES (15, 'PYU', 190, 15, 515, '2011-05-15');
INSERT INTO public.aircrafts (id, registration, home_airport_idx, model_idx, seats_nb, construction_date) VALUES (16, 'MJR', 343, 9, 461, '1982-09-20');
INSERT INTO public.aircrafts (id, registration, home_airport_idx, model_idx, seats_nb, construction_date) VALUES (17, 'YJO', 384, 13, 200, '2003-07-30');
INSERT INTO public.aircrafts (id, registration, home_airport_idx, model_idx, seats_nb, construction_date) VALUES (18, 'JWQ', 153, 10, 469, '1995-03-04');
INSERT INTO public.aircrafts (id, registration, home_airport_idx, model_idx, seats_nb, construction_date) VALUES (19, 'TII', 236, 9, 208, '2013-05-28');
INSERT INTO public.aircrafts (id, registration, home_airport_idx, model_idx, seats_nb, construction_date) VALUES (20, 'DHB', 182, 16, 509, '2013-11-26');
INSERT INTO public.aircrafts (id, registration, home_airport_idx, model_idx, seats_nb, construction_date) VALUES (21, 'YHV', 158, 18, 83, '2013-01-24');
INSERT INTO public.aircrafts (id, registration, home_airport_idx, model_idx, seats_nb, construction_date) VALUES (22, 'ADJ', 350, 17, 146, '2007-08-20');
INSERT INTO public.aircrafts (id, registration, home_airport_idx, model_idx, seats_nb, construction_date) VALUES (23, 'TIM', 213, 6, 363, '1991-06-15');
INSERT INTO public.aircrafts (id, registration, home_airport_idx, model_idx, seats_nb, construction_date) VALUES (24, 'VQE', 130, 11, 247, '2008-09-16');
INSERT INTO public.aircrafts (id, registration, home_airport_idx, model_idx, seats_nb, construction_date) VALUES (25, 'BNS', 135, 10, 193, '2003-11-20');
INSERT INTO public.aircrafts (id, registration, home_airport_idx, model_idx, seats_nb, construction_date) VALUES (26, 'RLF', 51, 10, 557, '1993-09-27');
INSERT INTO public.aircrafts (id, registration, home_airport_idx, model_idx, seats_nb, construction_date) VALUES (27, 'LUU', 176, 22, 200, '2010-03-03');
INSERT INTO public.aircrafts (id, registration, home_airport_idx, model_idx, seats_nb, construction_date) VALUES (28, 'TYW', 19, 1, 135, '1981-09-27');
INSERT INTO public.aircrafts (id, registration, home_airport_idx, model_idx, seats_nb, construction_date) VALUES (29, 'GBG', 264, 9, 593, '1999-12-25');
INSERT INTO public.aircrafts (id, registration, home_airport_idx, model_idx, seats_nb, construction_date) VALUES (30, 'IUJ', 254, 16, 360, '1996-04-14');
INSERT INTO public.aircrafts (id, registration, home_airport_idx, model_idx, seats_nb, construction_date) VALUES (31, 'FQL', 329, 27, 539, '1989-07-14');
INSERT INTO public.aircrafts (id, registration, home_airport_idx, model_idx, seats_nb, construction_date) VALUES (32, 'MYP', 106, 16, 240, '1993-02-28');
INSERT INTO public.aircrafts (id, registration, home_airport_idx, model_idx, seats_nb, construction_date) VALUES (33, 'EVV', 20, 13, 323, '1995-11-02');
INSERT INTO public.aircrafts (id, registration, home_airport_idx, model_idx, seats_nb, construction_date) VALUES (34, 'WKE', 291, 1, 478, '2012-01-20');
INSERT INTO public.aircrafts (id, registration, home_airport_idx, model_idx, seats_nb, construction_date) VALUES (35, 'YFX', 168, 4, 592, '1996-05-20');
INSERT INTO public.aircrafts (id, registration, home_airport_idx, model_idx, seats_nb, construction_date) VALUES (36, 'RXD', 323, 4, 321, '1993-05-18');
INSERT INTO public.aircrafts (id, registration, home_airport_idx, model_idx, seats_nb, construction_date) VALUES (37, 'AWL', 74, 23, 110, '2004-12-10');
INSERT INTO public.aircrafts (id, registration, home_airport_idx, model_idx, seats_nb, construction_date) VALUES (38, 'CHD', 261, 18, 430, '2017-10-02');
INSERT INTO public.aircrafts (id, registration, home_airport_idx, model_idx, seats_nb, construction_date) VALUES (39, 'MBZ', 323, 10, 469, '1995-03-31');
INSERT INTO public.aircrafts (id, registration, home_airport_idx, model_idx, seats_nb, construction_date) VALUES (40, 'LFY', 257, 10, 128, '1987-02-03');
INSERT INTO public.aircrafts (id, registration, home_airport_idx, model_idx, seats_nb, construction_date) VALUES (41, 'OEU', 214, 21, 187, '2019-03-10');
INSERT INTO public.aircrafts (id, registration, home_airport_idx, model_idx, seats_nb, construction_date) VALUES (42, 'ALL', 159, 5, 167, '1987-01-11');
INSERT INTO public.aircrafts (id, registration, home_airport_idx, model_idx, seats_nb, construction_date) VALUES (43, 'JEZ', 94, 6, 226, '1991-10-09');
INSERT INTO public.aircrafts (id, registration, home_airport_idx, model_idx, seats_nb, construction_date) VALUES (44, 'WFC', 290, 26, 369, '2001-12-12');
INSERT INTO public.aircrafts (id, registration, home_airport_idx, model_idx, seats_nb, construction_date) VALUES (45, 'QER', 55, 18, 54, '2009-08-09');
INSERT INTO public.aircrafts (id, registration, home_airport_idx, model_idx, seats_nb, construction_date) VALUES (46, 'TRW', 288, 13, 75, '2004-07-22');
INSERT INTO public.aircrafts (id, registration, home_airport_idx, model_idx, seats_nb, construction_date) VALUES (47, 'IPH', 371, 27, 474, '2008-04-02');
INSERT INTO public.aircrafts (id, registration, home_airport_idx, model_idx, seats_nb, construction_date) VALUES (48, 'RTA', 5, 17, 78, '2001-02-02');
INSERT INTO public.aircrafts (id, registration, home_airport_idx, model_idx, seats_nb, construction_date) VALUES (49, 'OXI', 125, 27, 295, '1993-05-11');
INSERT INTO public.aircrafts (id, registration, home_airport_idx, model_idx, seats_nb, construction_date) VALUES (50, 'EYT', 46, 9, 161, '1994-07-12');
INSERT INTO public.aircrafts (id, registration, home_airport_idx, model_idx, seats_nb, construction_date) VALUES (51, 'VWD', 195, 3, 352, '1999-11-09');
INSERT INTO public.aircrafts (id, registration, home_airport_idx, model_idx, seats_nb, construction_date) VALUES (52, 'GYM', 27, 4, 517, '2005-07-10');
INSERT INTO public.aircrafts (id, registration, home_airport_idx, model_idx, seats_nb, construction_date) VALUES (53, 'FHN', 161, 9, 594, '1996-07-08');
INSERT INTO public.aircrafts (id, registration, home_airport_idx, model_idx, seats_nb, construction_date) VALUES (54, 'JCK', 272, 1, 229, '1986-11-29');
INSERT INTO public.aircrafts (id, registration, home_airport_idx, model_idx, seats_nb, construction_date) VALUES (55, 'WHB', 27, 16, 471, '2007-02-19');
INSERT INTO public.aircrafts (id, registration, home_airport_idx, model_idx, seats_nb, construction_date) VALUES (56, 'OAP', 179, 23, 595, '2007-02-27');
INSERT INTO public.aircrafts (id, registration, home_airport_idx, model_idx, seats_nb, construction_date) VALUES (57, 'IBN', 142, 26, 283, '1990-09-13');
INSERT INTO public.aircrafts (id, registration, home_airport_idx, model_idx, seats_nb, construction_date) VALUES (58, 'VUU', 213, 19, 120, '1985-05-22');
INSERT INTO public.aircrafts (id, registration, home_airport_idx, model_idx, seats_nb, construction_date) VALUES (59, 'WMN', 304, 25, 54, '1984-02-17');
INSERT INTO public.aircrafts (id, registration, home_airport_idx, model_idx, seats_nb, construction_date) VALUES (60, 'YBS', 337, 4, 231, '1992-11-10');
INSERT INTO public.aircrafts (id, registration, home_airport_idx, model_idx, seats_nb, construction_date) VALUES (61, 'BQP', 253, 22, 212, '2007-10-16');
INSERT INTO public.aircrafts (id, registration, home_airport_idx, model_idx, seats_nb, construction_date) VALUES (62, 'TKX', 271, 25, 406, '1984-06-30');
INSERT INTO public.aircrafts (id, registration, home_airport_idx, model_idx, seats_nb, construction_date) VALUES (63, 'BWF', 129, 20, 584, '1987-08-02');
INSERT INTO public.aircrafts (id, registration, home_airport_idx, model_idx, seats_nb, construction_date) VALUES (64, 'UIT', 55, 12, 171, '2015-08-10');
INSERT INTO public.aircrafts (id, registration, home_airport_idx, model_idx, seats_nb, construction_date) VALUES (65, 'FEY', 5, 21, 520, '1996-06-28');
INSERT INTO public.aircrafts (id, registration, home_airport_idx, model_idx, seats_nb, construction_date) VALUES (66, 'XRP', 285, 16, 521, '1993-11-04');
INSERT INTO public.aircrafts (id, registration, home_airport_idx, model_idx, seats_nb, construction_date) VALUES (67, 'NLH', 53, 7, 396, '1993-11-14');
INSERT INTO public.aircrafts (id, registration, home_airport_idx, model_idx, seats_nb, construction_date) VALUES (68, 'KLZ', 5, 24, 494, '1998-08-19');
INSERT INTO public.aircrafts (id, registration, home_airport_idx, model_idx, seats_nb, construction_date) VALUES (69, 'GEN', 141, 17, 306, '1991-11-08');
INSERT INTO public.aircrafts (id, registration, home_airport_idx, model_idx, seats_nb, construction_date) VALUES (70, 'TWF', 99, 10, 105, '1992-12-08');
INSERT INTO public.aircrafts (id, registration, home_airport_idx, model_idx, seats_nb, construction_date) VALUES (71, 'NSW', 332, 19, 251, '2006-09-02');
INSERT INTO public.aircrafts (id, registration, home_airport_idx, model_idx, seats_nb, construction_date) VALUES (72, 'WIO', 349, 2, 523, '2003-02-17');
INSERT INTO public.aircrafts (id, registration, home_airport_idx, model_idx, seats_nb, construction_date) VALUES (73, 'AVM', 62, 15, 168, '2018-07-15');
INSERT INTO public.aircrafts (id, registration, home_airport_idx, model_idx, seats_nb, construction_date) VALUES (74, 'XGS', 84, 25, 174, '1998-02-16');
INSERT INTO public.aircrafts (id, registration, home_airport_idx, model_idx, seats_nb, construction_date) VALUES (75, 'FPT', 1, 20, 89, '1997-10-06');
INSERT INTO public.aircrafts (id, registration, home_airport_idx, model_idx, seats_nb, construction_date) VALUES (76, 'QTX', 131, 13, 152, '1996-04-05');
INSERT INTO public.aircrafts (id, registration, home_airport_idx, model_idx, seats_nb, construction_date) VALUES (77, 'CEH', 253, 27, 455, '1995-05-03');
INSERT INTO public.aircrafts (id, registration, home_airport_idx, model_idx, seats_nb, construction_date) VALUES (78, 'CBA', 366, 23, 523, '1998-06-29');
INSERT INTO public.aircrafts (id, registration, home_airport_idx, model_idx, seats_nb, construction_date) VALUES (79, 'QTA', 360, 27, 509, '2008-07-11');
INSERT INTO public.aircrafts (id, registration, home_airport_idx, model_idx, seats_nb, construction_date) VALUES (80, 'EOX', 87, 26, 500, '2006-03-24');
INSERT INTO public.aircrafts (id, registration, home_airport_idx, model_idx, seats_nb, construction_date) VALUES (81, 'BNY', 344, 4, 560, '1982-01-23');
INSERT INTO public.aircrafts (id, registration, home_airport_idx, model_idx, seats_nb, construction_date) VALUES (82, 'SWB', 78, 12, 330, '2012-01-05');
INSERT INTO public.aircrafts (id, registration, home_airport_idx, model_idx, seats_nb, construction_date) VALUES (83, 'EAD', 102, 26, 494, '1984-01-21');
INSERT INTO public.aircrafts (id, registration, home_airport_idx, model_idx, seats_nb, construction_date) VALUES (84, 'GXM', 337, 4, 57, '2013-08-10');
INSERT INTO public.aircrafts (id, registration, home_airport_idx, model_idx, seats_nb, construction_date) VALUES (85, 'WVY', 193, 12, 587, '2001-10-18');
INSERT INTO public.aircrafts (id, registration, home_airport_idx, model_idx, seats_nb, construction_date) VALUES (86, 'UDJ', 251, 26, 582, '1989-06-16');
INSERT INTO public.aircrafts (id, registration, home_airport_idx, model_idx, seats_nb, construction_date) VALUES (87, 'GZE', 272, 14, 359, '1986-11-22');
INSERT INTO public.aircrafts (id, registration, home_airport_idx, model_idx, seats_nb, construction_date) VALUES (88, 'AQU', 372, 15, 114, '1996-12-12');
INSERT INTO public.aircrafts (id, registration, home_airport_idx, model_idx, seats_nb, construction_date) VALUES (89, 'ISS', 351, 3, 194, '2003-04-07');
INSERT INTO public.aircrafts (id, registration, home_airport_idx, model_idx, seats_nb, construction_date) VALUES (90, 'BZO', 201, 17, 169, '2016-10-25');
INSERT INTO public.aircrafts (id, registration, home_airport_idx, model_idx, seats_nb, construction_date) VALUES (91, 'QDR', 223, 24, 231, '1984-11-25');
INSERT INTO public.aircrafts (id, registration, home_airport_idx, model_idx, seats_nb, construction_date) VALUES (92, 'UPS', 194, 15, 246, '1980-11-15');
INSERT INTO public.aircrafts (id, registration, home_airport_idx, model_idx, seats_nb, construction_date) VALUES (93, 'PLW', 176, 13, 279, '2013-10-18');
INSERT INTO public.aircrafts (id, registration, home_airport_idx, model_idx, seats_nb, construction_date) VALUES (94, 'JOP', 246, 13, 481, '2009-05-02');
INSERT INTO public.aircrafts (id, registration, home_airport_idx, model_idx, seats_nb, construction_date) VALUES (95, 'UBX', 147, 2, 499, '2016-10-05');
INSERT INTO public.aircrafts (id, registration, home_airport_idx, model_idx, seats_nb, construction_date) VALUES (96, 'MDE', 17, 13, 202, '2018-11-20');
INSERT INTO public.aircrafts (id, registration, home_airport_idx, model_idx, seats_nb, construction_date) VALUES (97, 'VIU', 278, 9, 109, '1993-09-11');
INSERT INTO public.aircrafts (id, registration, home_airport_idx, model_idx, seats_nb, construction_date) VALUES (98, 'GXE', 220, 11, 302, '2017-09-11');
INSERT INTO public.aircrafts (id, registration, home_airport_idx, model_idx, seats_nb, construction_date) VALUES (99, 'UEQ', 63, 17, 116, '2002-05-23');
INSERT INTO public.aircrafts (id, registration, home_airport_idx, model_idx, seats_nb, construction_date) VALUES (100, 'AGR', 180, 5, 58, '2005-07-13');
INSERT INTO public.aircrafts (id, registration, home_airport_idx, model_idx, seats_nb, construction_date) VALUES (101, 'HKX', 369, 14, 416, '1991-11-18');
INSERT INTO public.aircrafts (id, registration, home_airport_idx, model_idx, seats_nb, construction_date) VALUES (102, 'FEV', 383, 25, 547, '1982-07-17');
INSERT INTO public.aircrafts (id, registration, home_airport_idx, model_idx, seats_nb, construction_date) VALUES (103, 'VZC', 358, 20, 373, '2001-05-14');
INSERT INTO public.aircrafts (id, registration, home_airport_idx, model_idx, seats_nb, construction_date) VALUES (104, 'SEL', 125, 2, 178, '1983-07-02');
INSERT INTO public.aircrafts (id, registration, home_airport_idx, model_idx, seats_nb, construction_date) VALUES (105, 'VJQ', 157, 17, 491, '1999-09-03');
INSERT INTO public.aircrafts (id, registration, home_airport_idx, model_idx, seats_nb, construction_date) VALUES (106, 'ZTW', 41, 26, 105, '2000-05-14');
INSERT INTO public.aircrafts (id, registration, home_airport_idx, model_idx, seats_nb, construction_date) VALUES (107, 'NCU', 335, 9, 118, '1990-10-13');
INSERT INTO public.aircrafts (id, registration, home_airport_idx, model_idx, seats_nb, construction_date) VALUES (108, 'DQL', 397, 19, 301, '1991-01-29');
INSERT INTO public.aircrafts (id, registration, home_airport_idx, model_idx, seats_nb, construction_date) VALUES (109, 'NWI', 78, 4, 354, '1999-05-26');
INSERT INTO public.aircrafts (id, registration, home_airport_idx, model_idx, seats_nb, construction_date) VALUES (110, 'OOY', 225, 12, 558, '2013-10-21');
INSERT INTO public.aircrafts (id, registration, home_airport_idx, model_idx, seats_nb, construction_date) VALUES (111, 'IZB', 289, 14, 106, '1994-12-29');
INSERT INTO public.aircrafts (id, registration, home_airport_idx, model_idx, seats_nb, construction_date) VALUES (112, 'FKL', 214, 16, 172, '1983-04-03');
INSERT INTO public.aircrafts (id, registration, home_airport_idx, model_idx, seats_nb, construction_date) VALUES (113, 'NVW', 4, 6, 519, '1981-09-13');
INSERT INTO public.aircrafts (id, registration, home_airport_idx, model_idx, seats_nb, construction_date) VALUES (114, 'GGB', 55, 17, 495, '2014-04-16');
INSERT INTO public.aircrafts (id, registration, home_airport_idx, model_idx, seats_nb, construction_date) VALUES (115, 'RRT', 4, 14, 203, '2009-07-31');
INSERT INTO public.aircrafts (id, registration, home_airport_idx, model_idx, seats_nb, construction_date) VALUES (116, 'JRV', 66, 5, 79, '1985-01-19');
INSERT INTO public.aircrafts (id, registration, home_airport_idx, model_idx, seats_nb, construction_date) VALUES (117, 'ZZG', 61, 17, 180, '2007-08-11');
INSERT INTO public.aircrafts (id, registration, home_airport_idx, model_idx, seats_nb, construction_date) VALUES (118, 'XKT', 121, 4, 519, '1999-12-22');
INSERT INTO public.aircrafts (id, registration, home_airport_idx, model_idx, seats_nb, construction_date) VALUES (119, 'NSR', 104, 7, 337, '1992-01-28');
INSERT INTO public.aircrafts (id, registration, home_airport_idx, model_idx, seats_nb, construction_date) VALUES (120, 'BZV', 63, 21, 178, '1999-02-28');
INSERT INTO public.aircrafts (id, registration, home_airport_idx, model_idx, seats_nb, construction_date) VALUES (121, 'VTV', 233, 24, 296, '1987-10-21');
INSERT INTO public.aircrafts (id, registration, home_airport_idx, model_idx, seats_nb, construction_date) VALUES (122, 'BNZ', 13, 22, 423, '2011-04-30');
INSERT INTO public.aircrafts (id, registration, home_airport_idx, model_idx, seats_nb, construction_date) VALUES (123, 'ADJ', 132, 21, 132, '2013-10-15');
INSERT INTO public.aircrafts (id, registration, home_airport_idx, model_idx, seats_nb, construction_date) VALUES (124, 'NUR', 80, 11, 501, '1999-01-02');
INSERT INTO public.aircrafts (id, registration, home_airport_idx, model_idx, seats_nb, construction_date) VALUES (125, 'RRX', 374, 8, 401, '2000-05-25');
INSERT INTO public.aircrafts (id, registration, home_airport_idx, model_idx, seats_nb, construction_date) VALUES (126, 'BYW', 347, 23, 372, '1998-02-17');
INSERT INTO public.aircrafts (id, registration, home_airport_idx, model_idx, seats_nb, construction_date) VALUES (127, 'LEI', 341, 7, 285, '2009-09-07');
INSERT INTO public.aircrafts (id, registration, home_airport_idx, model_idx, seats_nb, construction_date) VALUES (128, 'ZTH', 59, 21, 137, '2006-11-22');
INSERT INTO public.aircrafts (id, registration, home_airport_idx, model_idx, seats_nb, construction_date) VALUES (129, 'EZH', 31, 14, 597, '2011-01-10');
INSERT INTO public.aircrafts (id, registration, home_airport_idx, model_idx, seats_nb, construction_date) VALUES (130, 'BWY', 111, 24, 80, '2018-10-21');
INSERT INTO public.aircrafts (id, registration, home_airport_idx, model_idx, seats_nb, construction_date) VALUES (131, 'XBP', 296, 12, 154, '1984-08-19');
INSERT INTO public.aircrafts (id, registration, home_airport_idx, model_idx, seats_nb, construction_date) VALUES (132, 'VTJ', 179, 18, 50, '1990-04-19');
INSERT INTO public.aircrafts (id, registration, home_airport_idx, model_idx, seats_nb, construction_date) VALUES (133, 'PJB', 105, 6, 471, '2015-04-01');
INSERT INTO public.aircrafts (id, registration, home_airport_idx, model_idx, seats_nb, construction_date) VALUES (134, 'POD', 223, 22, 393, '1994-05-13');
INSERT INTO public.aircrafts (id, registration, home_airport_idx, model_idx, seats_nb, construction_date) VALUES (135, 'CKC', 172, 18, 390, '1982-08-18');
INSERT INTO public.aircrafts (id, registration, home_airport_idx, model_idx, seats_nb, construction_date) VALUES (136, 'IEI', 260, 13, 549, '1981-05-20');
INSERT INTO public.aircrafts (id, registration, home_airport_idx, model_idx, seats_nb, construction_date) VALUES (137, 'PVY', 314, 11, 422, '1983-09-09');
INSERT INTO public.aircrafts (id, registration, home_airport_idx, model_idx, seats_nb, construction_date) VALUES (138, 'DTG', 48, 16, 51, '2016-07-14');
INSERT INTO public.aircrafts (id, registration, home_airport_idx, model_idx, seats_nb, construction_date) VALUES (139, 'FKZ', 376, 16, 180, '1999-02-16');
INSERT INTO public.aircrafts (id, registration, home_airport_idx, model_idx, seats_nb, construction_date) VALUES (140, 'PLV', 285, 2, 288, '1998-08-17');
INSERT INTO public.aircrafts (id, registration, home_airport_idx, model_idx, seats_nb, construction_date) VALUES (141, 'RZD', 274, 5, 312, '1989-07-12');
INSERT INTO public.aircrafts (id, registration, home_airport_idx, model_idx, seats_nb, construction_date) VALUES (142, 'MZV', 146, 13, 190, '1994-09-02');
INSERT INTO public.aircrafts (id, registration, home_airport_idx, model_idx, seats_nb, construction_date) VALUES (143, 'PEB', 52, 19, 556, '1999-09-15');
INSERT INTO public.aircrafts (id, registration, home_airport_idx, model_idx, seats_nb, construction_date) VALUES (144, 'OGZ', 227, 22, 591, '1990-06-23');
INSERT INTO public.aircrafts (id, registration, home_airport_idx, model_idx, seats_nb, construction_date) VALUES (145, 'GUD', 218, 16, 376, '1991-09-19');
INSERT INTO public.aircrafts (id, registration, home_airport_idx, model_idx, seats_nb, construction_date) VALUES (146, 'IEP', 294, 10, 196, '1986-03-14');
INSERT INTO public.aircrafts (id, registration, home_airport_idx, model_idx, seats_nb, construction_date) VALUES (147, 'SRK', 91, 3, 392, '1989-03-28');
INSERT INTO public.aircrafts (id, registration, home_airport_idx, model_idx, seats_nb, construction_date) VALUES (148, 'WIA', 246, 25, 61, '2001-09-26');
INSERT INTO public.aircrafts (id, registration, home_airport_idx, model_idx, seats_nb, construction_date) VALUES (149, 'ZHW', 291, 1, 579, '2014-10-23');
INSERT INTO public.aircrafts (id, registration, home_airport_idx, model_idx, seats_nb, construction_date) VALUES (150, 'LLW', 198, 16, 75, '1995-12-28');
INSERT INTO public.aircrafts (id, registration, home_airport_idx, model_idx, seats_nb, construction_date) VALUES (151, 'QLA', 149, 26, 487, '2003-02-05');
INSERT INTO public.aircrafts (id, registration, home_airport_idx, model_idx, seats_nb, construction_date) VALUES (152, 'HNT', 126, 3, 587, '2016-09-28');
INSERT INTO public.aircrafts (id, registration, home_airport_idx, model_idx, seats_nb, construction_date) VALUES (153, 'MUJ', 232, 24, 127, '1993-09-02');
INSERT INTO public.aircrafts (id, registration, home_airport_idx, model_idx, seats_nb, construction_date) VALUES (154, 'USJ', 156, 7, 466, '1996-10-06');
INSERT INTO public.aircrafts (id, registration, home_airport_idx, model_idx, seats_nb, construction_date) VALUES (155, 'NFC', 34, 3, 94, '2006-07-20');
INSERT INTO public.aircrafts (id, registration, home_airport_idx, model_idx, seats_nb, construction_date) VALUES (156, 'MXY', 354, 19, 470, '1994-08-26');
INSERT INTO public.aircrafts (id, registration, home_airport_idx, model_idx, seats_nb, construction_date) VALUES (157, 'DDU', 52, 1, 128, '1991-12-14');
INSERT INTO public.aircrafts (id, registration, home_airport_idx, model_idx, seats_nb, construction_date) VALUES (158, 'GVU', 200, 14, 356, '1985-07-05');
INSERT INTO public.aircrafts (id, registration, home_airport_idx, model_idx, seats_nb, construction_date) VALUES (159, 'EIQ', 173, 10, 566, '2001-06-25');
INSERT INTO public.aircrafts (id, registration, home_airport_idx, model_idx, seats_nb, construction_date) VALUES (160, 'RJD', 32, 27, 315, '1986-10-02');
INSERT INTO public.aircrafts (id, registration, home_airport_idx, model_idx, seats_nb, construction_date) VALUES (161, 'DBJ', 214, 15, 269, '2018-06-02');
INSERT INTO public.aircrafts (id, registration, home_airport_idx, model_idx, seats_nb, construction_date) VALUES (162, 'ZJH', 357, 15, 492, '1981-02-27');
INSERT INTO public.aircrafts (id, registration, home_airport_idx, model_idx, seats_nb, construction_date) VALUES (163, 'NOV', 283, 9, 404, '1989-06-12');
INSERT INTO public.aircrafts (id, registration, home_airport_idx, model_idx, seats_nb, construction_date) VALUES (164, 'VLU', 253, 10, 108, '2016-08-31');
INSERT INTO public.aircrafts (id, registration, home_airport_idx, model_idx, seats_nb, construction_date) VALUES (165, 'JCX', 235, 15, 250, '2019-01-01');
INSERT INTO public.aircrafts (id, registration, home_airport_idx, model_idx, seats_nb, construction_date) VALUES (166, 'MJP', 5, 8, 410, '1989-12-15');
INSERT INTO public.aircrafts (id, registration, home_airport_idx, model_idx, seats_nb, construction_date) VALUES (167, 'VLW', 91, 5, 278, '2012-02-05');
INSERT INTO public.aircrafts (id, registration, home_airport_idx, model_idx, seats_nb, construction_date) VALUES (168, 'GHC', 353, 7, 234, '1983-09-28');
INSERT INTO public.aircrafts (id, registration, home_airport_idx, model_idx, seats_nb, construction_date) VALUES (169, 'ZXA', 219, 24, 190, '1982-07-11');
INSERT INTO public.aircrafts (id, registration, home_airport_idx, model_idx, seats_nb, construction_date) VALUES (170, 'YHO', 10, 20, 343, '1984-12-05');
INSERT INTO public.aircrafts (id, registration, home_airport_idx, model_idx, seats_nb, construction_date) VALUES (171, 'QHI', 314, 7, 304, '2013-03-13');
INSERT INTO public.aircrafts (id, registration, home_airport_idx, model_idx, seats_nb, construction_date) VALUES (172, 'DFW', 369, 3, 559, '1993-09-01');
INSERT INTO public.aircrafts (id, registration, home_airport_idx, model_idx, seats_nb, construction_date) VALUES (173, 'UFP', 218, 2, 152, '2017-12-10');
INSERT INTO public.aircrafts (id, registration, home_airport_idx, model_idx, seats_nb, construction_date) VALUES (174, 'PSY', 286, 6, 118, '2000-03-20');
INSERT INTO public.aircrafts (id, registration, home_airport_idx, model_idx, seats_nb, construction_date) VALUES (175, 'XJV', 266, 4, 165, '1984-05-22');
INSERT INTO public.aircrafts (id, registration, home_airport_idx, model_idx, seats_nb, construction_date) VALUES (176, 'EYZ', 212, 2, 212, '1998-05-14');
INSERT INTO public.aircrafts (id, registration, home_airport_idx, model_idx, seats_nb, construction_date) VALUES (177, 'EYQ', 13, 6, 569, '2002-05-16');
INSERT INTO public.aircrafts (id, registration, home_airport_idx, model_idx, seats_nb, construction_date) VALUES (178, 'PQW', 2, 9, 592, '1994-11-12');
INSERT INTO public.aircrafts (id, registration, home_airport_idx, model_idx, seats_nb, construction_date) VALUES (179, 'AVJ', 294, 22, 143, '2002-09-16');
INSERT INTO public.aircrafts (id, registration, home_airport_idx, model_idx, seats_nb, construction_date) VALUES (180, 'XXI', 160, 24, 269, '1984-11-21');
INSERT INTO public.aircrafts (id, registration, home_airport_idx, model_idx, seats_nb, construction_date) VALUES (181, 'VHY', 373, 21, 66, '2005-05-08');
INSERT INTO public.aircrafts (id, registration, home_airport_idx, model_idx, seats_nb, construction_date) VALUES (182, 'ELK', 254, 22, 400, '2007-03-13');
INSERT INTO public.aircrafts (id, registration, home_airport_idx, model_idx, seats_nb, construction_date) VALUES (183, 'SIP', 288, 11, 471, '2008-09-15');
INSERT INTO public.aircrafts (id, registration, home_airport_idx, model_idx, seats_nb, construction_date) VALUES (184, 'PRD', 198, 24, 220, '2003-02-13');
INSERT INTO public.aircrafts (id, registration, home_airport_idx, model_idx, seats_nb, construction_date) VALUES (185, 'LDE', 15, 14, 411, '1982-07-31');
INSERT INTO public.aircrafts (id, registration, home_airport_idx, model_idx, seats_nb, construction_date) VALUES (186, 'FGZ', 111, 16, 204, '1995-12-17');
INSERT INTO public.aircrafts (id, registration, home_airport_idx, model_idx, seats_nb, construction_date) VALUES (187, 'VEP', 28, 12, 461, '2017-12-02');
INSERT INTO public.aircrafts (id, registration, home_airport_idx, model_idx, seats_nb, construction_date) VALUES (188, 'KZX', 255, 3, 343, '2017-11-12');
INSERT INTO public.aircrafts (id, registration, home_airport_idx, model_idx, seats_nb, construction_date) VALUES (189, 'YZG', 278, 11, 139, '2000-01-19');
INSERT INTO public.aircrafts (id, registration, home_airport_idx, model_idx, seats_nb, construction_date) VALUES (190, 'NHW', 96, 17, 550, '2002-03-29');
INSERT INTO public.aircrafts (id, registration, home_airport_idx, model_idx, seats_nb, construction_date) VALUES (191, 'TCY', 273, 27, 531, '2000-01-07');
INSERT INTO public.aircrafts (id, registration, home_airport_idx, model_idx, seats_nb, construction_date) VALUES (192, 'LMA', 80, 26, 520, '1994-09-01');
INSERT INTO public.aircrafts (id, registration, home_airport_idx, model_idx, seats_nb, construction_date) VALUES (193, 'UDP', 169, 26, 157, '2005-07-23');
INSERT INTO public.aircrafts (id, registration, home_airport_idx, model_idx, seats_nb, construction_date) VALUES (194, 'WKR', 152, 15, 429, '1995-02-12');
INSERT INTO public.aircrafts (id, registration, home_airport_idx, model_idx, seats_nb, construction_date) VALUES (195, 'TFB', 271, 2, 279, '2010-01-10');
INSERT INTO public.aircrafts (id, registration, home_airport_idx, model_idx, seats_nb, construction_date) VALUES (196, 'TEN', 83, 11, 87, '1992-03-19');
INSERT INTO public.aircrafts (id, registration, home_airport_idx, model_idx, seats_nb, construction_date) VALUES (197, 'KZY', 29, 8, 201, '2003-06-01');
INSERT INTO public.aircrafts (id, registration, home_airport_idx, model_idx, seats_nb, construction_date) VALUES (198, 'KEZ', 165, 11, 321, '1997-07-14');
INSERT INTO public.aircrafts (id, registration, home_airport_idx, model_idx, seats_nb, construction_date) VALUES (199, 'QNQ', 340, 11, 353, '2008-06-23');
INSERT INTO public.aircrafts (id, registration, home_airport_idx, model_idx, seats_nb, construction_date) VALUES (200, 'PMT', 375, 17, 155, '1983-04-04');
INSERT INTO public.aircrafts (id, registration, home_airport_idx, model_idx, seats_nb, construction_date) VALUES (201, 'IXP', 90, 12, 315, '2010-10-16');
INSERT INTO public.aircrafts (id, registration, home_airport_idx, model_idx, seats_nb, construction_date) VALUES (202, 'GSV', 164, 19, 363, '2012-09-30');
INSERT INTO public.aircrafts (id, registration, home_airport_idx, model_idx, seats_nb, construction_date) VALUES (203, 'LCZ', 218, 1, 586, '2003-12-16');
INSERT INTO public.aircrafts (id, registration, home_airport_idx, model_idx, seats_nb, construction_date) VALUES (204, 'IWV', 191, 12, 586, '1989-07-22');
INSERT INTO public.aircrafts (id, registration, home_airport_idx, model_idx, seats_nb, construction_date) VALUES (205, 'XLZ', 25, 19, 83, '1985-04-09');
INSERT INTO public.aircrafts (id, registration, home_airport_idx, model_idx, seats_nb, construction_date) VALUES (206, 'ICK', 167, 4, 359, '2012-03-18');
INSERT INTO public.aircrafts (id, registration, home_airport_idx, model_idx, seats_nb, construction_date) VALUES (207, 'ZJW', 344, 24, 514, '1984-06-10');
INSERT INTO public.aircrafts (id, registration, home_airport_idx, model_idx, seats_nb, construction_date) VALUES (208, 'BWV', 254, 3, 202, '1991-04-06');
INSERT INTO public.aircrafts (id, registration, home_airport_idx, model_idx, seats_nb, construction_date) VALUES (209, 'ALZ', 375, 23, 256, '1993-10-31');
INSERT INTO public.aircrafts (id, registration, home_airport_idx, model_idx, seats_nb, construction_date) VALUES (210, 'UZT', 368, 7, 185, '1985-01-26');
INSERT INTO public.aircrafts (id, registration, home_airport_idx, model_idx, seats_nb, construction_date) VALUES (211, 'DDV', 37, 6, 298, '1989-03-08');
INSERT INTO public.aircrafts (id, registration, home_airport_idx, model_idx, seats_nb, construction_date) VALUES (212, 'NDO', 25, 13, 95, '2010-01-26');
INSERT INTO public.aircrafts (id, registration, home_airport_idx, model_idx, seats_nb, construction_date) VALUES (213, 'FBA', 200, 20, 424, '2003-03-13');
INSERT INTO public.aircrafts (id, registration, home_airport_idx, model_idx, seats_nb, construction_date) VALUES (214, 'AIS', 278, 12, 277, '1997-07-20');
INSERT INTO public.aircrafts (id, registration, home_airport_idx, model_idx, seats_nb, construction_date) VALUES (215, 'HOQ', 187, 21, 277, '1991-08-17');
INSERT INTO public.aircrafts (id, registration, home_airport_idx, model_idx, seats_nb, construction_date) VALUES (216, 'RWD', 391, 27, 235, '1997-06-26');
INSERT INTO public.aircrafts (id, registration, home_airport_idx, model_idx, seats_nb, construction_date) VALUES (217, 'OFS', 334, 11, 413, '1982-07-23');
INSERT INTO public.aircrafts (id, registration, home_airport_idx, model_idx, seats_nb, construction_date) VALUES (218, 'KQW', 63, 25, 428, '1987-07-17');
INSERT INTO public.aircrafts (id, registration, home_airport_idx, model_idx, seats_nb, construction_date) VALUES (219, 'VCB', 103, 7, 293, '1997-02-08');
INSERT INTO public.aircrafts (id, registration, home_airport_idx, model_idx, seats_nb, construction_date) VALUES (220, 'PKV', 163, 19, 287, '2005-11-08');
INSERT INTO public.aircrafts (id, registration, home_airport_idx, model_idx, seats_nb, construction_date) VALUES (221, 'NWE', 299, 9, 545, '1983-11-11');
INSERT INTO public.aircrafts (id, registration, home_airport_idx, model_idx, seats_nb, construction_date) VALUES (222, 'EJX', 334, 25, 362, '1994-03-17');
INSERT INTO public.aircrafts (id, registration, home_airport_idx, model_idx, seats_nb, construction_date) VALUES (223, 'IQG', 102, 16, 164, '2004-11-28');
INSERT INTO public.aircrafts (id, registration, home_airport_idx, model_idx, seats_nb, construction_date) VALUES (224, 'JRS', 183, 13, 207, '2008-02-02');
INSERT INTO public.aircrafts (id, registration, home_airport_idx, model_idx, seats_nb, construction_date) VALUES (225, 'GUB', 301, 9, 259, '1996-05-10');
INSERT INTO public.aircrafts (id, registration, home_airport_idx, model_idx, seats_nb, construction_date) VALUES (226, 'HCG', 228, 15, 57, '2006-04-26');
INSERT INTO public.aircrafts (id, registration, home_airport_idx, model_idx, seats_nb, construction_date) VALUES (227, 'XRG', 216, 4, 289, '1985-02-19');
INSERT INTO public.aircrafts (id, registration, home_airport_idx, model_idx, seats_nb, construction_date) VALUES (228, 'BVW', 377, 27, 273, '2012-02-22');
INSERT INTO public.aircrafts (id, registration, home_airport_idx, model_idx, seats_nb, construction_date) VALUES (229, 'TMT', 289, 10, 192, '1981-08-24');
INSERT INTO public.aircrafts (id, registration, home_airport_idx, model_idx, seats_nb, construction_date) VALUES (230, 'CGS', 98, 3, 283, '2009-01-08');
INSERT INTO public.aircrafts (id, registration, home_airport_idx, model_idx, seats_nb, construction_date) VALUES (231, 'QKT', 272, 8, 394, '2018-11-05');
INSERT INTO public.aircrafts (id, registration, home_airport_idx, model_idx, seats_nb, construction_date) VALUES (232, 'GVN', 331, 20, 151, '2013-12-30');
INSERT INTO public.aircrafts (id, registration, home_airport_idx, model_idx, seats_nb, construction_date) VALUES (233, 'ITI', 161, 26, 453, '1998-01-11');
INSERT INTO public.aircrafts (id, registration, home_airport_idx, model_idx, seats_nb, construction_date) VALUES (234, 'EGY', 95, 3, 537, '2001-09-06');
INSERT INTO public.aircrafts (id, registration, home_airport_idx, model_idx, seats_nb, construction_date) VALUES (235, 'QJP', 149, 11, 188, '2002-09-08');
INSERT INTO public.aircrafts (id, registration, home_airport_idx, model_idx, seats_nb, construction_date) VALUES (236, 'KVW', 203, 10, 93, '1986-09-01');
INSERT INTO public.aircrafts (id, registration, home_airport_idx, model_idx, seats_nb, construction_date) VALUES (237, 'YWG', 267, 10, 415, '2006-05-29');
INSERT INTO public.aircrafts (id, registration, home_airport_idx, model_idx, seats_nb, construction_date) VALUES (238, 'COU', 207, 10, 495, '2012-07-05');
INSERT INTO public.aircrafts (id, registration, home_airport_idx, model_idx, seats_nb, construction_date) VALUES (239, 'LNG', 335, 11, 582, '1993-01-06');
INSERT INTO public.aircrafts (id, registration, home_airport_idx, model_idx, seats_nb, construction_date) VALUES (240, 'ESY', 283, 24, 196, '2019-08-28');
INSERT INTO public.aircrafts (id, registration, home_airport_idx, model_idx, seats_nb, construction_date) VALUES (241, 'ERH', 258, 7, 297, '1995-03-23');
INSERT INTO public.aircrafts (id, registration, home_airport_idx, model_idx, seats_nb, construction_date) VALUES (242, 'KSQ', 359, 7, 221, '2015-02-09');
INSERT INTO public.aircrafts (id, registration, home_airport_idx, model_idx, seats_nb, construction_date) VALUES (243, 'ZCQ', 311, 4, 66, '2017-11-24');
INSERT INTO public.aircrafts (id, registration, home_airport_idx, model_idx, seats_nb, construction_date) VALUES (244, 'RPS', 224, 17, 327, '1981-06-09');
INSERT INTO public.aircrafts (id, registration, home_airport_idx, model_idx, seats_nb, construction_date) VALUES (245, 'IMS', 19, 1, 123, '1999-11-26');
INSERT INTO public.aircrafts (id, registration, home_airport_idx, model_idx, seats_nb, construction_date) VALUES (246, 'VFQ', 287, 7, 130, '2008-11-08');
INSERT INTO public.aircrafts (id, registration, home_airport_idx, model_idx, seats_nb, construction_date) VALUES (247, 'XHQ', 44, 22, 580, '1986-08-21');
INSERT INTO public.aircrafts (id, registration, home_airport_idx, model_idx, seats_nb, construction_date) VALUES (248, 'VKK', 167, 14, 151, '2008-12-25');
INSERT INTO public.aircrafts (id, registration, home_airport_idx, model_idx, seats_nb, construction_date) VALUES (249, 'XAH', 140, 13, 63, '1995-11-30');
INSERT INTO public.aircrafts (id, registration, home_airport_idx, model_idx, seats_nb, construction_date) VALUES (250, 'IQM', 313, 18, 54, '1992-04-14');

-- Employee functions
create table employee_functions
(
    id   serial       not null
        constraint employee_functions_pk
            primary key,
    name varchar(128) not null
);

alter table employee_functions
    owner to postgres;

INSERT INTO public.employee_functions (id, name) VALUES (1, 'Pilot');
INSERT INTO public.employee_functions (id, name) VALUES (2, 'Steward');

-- Employees
create table employees
(
    id                    serial       not null
        constraint employees_pk
            primary key,
    first_name            varchar(255) not null,
    last_name             varchar(255) not null,
    birthday              timestamp    not null,
    employed_since        date         not null,
    home_city_idx         integer      not null
        constraint home_city_fk
            references cities,
    employee_function_idx integer
);

alter table employees
    owner to postgres;

INSERT INTO public.employees (id, first_name, last_name, birthday, employed_since, home_city_idx, employee_function_idx) VALUES (772, 'Paulita', 'Bertwistle', '2003-09-23 00:00:00.000000', '2017-09-04', 2, 2);
INSERT INTO public.employees (id, first_name, last_name, birthday, employed_since, home_city_idx, employee_function_idx) VALUES (774, 'Carole', 'Delgaty', '1954-08-05 00:00:00.000000', '2019-05-18', 390, 2);
INSERT INTO public.employees (id, first_name, last_name, birthday, employed_since, home_city_idx, employee_function_idx) VALUES (771, 'Wolfie', 'Barthropp', '1972-05-12 00:00:00.000000', '1982-07-25', 24, 2);
INSERT INTO public.employees (id, first_name, last_name, birthday, employed_since, home_city_idx, employee_function_idx) VALUES (770, 'Caty', 'Boldt', '1998-04-20 00:00:00.000000', '2002-09-26', 394, 2);
INSERT INTO public.employees (id, first_name, last_name, birthday, employed_since, home_city_idx, employee_function_idx) VALUES (793, 'Jacynth', 'Dubock', '1962-07-29 00:00:00.000000', '1994-01-25', 320, 1);
INSERT INTO public.employees (id, first_name, last_name, birthday, employed_since, home_city_idx, employee_function_idx) VALUES (792, 'Cristian', 'McGennis', '1995-04-08 00:00:00.000000', '1992-08-13', 128, 1);
INSERT INTO public.employees (id, first_name, last_name, birthday, employed_since, home_city_idx, employee_function_idx) VALUES (794, 'Felecia', 'Vedikhov', '1976-06-21 00:00:00.000000', '2014-12-28', 325, 1);
INSERT INTO public.employees (id, first_name, last_name, birthday, employed_since, home_city_idx, employee_function_idx) VALUES (789, 'Melania', 'Cripin', '1987-08-22 00:00:00.000000', '2003-03-16', 387, 1);
INSERT INTO public.employees (id, first_name, last_name, birthday, employed_since, home_city_idx, employee_function_idx) VALUES (788, 'Giovanna', 'Gaw', '1982-02-26 00:00:00.000000', '1997-05-09', 357, 1);
INSERT INTO public.employees (id, first_name, last_name, birthday, employed_since, home_city_idx, employee_function_idx) VALUES (791, 'Sayers', 'Revan', '1985-12-08 00:00:00.000000', '1986-06-14', 4, 1);
INSERT INTO public.employees (id, first_name, last_name, birthday, employed_since, home_city_idx, employee_function_idx) VALUES (785, 'Yulma', 'MacCardle', '1958-07-11 00:00:00.000000', '1991-07-20', 395, 1);
INSERT INTO public.employees (id, first_name, last_name, birthday, employed_since, home_city_idx, employee_function_idx) VALUES (787, 'Jinny', 'Lamburn', '2014-10-11 00:00:00.000000', '1986-07-20', 253, 1);
INSERT INTO public.employees (id, first_name, last_name, birthday, employed_since, home_city_idx, employee_function_idx) VALUES (780, 'Brendon', 'Alp', '1992-04-13 00:00:00.000000', '1996-07-11', 339, 1);
INSERT INTO public.employees (id, first_name, last_name, birthday, employed_since, home_city_idx, employee_function_idx) VALUES (783, 'Edsel', 'Tett', '2017-01-29 00:00:00.000000', '2002-01-18', 310, 1);
INSERT INTO public.employees (id, first_name, last_name, birthday, employed_since, home_city_idx, employee_function_idx) VALUES (777, 'Candice', 'Tulloch', '1961-08-28 00:00:00.000000', '1999-04-27', 231, 1);
INSERT INTO public.employees (id, first_name, last_name, birthday, employed_since, home_city_idx, employee_function_idx) VALUES (776, 'Yardley', 'Duffell', '1966-08-02 00:00:00.000000', '1993-04-18', 379, 1);
INSERT INTO public.employees (id, first_name, last_name, birthday, employed_since, home_city_idx, employee_function_idx) VALUES (775, 'Osmund', 'Hartburn', '1992-08-06 00:00:00.000000', '2007-03-06', 29, 1);
INSERT INTO public.employees (id, first_name, last_name, birthday, employed_since, home_city_idx, employee_function_idx) VALUES (769, 'Lurline', 'Igounet', '2019-06-03 00:00:00.000000', '1993-07-16', 248, 1);
INSERT INTO public.employees (id, first_name, last_name, birthday, employed_since, home_city_idx, employee_function_idx) VALUES (768, 'Chas', 'Symons', '1977-03-21 00:00:00.000000', '2004-07-20', 302, 1);
INSERT INTO public.employees (id, first_name, last_name, birthday, employed_since, home_city_idx, employee_function_idx) VALUES (800, 'Garold', 'Hug', '1962-12-17 00:00:00.000000', '2014-05-10', 98, 1);
INSERT INTO public.employees (id, first_name, last_name, birthday, employed_since, home_city_idx, employee_function_idx) VALUES (502, 'Orella', 'Kenrack', '1980-11-29 00:00:00.000000', '2001-05-15', 35, 1);
INSERT INTO public.employees (id, first_name, last_name, birthday, employed_since, home_city_idx, employee_function_idx) VALUES (716, 'Ozzy', 'Spurgin', '1951-04-27 00:00:00.000000', '2011-07-29', 205, 1);
INSERT INTO public.employees (id, first_name, last_name, birthday, employed_since, home_city_idx, employee_function_idx) VALUES (541, 'Ariel', 'Eames', '2011-03-08 00:00:00.000000', '2018-07-16', 390, 2);
INSERT INTO public.employees (id, first_name, last_name, birthday, employed_since, home_city_idx, employee_function_idx) VALUES (540, 'Henryetta', 'Dumsday', '2019-08-18 00:00:00.000000', '1987-12-10', 45, 2);
INSERT INTO public.employees (id, first_name, last_name, birthday, employed_since, home_city_idx, employee_function_idx) VALUES (543, 'Jayme', 'Fernier', '1965-07-10 00:00:00.000000', '1998-01-05', 212, 2);
INSERT INTO public.employees (id, first_name, last_name, birthday, employed_since, home_city_idx, employee_function_idx) VALUES (542, 'Barthel', 'Le Brum', '1951-01-29 00:00:00.000000', '1999-05-14', 234, 2);
INSERT INTO public.employees (id, first_name, last_name, birthday, employed_since, home_city_idx, employee_function_idx) VALUES (539, 'Stanford', 'Ridding', '1974-10-28 00:00:00.000000', '2018-01-24', 69, 2);
INSERT INTO public.employees (id, first_name, last_name, birthday, employed_since, home_city_idx, employee_function_idx) VALUES (538, 'Wally', 'Barnett', '1984-04-24 00:00:00.000000', '2019-05-15', 78, 2);
INSERT INTO public.employees (id, first_name, last_name, birthday, employed_since, home_city_idx, employee_function_idx) VALUES (533, 'Jemmie', 'Hubbold', '1963-10-13 00:00:00.000000', '1985-03-01', 233, 2);
INSERT INTO public.employees (id, first_name, last_name, birthday, employed_since, home_city_idx, employee_function_idx) VALUES (532, 'Janene', 'Grzeszczyk', '1998-01-03 00:00:00.000000', '2015-09-17', 231, 2);
INSERT INTO public.employees (id, first_name, last_name, birthday, employed_since, home_city_idx, employee_function_idx) VALUES (531, 'Nessi', 'Dowers', '1992-10-29 00:00:00.000000', '1983-07-11', 336, 2);
INSERT INTO public.employees (id, first_name, last_name, birthday, employed_since, home_city_idx, employee_function_idx) VALUES (525, 'Mae', 'Aitchinson', '1979-10-29 00:00:00.000000', '1991-06-16', 18, 2);
INSERT INTO public.employees (id, first_name, last_name, birthday, employed_since, home_city_idx, employee_function_idx) VALUES (520, 'Ezmeralda', 'Hartgill', '1990-01-24 00:00:00.000000', '1997-11-27', 58, 2);
INSERT INTO public.employees (id, first_name, last_name, birthday, employed_since, home_city_idx, employee_function_idx) VALUES (523, 'Piotr', 'Jost', '1974-08-06 00:00:00.000000', '2002-03-04', 360, 2);
INSERT INTO public.employees (id, first_name, last_name, birthday, employed_since, home_city_idx, employee_function_idx) VALUES (519, 'Wilhelmine', 'Treher', '1970-07-04 00:00:00.000000', '1985-07-04', 38, 2);
INSERT INTO public.employees (id, first_name, last_name, birthday, employed_since, home_city_idx, employee_function_idx) VALUES (518, 'Eb', 'Rusling', '1969-09-14 00:00:00.000000', '1986-09-06', 38, 2);
INSERT INTO public.employees (id, first_name, last_name, birthday, employed_since, home_city_idx, employee_function_idx) VALUES (514, 'Yasmeen', 'Argo', '1955-11-12 00:00:00.000000', '1999-12-11', 211, 2);
INSERT INTO public.employees (id, first_name, last_name, birthday, employed_since, home_city_idx, employee_function_idx) VALUES (573, 'Cole', 'Sebert', '1956-08-30 00:00:00.000000', '2019-01-04', 106, 2);
INSERT INTO public.employees (id, first_name, last_name, birthday, employed_since, home_city_idx, employee_function_idx) VALUES (572, 'Hughie', 'Gillice', '2018-08-05 00:00:00.000000', '1983-05-10', 231, 2);
INSERT INTO public.employees (id, first_name, last_name, birthday, employed_since, home_city_idx, employee_function_idx) VALUES (574, 'Mirabella', 'Longson', '2013-11-24 00:00:00.000000', '2015-03-01', 356, 2);
INSERT INTO public.employees (id, first_name, last_name, birthday, employed_since, home_city_idx, employee_function_idx) VALUES (571, 'Idell', 'Tiller', '1977-10-15 00:00:00.000000', '2014-08-31', 371, 2);
INSERT INTO public.employees (id, first_name, last_name, birthday, employed_since, home_city_idx, employee_function_idx) VALUES (570, 'Domingo', 'Michal', '2014-06-16 00:00:00.000000', '1994-01-03', 176, 2);
INSERT INTO public.employees (id, first_name, last_name, birthday, employed_since, home_city_idx, employee_function_idx) VALUES (677, 'Diannne', 'Teodorski', '1973-08-20 00:00:00.000000', '2003-02-05', 283, 1);
INSERT INTO public.employees (id, first_name, last_name, birthday, employed_since, home_city_idx, employee_function_idx) VALUES (743, 'Flossie', 'Rayburn', '1981-03-19 00:00:00.000000', '2002-01-05', 89, 2);
INSERT INTO public.employees (id, first_name, last_name, birthday, employed_since, home_city_idx, employee_function_idx) VALUES (760, 'Elliot', 'Maginn', '2009-08-08 00:00:00.000000', '1981-08-14', 330, 2);
INSERT INTO public.employees (id, first_name, last_name, birthday, employed_since, home_city_idx, employee_function_idx) VALUES (560, 'Fae', 'Kardos', '2000-10-30 00:00:00.000000', '2008-08-29', 283, 2);
INSERT INTO public.employees (id, first_name, last_name, birthday, employed_since, home_city_idx, employee_function_idx) VALUES (646, 'Nelly', 'Hayton', '1982-04-17 00:00:00.000000', '2008-09-09', 144, 1);
INSERT INTO public.employees (id, first_name, last_name, birthday, employed_since, home_city_idx, employee_function_idx) VALUES (556, 'Marji', 'Silberschatz', '1952-06-10 00:00:00.000000', '2018-03-20', 285, 2);
INSERT INTO public.employees (id, first_name, last_name, birthday, employed_since, home_city_idx, employee_function_idx) VALUES (659, 'Milton', 'Coupman', '1983-03-20 00:00:00.000000', '1992-03-04', 348, 1);
INSERT INTO public.employees (id, first_name, last_name, birthday, employed_since, home_city_idx, employee_function_idx) VALUES (647, 'Ruddie', 'Redier', '2005-08-02 00:00:00.000000', '1988-02-16', 25, 1);
INSERT INTO public.employees (id, first_name, last_name, birthday, employed_since, home_city_idx, employee_function_idx) VALUES (553, 'Brandise', 'Cockran', '1994-02-12 00:00:00.000000', '1994-11-22', 312, 2);
INSERT INTO public.employees (id, first_name, last_name, birthday, employed_since, home_city_idx, employee_function_idx) VALUES (552, 'Brigitta', 'Goard', '1974-09-08 00:00:00.000000', '1983-11-13', 325, 2);
INSERT INTO public.employees (id, first_name, last_name, birthday, employed_since, home_city_idx, employee_function_idx) VALUES (707, 'Dean', 'Cuxon', '1999-01-22 00:00:00.000000', '2006-09-15', 230, 2);
INSERT INTO public.employees (id, first_name, last_name, birthday, employed_since, home_city_idx, employee_function_idx) VALUES (554, 'Ailee', 'Ayto', '1992-03-29 00:00:00.000000', '2014-02-16', 98, 2);
INSERT INTO public.employees (id, first_name, last_name, birthday, employed_since, home_city_idx, employee_function_idx) VALUES (548, 'Nickolaus', 'Witnall', '1955-02-07 00:00:00.000000', '2000-02-07', 65, 2);
INSERT INTO public.employees (id, first_name, last_name, birthday, employed_since, home_city_idx, employee_function_idx) VALUES (551, 'Winfield', 'Tegeller', '1983-04-26 00:00:00.000000', '2001-06-19', 183, 2);
INSERT INTO public.employees (id, first_name, last_name, birthday, employed_since, home_city_idx, employee_function_idx) VALUES (544, 'Reeba', 'Oen', '2002-05-21 00:00:00.000000', '2010-10-25', 109, 2);
INSERT INTO public.employees (id, first_name, last_name, birthday, employed_since, home_city_idx, employee_function_idx) VALUES (605, 'Lira', 'McCarney', '1966-03-15 00:00:00.000000', '1985-01-26', 282, 2);
INSERT INTO public.employees (id, first_name, last_name, birthday, employed_since, home_city_idx, employee_function_idx) VALUES (607, 'Emogene', 'Harrell', '1969-12-25 00:00:00.000000', '1982-07-03', 79, 2);
INSERT INTO public.employees (id, first_name, last_name, birthday, employed_since, home_city_idx, employee_function_idx) VALUES (606, 'Flo', 'Cayley', '2004-03-26 00:00:00.000000', '2016-06-29', 335, 2);
INSERT INTO public.employees (id, first_name, last_name, birthday, employed_since, home_city_idx, employee_function_idx) VALUES (649, 'Gerianna', 'Wedgwood', '2016-08-25 00:00:00.000000', '1983-11-19', 161, 1);
INSERT INTO public.employees (id, first_name, last_name, birthday, employed_since, home_city_idx, employee_function_idx) VALUES (602, 'Elberta', 'Ridgewell', '1955-04-25 00:00:00.000000', '2001-08-09', 359, 2);
INSERT INTO public.employees (id, first_name, last_name, birthday, employed_since, home_city_idx, employee_function_idx) VALUES (597, 'Donielle', 'Ciobotaru', '1968-06-22 00:00:00.000000', '2011-10-01', 20, 2);
INSERT INTO public.employees (id, first_name, last_name, birthday, employed_since, home_city_idx, employee_function_idx) VALUES (596, 'Hansiain', 'Boyles', '1960-09-06 00:00:00.000000', '2017-05-29', 39, 2);
INSERT INTO public.employees (id, first_name, last_name, birthday, employed_since, home_city_idx, employee_function_idx) VALUES (599, 'Tove', 'Lambell', '1976-02-17 00:00:00.000000', '1990-06-29', 19, 2);
INSERT INTO public.employees (id, first_name, last_name, birthday, employed_since, home_city_idx, employee_function_idx) VALUES (598, 'Ainsley', 'Askin', '1969-12-14 00:00:00.000000', '1998-12-06', 234, 2);
INSERT INTO public.employees (id, first_name, last_name, birthday, employed_since, home_city_idx, employee_function_idx) VALUES (595, 'Alexandrina', 'Vuittet', '1993-07-09 00:00:00.000000', '2015-03-10', 382, 2);
INSERT INTO public.employees (id, first_name, last_name, birthday, employed_since, home_city_idx, employee_function_idx) VALUES (590, 'Emilie', 'Searby', '1967-03-07 00:00:00.000000', '2006-02-27', 20, 2);
INSERT INTO public.employees (id, first_name, last_name, birthday, employed_since, home_city_idx, employee_function_idx) VALUES (703, 'Tonya', 'Baudou', '2012-12-20 00:00:00.000000', '1996-10-03', 26, 1);
INSERT INTO public.employees (id, first_name, last_name, birthday, employed_since, home_city_idx, employee_function_idx) VALUES (584, 'Gunilla', 'Brok', '2006-07-21 00:00:00.000000', '2011-03-18', 97, 2);
INSERT INTO public.employees (id, first_name, last_name, birthday, employed_since, home_city_idx, employee_function_idx) VALUES (586, 'Franciska', 'Winterbotham', '1953-04-10 00:00:00.000000', '1982-01-07', 265, 2);
INSERT INTO public.employees (id, first_name, last_name, birthday, employed_since, home_city_idx, employee_function_idx) VALUES (581, 'Tomi', 'Lynett', '1954-02-26 00:00:00.000000', '1991-09-06', 166, 2);
INSERT INTO public.employees (id, first_name, last_name, birthday, employed_since, home_city_idx, employee_function_idx) VALUES (582, 'Tatum', 'O''Doran', '1951-04-16 00:00:00.000000', '2011-03-20', 104, 2);
INSERT INTO public.employees (id, first_name, last_name, birthday, employed_since, home_city_idx, employee_function_idx) VALUES (742, 'Estevan', 'Spark', '1989-04-12 00:00:00.000000', '1982-01-10', 220, 2);
INSERT INTO public.employees (id, first_name, last_name, birthday, employed_since, home_city_idx, employee_function_idx) VALUES (579, 'Clerkclaude', 'Pavett', '2004-02-08 00:00:00.000000', '2007-12-12', 45, 2);
INSERT INTO public.employees (id, first_name, last_name, birthday, employed_since, home_city_idx, employee_function_idx) VALUES (578, 'Isidoro', 'Giblin', '1951-02-03 00:00:00.000000', '1980-11-14', 262, 2);
INSERT INTO public.employees (id, first_name, last_name, birthday, employed_since, home_city_idx, employee_function_idx) VALUES (757, 'Bobbi', 'Moriarty', '2002-11-13 00:00:00.000000', '1994-04-11', 234, 2);
INSERT INTO public.employees (id, first_name, last_name, birthday, employed_since, home_city_idx, employee_function_idx) VALUES (537, 'Saleem', 'Houchen', '1954-07-30 00:00:00.000000', '2010-06-12', 201, 1);
INSERT INTO public.employees (id, first_name, last_name, birthday, employed_since, home_city_idx, employee_function_idx) VALUES (536, 'Tobi', 'Biaggiotti', '1951-06-13 00:00:00.000000', '2017-01-06', 352, 1);
INSERT INTO public.employees (id, first_name, last_name, birthday, employed_since, home_city_idx, employee_function_idx) VALUES (638, 'Hodge', 'Griffe', '1974-01-26 00:00:00.000000', '2014-04-04', 103, 2);
INSERT INTO public.employees (id, first_name, last_name, birthday, employed_since, home_city_idx, employee_function_idx) VALUES (633, 'Yetta', 'MacKenny', '2005-09-26 00:00:00.000000', '2010-10-30', 203, 2);
INSERT INTO public.employees (id, first_name, last_name, birthday, employed_since, home_city_idx, employee_function_idx) VALUES (632, 'Aretha', 'Hinrichs', '1955-11-08 00:00:00.000000', '2017-10-08', 145, 2);
INSERT INTO public.employees (id, first_name, last_name, birthday, employed_since, home_city_idx, employee_function_idx) VALUES (724, 'Farley', 'Tour', '2011-06-28 00:00:00.000000', '1992-07-09', 106, 1);
INSERT INTO public.employees (id, first_name, last_name, birthday, employed_since, home_city_idx, employee_function_idx) VALUES (535, 'Etan', 'Yurukhin', '2007-01-28 00:00:00.000000', '1987-05-24', 371, 1);
INSERT INTO public.employees (id, first_name, last_name, birthday, employed_since, home_city_idx, employee_function_idx) VALUES (534, 'Lexine', 'Aishford', '1963-12-10 00:00:00.000000', '1994-12-22', 6, 1);
INSERT INTO public.employees (id, first_name, last_name, birthday, employed_since, home_city_idx, employee_function_idx) VALUES (529, 'Andras', 'Driutti', '1965-05-18 00:00:00.000000', '2002-07-30', 198, 1);
INSERT INTO public.employees (id, first_name, last_name, birthday, employed_since, home_city_idx, employee_function_idx) VALUES (528, 'Bevvy', 'Castillon', '1973-12-15 00:00:00.000000', '2013-08-21', 332, 1);
INSERT INTO public.employees (id, first_name, last_name, birthday, employed_since, home_city_idx, employee_function_idx) VALUES (530, 'Sophronia', 'Muncie', '2006-01-17 00:00:00.000000', '2016-08-19', 204, 1);
INSERT INTO public.employees (id, first_name, last_name, birthday, employed_since, home_city_idx, employee_function_idx) VALUES (735, 'Netty', 'Raeburn', '1954-07-01 00:00:00.000000', '1992-09-30', 67, 1);
INSERT INTO public.employees (id, first_name, last_name, birthday, employed_since, home_city_idx, employee_function_idx) VALUES (524, 'Linn', 'Cowap', '1969-05-27 00:00:00.000000', '2002-01-24', 262, 1);
INSERT INTO public.employees (id, first_name, last_name, birthday, employed_since, home_city_idx, employee_function_idx) VALUES (527, 'Evangelina', 'Poleye', '2002-07-09 00:00:00.000000', '2002-04-14', 177, 1);
INSERT INTO public.employees (id, first_name, last_name, birthday, employed_since, home_city_idx, employee_function_idx) VALUES (526, 'Ronnie', 'Blaza', '1959-01-14 00:00:00.000000', '1989-10-26', 239, 1);
INSERT INTO public.employees (id, first_name, last_name, birthday, employed_since, home_city_idx, employee_function_idx) VALUES (521, 'Zara', 'Gornar', '1973-09-15 00:00:00.000000', '1987-01-22', 334, 1);
INSERT INTO public.employees (id, first_name, last_name, birthday, employed_since, home_city_idx, employee_function_idx) VALUES (623, 'Annabal', 'Gillatt', '1981-06-03 00:00:00.000000', '1993-03-26', 331, 2);
INSERT INTO public.employees (id, first_name, last_name, birthday, employed_since, home_city_idx, employee_function_idx) VALUES (522, 'Babara', 'Dibbs', '1973-09-06 00:00:00.000000', '1982-07-08', 280, 1);
INSERT INTO public.employees (id, first_name, last_name, birthday, employed_since, home_city_idx, employee_function_idx) VALUES (517, 'Niles', 'Kleine', '1972-10-25 00:00:00.000000', '2016-03-20', 92, 1);
INSERT INTO public.employees (id, first_name, last_name, birthday, employed_since, home_city_idx, employee_function_idx) VALUES (516, 'Dyana', 'Booley', '2013-11-07 00:00:00.000000', '1997-06-15', 144, 1);
INSERT INTO public.employees (id, first_name, last_name, birthday, employed_since, home_city_idx, employee_function_idx) VALUES (618, 'Agnella', 'Laviste', '1994-09-05 00:00:00.000000', '1997-04-22', 65, 2);
INSERT INTO public.employees (id, first_name, last_name, birthday, employed_since, home_city_idx, employee_function_idx) VALUES (752, 'Ira', 'Pethick', '2008-09-17 00:00:00.000000', '2008-07-04', 202, 2);
INSERT INTO public.employees (id, first_name, last_name, birthday, employed_since, home_city_idx, employee_function_idx) VALUES (513, 'Rowney', 'Lowne', '1978-05-05 00:00:00.000000', '1995-07-28', 347, 1);
INSERT INTO public.employees (id, first_name, last_name, birthday, employed_since, home_city_idx, employee_function_idx) VALUES (512, 'Wallie', 'Samwaye', '2014-05-06 00:00:00.000000', '1998-02-26', 123, 1);
INSERT INTO public.employees (id, first_name, last_name, birthday, employed_since, home_city_idx, employee_function_idx) VALUES (515, 'Julienne', 'Canti', '1983-12-08 00:00:00.000000', '2001-01-13', 192, 1);
INSERT INTO public.employees (id, first_name, last_name, birthday, employed_since, home_city_idx, employee_function_idx) VALUES (609, 'Bryon', 'Mosen', '1958-11-28 00:00:00.000000', '1990-12-26', 336, 2);
INSERT INTO public.employees (id, first_name, last_name, birthday, employed_since, home_city_idx, employee_function_idx) VALUES (608, 'Galvan', 'Odney', '1955-05-08 00:00:00.000000', '1988-05-10', 208, 2);
INSERT INTO public.employees (id, first_name, last_name, birthday, employed_since, home_city_idx, employee_function_idx) VALUES (611, 'Emelda', 'Saphin', '1984-01-11 00:00:00.000000', '2006-07-05', 201, 2);
INSERT INTO public.employees (id, first_name, last_name, birthday, employed_since, home_city_idx, employee_function_idx) VALUES (575, 'Bryana', 'De''Vere - Hunt', '1962-11-04 00:00:00.000000', '2004-05-27', 4, 1);
INSERT INTO public.employees (id, first_name, last_name, birthday, employed_since, home_city_idx, employee_function_idx) VALUES (569, 'Myrta', 'Ranger', '1973-12-29 00:00:00.000000', '1999-05-28', 92, 1);
INSERT INTO public.employees (id, first_name, last_name, birthday, employed_since, home_city_idx, employee_function_idx) VALUES (568, 'Portia', 'Goodhew', '2002-01-17 00:00:00.000000', '2009-09-30', 176, 1);
INSERT INTO public.employees (id, first_name, last_name, birthday, employed_since, home_city_idx, employee_function_idx) VALUES (670, 'Ulberto', 'Escale', '1992-12-28 00:00:00.000000', '1985-06-06', 169, 2);
INSERT INTO public.employees (id, first_name, last_name, birthday, employed_since, home_city_idx, employee_function_idx) VALUES (665, 'Zora', 'Flint', '1951-08-01 00:00:00.000000', '1997-01-17', 359, 2);
INSERT INTO public.employees (id, first_name, last_name, birthday, employed_since, home_city_idx, employee_function_idx) VALUES (718, 'Zollie', 'Silcox', '2011-02-15 00:00:00.000000', '1991-11-24', 189, 2);
INSERT INTO public.employees (id, first_name, last_name, birthday, employed_since, home_city_idx, employee_function_idx) VALUES (564, 'Karilynn', 'Drayn', '1998-05-26 00:00:00.000000', '1990-04-12', 395, 1);
INSERT INTO public.employees (id, first_name, last_name, birthday, employed_since, home_city_idx, employee_function_idx) VALUES (567, 'Carr', 'Bathowe', '2010-06-15 00:00:00.000000', '1991-07-29', 71, 1);
INSERT INTO public.employees (id, first_name, last_name, birthday, employed_since, home_city_idx, employee_function_idx) VALUES (566, 'Nesta', 'Haukey', '1987-02-27 00:00:00.000000', '1990-04-22', 92, 1);
INSERT INTO public.employees (id, first_name, last_name, birthday, employed_since, home_city_idx, employee_function_idx) VALUES (561, 'Martyn', 'Gammage', '1994-03-11 00:00:00.000000', '1990-12-24', 98, 1);
INSERT INTO public.employees (id, first_name, last_name, birthday, employed_since, home_city_idx, employee_function_idx) VALUES (719, 'Dominique', 'Beattie', '1989-08-09 00:00:00.000000', '2011-05-12', 232, 2);
INSERT INTO public.employees (id, first_name, last_name, birthday, employed_since, home_city_idx, employee_function_idx) VALUES (563, 'Egbert', 'Errol', '1987-02-28 00:00:00.000000', '1989-01-18', 25, 1);
INSERT INTO public.employees (id, first_name, last_name, birthday, employed_since, home_city_idx, employee_function_idx) VALUES (562, 'Honey', 'Toun', '1984-01-20 00:00:00.000000', '1998-12-11', 170, 1);
INSERT INTO public.employees (id, first_name, last_name, birthday, employed_since, home_city_idx, employee_function_idx) VALUES (656, 'Roosevelt', 'Hargie', '1969-04-03 00:00:00.000000', '2009-10-30', 286, 2);
INSERT INTO public.employees (id, first_name, last_name, birthday, employed_since, home_city_idx, employee_function_idx) VALUES (739, 'Allister', 'Copnell', '1959-01-03 00:00:00.000000', '2011-12-10', 171, 2);
INSERT INTO public.employees (id, first_name, last_name, birthday, employed_since, home_city_idx, employee_function_idx) VALUES (559, 'Denys', 'Allard', '2005-06-21 00:00:00.000000', '1983-07-11', 356, 1);
INSERT INTO public.employees (id, first_name, last_name, birthday, employed_since, home_city_idx, employee_function_idx) VALUES (653, 'Kati', 'Courage', '1954-09-28 00:00:00.000000', '1984-12-30', 325, 2);
INSERT INTO public.employees (id, first_name, last_name, birthday, employed_since, home_city_idx, employee_function_idx) VALUES (652, 'Dorrie', 'Dufoure', '1994-08-06 00:00:00.000000', '2015-01-06', 284, 2);
INSERT INTO public.employees (id, first_name, last_name, birthday, employed_since, home_city_idx, employee_function_idx) VALUES (655, 'Calli', 'Wessell', '2005-11-27 00:00:00.000000', '2010-08-23', 177, 2);
INSERT INTO public.employees (id, first_name, last_name, birthday, employed_since, home_city_idx, employee_function_idx) VALUES (654, 'Fransisco', 'Struijs', '2013-05-23 00:00:00.000000', '1993-01-25', 192, 2);
INSERT INTO public.employees (id, first_name, last_name, birthday, employed_since, home_city_idx, employee_function_idx) VALUES (706, 'Glori', 'Mozzini', '1996-12-28 00:00:00.000000', '1992-12-20', 163, 2);
INSERT INTO public.employees (id, first_name, last_name, birthday, employed_since, home_city_idx, employee_function_idx) VALUES (549, 'Viv', 'Addionizio', '1961-09-03 00:00:00.000000', '2005-09-02', 290, 1);
INSERT INTO public.employees (id, first_name, last_name, birthday, employed_since, home_city_idx, employee_function_idx) VALUES (612, 'Jud', 'Whenman', '2009-08-28 00:00:00.000000', '1993-01-27', 287, 1);
INSERT INTO public.employees (id, first_name, last_name, birthday, employed_since, home_city_idx, employee_function_idx) VALUES (744, 'Guy', 'Toderbrugge', '1975-07-02 00:00:00.000000', '2015-09-15', 202, 2);
INSERT INTO public.employees (id, first_name, last_name, birthday, employed_since, home_city_idx, employee_function_idx) VALUES (550, 'Dusty', 'Cudbertson', '2016-04-01 00:00:00.000000', '1996-01-08', 400, 1);
INSERT INTO public.employees (id, first_name, last_name, birthday, employed_since, home_city_idx, employee_function_idx) VALUES (545, 'Harmonia', 'Greenhill', '2016-06-17 00:00:00.000000', '1995-12-21', 265, 1);
INSERT INTO public.employees (id, first_name, last_name, birthday, employed_since, home_city_idx, employee_function_idx) VALUES (751, 'Margeaux', 'Surcombe', '1995-06-17 00:00:00.000000', '1981-02-03', 291, 2);
INSERT INTO public.employees (id, first_name, last_name, birthday, employed_since, home_city_idx, employee_function_idx) VALUES (547, 'Hugues', 'Janacek', '1986-03-10 00:00:00.000000', '2014-02-04', 221, 1);
INSERT INTO public.employees (id, first_name, last_name, birthday, employed_since, home_city_idx, employee_function_idx) VALUES (546, 'Shelden', 'Janeway', '1982-03-15 00:00:00.000000', '2015-01-10', 122, 1);
INSERT INTO public.employees (id, first_name, last_name, birthday, employed_since, home_city_idx, employee_function_idx) VALUES (640, 'Harlin', 'Dimmock', '2003-09-18 00:00:00.000000', '2018-09-28', 223, 2);
INSERT INTO public.employees (id, first_name, last_name, birthday, employed_since, home_city_idx, employee_function_idx) VALUES (604, 'Janetta', 'Westraw', '2001-12-17 00:00:00.000000', '1988-08-27', 208, 1);
INSERT INTO public.employees (id, first_name, last_name, birthday, employed_since, home_city_idx, employee_function_idx) VALUES (642, 'Sibyl', 'Lorkin', '1971-11-22 00:00:00.000000', '2000-11-18', 269, 2);
INSERT INTO public.employees (id, first_name, last_name, birthday, employed_since, home_city_idx, employee_function_idx) VALUES (601, 'Cornelius', 'Boost', '2009-10-29 00:00:00.000000', '2008-08-22', 151, 1);
INSERT INTO public.employees (id, first_name, last_name, birthday, employed_since, home_city_idx, employee_function_idx) VALUES (600, 'Norby', 'MacCourt', '1967-07-25 00:00:00.000000', '2005-07-15', 368, 1);
INSERT INTO public.employees (id, first_name, last_name, birthday, employed_since, home_city_idx, employee_function_idx) VALUES (603, 'Victoir', 'Collecott', '1993-01-04 00:00:00.000000', '2007-09-11', 46, 1);
INSERT INTO public.employees (id, first_name, last_name, birthday, employed_since, home_city_idx, employee_function_idx) VALUES (697, 'Drusilla', 'Maidment', '1986-12-26 00:00:00.000000', '2007-05-13', 124, 2);
INSERT INTO public.employees (id, first_name, last_name, birthday, employed_since, home_city_idx, employee_function_idx) VALUES (696, 'Emlyn', 'Haythorne', '2015-07-14 00:00:00.000000', '1982-01-30', 233, 2);
INSERT INTO public.employees (id, first_name, last_name, birthday, employed_since, home_city_idx, employee_function_idx) VALUES (699, 'Marta', 'Kibble', '1958-08-25 00:00:00.000000', '2015-11-02', 275, 2);
INSERT INTO public.employees (id, first_name, last_name, birthday, employed_since, home_city_idx, employee_function_idx) VALUES (698, 'Claudio', 'Wrotham', '2015-08-04 00:00:00.000000', '1993-08-30', 280, 2);
INSERT INTO public.employees (id, first_name, last_name, birthday, employed_since, home_city_idx, employee_function_idx) VALUES (593, 'Rowena', 'Jamblin', '1991-02-16 00:00:00.000000', '2010-05-04', 184, 1);
INSERT INTO public.employees (id, first_name, last_name, birthday, employed_since, home_city_idx, employee_function_idx) VALUES (592, 'Aurelie', 'Medling', '1956-07-23 00:00:00.000000', '2019-07-26', 310, 1);
INSERT INTO public.employees (id, first_name, last_name, birthday, employed_since, home_city_idx, employee_function_idx) VALUES (594, 'Lorrayne', 'Dighton', '1971-05-24 00:00:00.000000', '2009-09-25', 5, 1);
INSERT INTO public.employees (id, first_name, last_name, birthday, employed_since, home_city_idx, employee_function_idx) VALUES (589, 'Leoine', 'Elvidge', '1979-12-27 00:00:00.000000', '1991-10-01', 322, 1);
INSERT INTO public.employees (id, first_name, last_name, birthday, employed_since, home_city_idx, employee_function_idx) VALUES (588, 'Phebe', 'Tilbey', '1973-02-24 00:00:00.000000', '2001-08-07', 301, 1);
INSERT INTO public.employees (id, first_name, last_name, birthday, employed_since, home_city_idx, employee_function_idx) VALUES (591, 'Annemarie', 'Takle', '1981-08-04 00:00:00.000000', '2005-06-09', 104, 1);
INSERT INTO public.employees (id, first_name, last_name, birthday, employed_since, home_city_idx, employee_function_idx) VALUES (585, 'Raymund', 'Bodesson', '1999-09-23 00:00:00.000000', '2019-07-27', 70, 1);
INSERT INTO public.employees (id, first_name, last_name, birthday, employed_since, home_city_idx, employee_function_idx) VALUES (624, 'Marcellus', 'Sapwell', '1975-05-26 00:00:00.000000', '1984-09-28', 396, 1);
INSERT INTO public.employees (id, first_name, last_name, birthday, employed_since, home_city_idx, employee_function_idx) VALUES (587, 'Edwina', 'Greenhead', '1990-05-02 00:00:00.000000', '1995-07-25', 194, 1);
INSERT INTO public.employees (id, first_name, last_name, birthday, employed_since, home_city_idx, employee_function_idx) VALUES (681, 'Mendel', 'Larman', '2011-10-27 00:00:00.000000', '2010-02-23', 137, 2);
INSERT INTO public.employees (id, first_name, last_name, birthday, employed_since, home_city_idx, employee_function_idx) VALUES (714, 'Vivi', 'Renon', '1998-01-18 00:00:00.000000', '1999-06-02', 298, 2);
INSERT INTO public.employees (id, first_name, last_name, birthday, employed_since, home_city_idx, employee_function_idx) VALUES (580, 'Clerkclaude', 'Collinson', '1956-06-29 00:00:00.000000', '1981-09-02', 200, 1);
INSERT INTO public.employees (id, first_name, last_name, birthday, employed_since, home_city_idx, employee_function_idx) VALUES (583, 'Alvin', 'Mallaby', '1981-07-23 00:00:00.000000', '2008-11-14', 83, 1);
INSERT INTO public.employees (id, first_name, last_name, birthday, employed_since, home_city_idx, employee_function_idx) VALUES (720, 'Bradan', 'McAnalley', '1963-08-08 00:00:00.000000', '2006-01-07', 129, 2);
INSERT INTO public.employees (id, first_name, last_name, birthday, employed_since, home_city_idx, employee_function_idx) VALUES (577, 'Regan', 'Poser', '1959-09-25 00:00:00.000000', '2016-10-23', 108, 1);
INSERT INTO public.employees (id, first_name, last_name, birthday, employed_since, home_city_idx, employee_function_idx) VALUES (679, 'Kellen', 'VanBrugh', '1964-10-18 00:00:00.000000', '1984-06-12', 22, 2);
INSERT INTO public.employees (id, first_name, last_name, birthday, employed_since, home_city_idx, employee_function_idx) VALUES (678, 'Gweneth', 'Battin', '1994-06-02 00:00:00.000000', '2017-06-26', 314, 2);
INSERT INTO public.employees (id, first_name, last_name, birthday, employed_since, home_city_idx, employee_function_idx) VALUES (673, 'Cully', 'Crumpe', '1973-04-07 00:00:00.000000', '2001-08-01', 395, 2);
INSERT INTO public.employees (id, first_name, last_name, birthday, employed_since, home_city_idx, employee_function_idx) VALUES (672, 'Brooke', 'Highman', '1969-11-22 00:00:00.000000', '2014-03-13', 141, 2);
INSERT INTO public.employees (id, first_name, last_name, birthday, employed_since, home_city_idx, employee_function_idx) VALUES (636, 'Mozes', 'Mompesson', '1970-01-16 00:00:00.000000', '2012-05-22', 245, 1);
INSERT INTO public.employees (id, first_name, last_name, birthday, employed_since, home_city_idx, employee_function_idx) VALUES (674, 'Nealy', 'Atwell', '1993-11-16 00:00:00.000000', '2002-01-12', 333, 2);
INSERT INTO public.employees (id, first_name, last_name, birthday, employed_since, home_city_idx, employee_function_idx) VALUES (733, 'Honor', 'Kitchin', '2004-12-26 00:00:00.000000', '1982-04-14', 297, 2);
INSERT INTO public.employees (id, first_name, last_name, birthday, employed_since, home_city_idx, employee_function_idx) VALUES (732, 'Merna', 'Itzcovichch', '2002-01-09 00:00:00.000000', '1981-08-05', 314, 2);
INSERT INTO public.employees (id, first_name, last_name, birthday, employed_since, home_city_idx, employee_function_idx) VALUES (630, 'Addi', 'Blevin', '1954-06-19 00:00:00.000000', '1995-05-29', 339, 1);
INSERT INTO public.employees (id, first_name, last_name, birthday, employed_since, home_city_idx, employee_function_idx) VALUES (635, 'Hermine', 'Goodie', '1968-12-03 00:00:00.000000', '2014-01-07', 144, 1);
INSERT INTO public.employees (id, first_name, last_name, birthday, employed_since, home_city_idx, employee_function_idx) VALUES (634, 'Alyse', 'Dudhill', '1985-05-22 00:00:00.000000', '2004-10-23', 221, 1);
INSERT INTO public.employees (id, first_name, last_name, birthday, employed_since, home_city_idx, employee_function_idx) VALUES (629, 'Linea', 'Jenik', '1968-10-10 00:00:00.000000', '1983-09-03', 338, 1);
INSERT INTO public.employees (id, first_name, last_name, birthday, employed_since, home_city_idx, employee_function_idx) VALUES (731, 'Keir', 'Doncaster', '2001-04-05 00:00:00.000000', '1988-08-13', 33, 2);
INSERT INTO public.employees (id, first_name, last_name, birthday, employed_since, home_city_idx, employee_function_idx) VALUES (725, 'Margarethe', 'Stone Fewings', '1960-04-10 00:00:00.000000', '1999-12-12', 342, 2);
INSERT INTO public.employees (id, first_name, last_name, birthday, employed_since, home_city_idx, employee_function_idx) VALUES (628, 'Ravi', 'Brantl', '1967-07-13 00:00:00.000000', '2005-01-16', 309, 1);
INSERT INTO public.employees (id, first_name, last_name, birthday, employed_since, home_city_idx, employee_function_idx) VALUES (627, 'Angie', 'Macconachy', '1979-02-10 00:00:00.000000', '1988-12-20', 286, 1);
INSERT INTO public.employees (id, first_name, last_name, birthday, employed_since, home_city_idx, employee_function_idx) VALUES (626, 'Staffard', 'Wimbury', '1998-08-24 00:00:00.000000', '2004-11-27', 89, 1);
INSERT INTO public.employees (id, first_name, last_name, birthday, employed_since, home_city_idx, employee_function_idx) VALUES (621, 'Cynthy', 'Attwell', '2002-11-06 00:00:00.000000', '1999-09-23', 105, 1);
INSERT INTO public.employees (id, first_name, last_name, birthday, employed_since, home_city_idx, employee_function_idx) VALUES (723, 'Zebedee', 'Ellcock', '1954-01-24 00:00:00.000000', '2000-09-21', 90, 2);
INSERT INTO public.employees (id, first_name, last_name, birthday, employed_since, home_city_idx, employee_function_idx) VALUES (622, 'Heriberto', 'Adamsen', '1966-04-02 00:00:00.000000', '1997-04-13', 295, 1);
INSERT INTO public.employees (id, first_name, last_name, birthday, employed_since, home_city_idx, employee_function_idx) VALUES (617, 'Eulalie', 'Brussell', '2003-09-28 00:00:00.000000', '2003-11-17', 195, 1);
INSERT INTO public.employees (id, first_name, last_name, birthday, employed_since, home_city_idx, employee_function_idx) VALUES (616, 'Verne', 'Wiz', '1997-10-25 00:00:00.000000', '2008-01-16', 209, 1);
INSERT INTO public.employees (id, first_name, last_name, birthday, employed_since, home_city_idx, employee_function_idx) VALUES (637, 'Syman', 'Tender', '1973-12-22 00:00:00.000000', '1988-09-11', 105, 1);
INSERT INTO public.employees (id, first_name, last_name, birthday, employed_since, home_city_idx, employee_function_idx) VALUES (613, 'Vivia', 'Kilcullen', '1957-07-10 00:00:00.000000', '2005-07-31', 1, 1);
INSERT INTO public.employees (id, first_name, last_name, birthday, employed_since, home_city_idx, employee_function_idx) VALUES (576, 'Newton', 'Carsberg', '2008-09-29 00:00:00.000000', '2015-05-28', 49, 1);
INSERT INTO public.employees (id, first_name, last_name, birthday, employed_since, home_city_idx, employee_function_idx) VALUES (615, 'Vicky', 'Capenor', '1965-03-29 00:00:00.000000', '2013-06-18', 188, 1);
INSERT INTO public.employees (id, first_name, last_name, birthday, employed_since, home_city_idx, employee_function_idx) VALUES (709, 'Angelique', 'MacLaverty', '1969-04-09 00:00:00.000000', '1999-02-10', 57, 2);
INSERT INTO public.employees (id, first_name, last_name, birthday, employed_since, home_city_idx, employee_function_idx) VALUES (708, 'Berti', 'Tyrwhitt', '1956-06-16 00:00:00.000000', '1981-04-25', 139, 2);
INSERT INTO public.employees (id, first_name, last_name, birthday, employed_since, home_city_idx, employee_function_idx) VALUES (711, 'Kayley', 'Birmingham', '1985-08-20 00:00:00.000000', '2004-02-18', 210, 2);
INSERT INTO public.employees (id, first_name, last_name, birthday, employed_since, home_city_idx, employee_function_idx) VALUES (710, 'Zachary', 'Snary', '2001-04-13 00:00:00.000000', '1987-08-19', 146, 2);
INSERT INTO public.employees (id, first_name, last_name, birthday, employed_since, home_city_idx, employee_function_idx) VALUES (705, 'Chad', 'Smythin', '1986-07-14 00:00:00.000000', '1988-10-24', 328, 2);
INSERT INTO public.employees (id, first_name, last_name, birthday, employed_since, home_city_idx, employee_function_idx) VALUES (669, 'Shem', 'Thyng', '1969-03-08 00:00:00.000000', '1992-12-13', 360, 1);
INSERT INTO public.employees (id, first_name, last_name, birthday, employed_since, home_city_idx, employee_function_idx) VALUES (668, 'Terence', 'Taudevin', '1978-03-21 00:00:00.000000', '1990-12-22', 225, 1);
INSERT INTO public.employees (id, first_name, last_name, birthday, employed_since, home_city_idx, employee_function_idx) VALUES (684, 'Becky', 'Le febre', '1987-09-13 00:00:00.000000', '2004-03-02', 350, 2);
INSERT INTO public.employees (id, first_name, last_name, birthday, employed_since, home_city_idx, employee_function_idx) VALUES (765, 'Jo', 'Blount', '1983-08-31 00:00:00.000000', '1984-05-09', 356, 2);
INSERT INTO public.employees (id, first_name, last_name, birthday, employed_since, home_city_idx, employee_function_idx) VALUES (690, 'Correy', 'Seldner', '1953-10-04 00:00:00.000000', '2012-08-21', 170, 2);
INSERT INTO public.employees (id, first_name, last_name, birthday, employed_since, home_city_idx, employee_function_idx) VALUES (664, 'Perry', 'Casserly', '1998-08-05 00:00:00.000000', '1997-01-01', 328, 1);
INSERT INTO public.employees (id, first_name, last_name, birthday, employed_since, home_city_idx, employee_function_idx) VALUES (667, 'Jacques', 'Myatt', '1953-03-25 00:00:00.000000', '1992-12-08', 363, 1);
INSERT INTO public.employees (id, first_name, last_name, birthday, employed_since, home_city_idx, employee_function_idx) VALUES (666, 'Alejandrina', 'Liddell', '2012-10-06 00:00:00.000000', '1983-08-27', 399, 1);
INSERT INTO public.employees (id, first_name, last_name, birthday, employed_since, home_city_idx, employee_function_idx) VALUES (661, 'Haily', 'Balma', '1996-08-01 00:00:00.000000', '2010-05-13', 42, 1);
INSERT INTO public.employees (id, first_name, last_name, birthday, employed_since, home_city_idx, employee_function_idx) VALUES (695, 'Florie', 'Jindacek', '1951-08-01 00:00:00.000000', '1982-11-24', 149, 2);
INSERT INTO public.employees (id, first_name, last_name, birthday, employed_since, home_city_idx, employee_function_idx) VALUES (663, 'Meredithe', 'Tustin', '2013-10-29 00:00:00.000000', '2018-04-05', 289, 1);
INSERT INTO public.employees (id, first_name, last_name, birthday, employed_since, home_city_idx, employee_function_idx) VALUES (662, 'Phineas', 'Freeth', '1974-12-22 00:00:00.000000', '2000-05-22', 156, 1);
INSERT INTO public.employees (id, first_name, last_name, birthday, employed_since, home_city_idx, employee_function_idx) VALUES (756, 'Jemie', 'Pawelec', '1998-01-06 00:00:00.000000', '1993-03-23', 287, 2);
INSERT INTO public.employees (id, first_name, last_name, birthday, employed_since, home_city_idx, employee_function_idx) VALUES (682, 'Pietro', 'Pavier', '1994-12-05 00:00:00.000000', '2003-11-07', 132, 2);
INSERT INTO public.employees (id, first_name, last_name, birthday, employed_since, home_city_idx, employee_function_idx) VALUES (758, 'Jehanna', 'Redwood', '1979-02-13 00:00:00.000000', '1981-09-23', 40, 2);
INSERT INTO public.employees (id, first_name, last_name, birthday, employed_since, home_city_idx, employee_function_idx) VALUES (753, 'Christie', 'Brigge', '1999-12-08 00:00:00.000000', '2010-08-27', 273, 2);
INSERT INTO public.employees (id, first_name, last_name, birthday, employed_since, home_city_idx, employee_function_idx) VALUES (702, 'Laraine', 'Binnes', '1971-03-20 00:00:00.000000', '2007-05-28', 33, 2);
INSERT INTO public.employees (id, first_name, last_name, birthday, employed_since, home_city_idx, employee_function_idx) VALUES (755, 'Kaleena', 'Ruberry', '2017-12-21 00:00:00.000000', '1998-10-30', 329, 2);
INSERT INTO public.employees (id, first_name, last_name, birthday, employed_since, home_city_idx, employee_function_idx) VALUES (754, 'Emlyn', 'Thumim', '1998-04-07 00:00:00.000000', '2019-10-06', 338, 2);
INSERT INTO public.employees (id, first_name, last_name, birthday, employed_since, home_city_idx, employee_function_idx) VALUES (748, 'Lurette', 'Wheelan', '1953-07-13 00:00:00.000000', '1997-09-23', 313, 2);
INSERT INTO public.employees (id, first_name, last_name, birthday, employed_since, home_city_idx, employee_function_idx) VALUES (643, 'Cthrine', 'O''Concannon', '1979-06-23 00:00:00.000000', '2005-01-21', 208, 2);
INSERT INTO public.employees (id, first_name, last_name, birthday, employed_since, home_city_idx, employee_function_idx) VALUES (650, 'Reiko', 'Brahms', '2006-12-02 00:00:00.000000', '1985-01-09', 32, 1);
INSERT INTO public.employees (id, first_name, last_name, birthday, employed_since, home_city_idx, employee_function_idx) VALUES (645, 'Cordie', 'Vidgeon', '1992-09-10 00:00:00.000000', '1996-04-06', 264, 1);
INSERT INTO public.employees (id, first_name, last_name, birthday, employed_since, home_city_idx, employee_function_idx) VALUES (644, 'Dorolisa', 'Kettle', '1966-12-27 00:00:00.000000', '2012-03-28', 339, 2);
INSERT INTO public.employees (id, first_name, last_name, birthday, employed_since, home_city_idx, employee_function_idx) VALUES (741, 'Gasparo', 'Jerram', '1976-04-28 00:00:00.000000', '2001-03-09', 66, 2);
INSERT INTO public.employees (id, first_name, last_name, birthday, employed_since, home_city_idx, employee_function_idx) VALUES (740, 'Nessie', 'Jozsika', '1977-05-20 00:00:00.000000', '2000-01-03', 112, 2);
INSERT INTO public.employees (id, first_name, last_name, birthday, employed_since, home_city_idx, employee_function_idx) VALUES (651, 'Aleen', 'Ludman', '1970-08-13 00:00:00.000000', '2008-10-22', 381, 2);
INSERT INTO public.employees (id, first_name, last_name, birthday, employed_since, home_city_idx, employee_function_idx) VALUES (648, 'Klemens', 'Copin', '2018-04-20 00:00:00.000000', '2010-04-21', 158, 2);
INSERT INTO public.employees (id, first_name, last_name, birthday, employed_since, home_city_idx, employee_function_idx) VALUES (701, 'Debor', 'Kharchinski', '2018-05-03 00:00:00.000000', '1980-11-14', 275, 1);
INSERT INTO public.employees (id, first_name, last_name, birthday, employed_since, home_city_idx, employee_function_idx) VALUES (700, 'Poppy', 'Tessyman', '1978-10-29 00:00:00.000000', '2000-04-27', 61, 1);
INSERT INTO public.employees (id, first_name, last_name, birthday, employed_since, home_city_idx, employee_function_idx) VALUES (738, 'Chrisy', 'Cogin', '1986-05-28 00:00:00.000000', '1992-05-17', 216, 2);
INSERT INTO public.employees (id, first_name, last_name, birthday, employed_since, home_city_idx, employee_function_idx) VALUES (658, 'Bobbi', 'Speedy', '1976-08-31 00:00:00.000000', '2003-11-20', 64, 2);
INSERT INTO public.employees (id, first_name, last_name, birthday, employed_since, home_city_idx, employee_function_idx) VALUES (657, 'Felice', 'Skitral', '2018-09-08 00:00:00.000000', '1994-06-08', 46, 2);
INSERT INTO public.employees (id, first_name, last_name, birthday, employed_since, home_city_idx, employee_function_idx) VALUES (693, 'Auguste', 'Lohoar', '1980-03-20 00:00:00.000000', '2013-08-28', 312, 1);
INSERT INTO public.employees (id, first_name, last_name, birthday, employed_since, home_city_idx, employee_function_idx) VALUES (692, 'Elspeth', 'Ordidge', '1969-08-25 00:00:00.000000', '1990-06-09', 292, 1);
INSERT INTO public.employees (id, first_name, last_name, birthday, employed_since, home_city_idx, employee_function_idx) VALUES (660, 'Ellette', 'Raphael', '2001-08-03 00:00:00.000000', '1989-06-21', 2, 2);
INSERT INTO public.employees (id, first_name, last_name, birthday, employed_since, home_city_idx, employee_function_idx) VALUES (694, 'Harley', 'Duffill', '2016-04-30 00:00:00.000000', '1998-07-16', 27, 1);
INSERT INTO public.employees (id, first_name, last_name, birthday, employed_since, home_city_idx, employee_function_idx) VALUES (689, 'Jabez', 'Benez', '1952-07-22 00:00:00.000000', '1985-12-04', 245, 1);
INSERT INTO public.employees (id, first_name, last_name, birthday, employed_since, home_city_idx, employee_function_idx) VALUES (688, 'Nehemiah', 'Arndt', '1972-05-04 00:00:00.000000', '2011-01-17', 373, 1);
INSERT INTO public.employees (id, first_name, last_name, birthday, employed_since, home_city_idx, employee_function_idx) VALUES (691, 'Thorsten', 'Wyard', '1970-12-14 00:00:00.000000', '2009-05-16', 110, 1);
INSERT INTO public.employees (id, first_name, last_name, birthday, employed_since, home_city_idx, employee_function_idx) VALUES (685, 'Jacquelin', 'England', '2010-06-24 00:00:00.000000', '1982-07-08', 123, 1);
INSERT INTO public.employees (id, first_name, last_name, birthday, employed_since, home_city_idx, employee_function_idx) VALUES (671, 'King', 'Savell', '1959-12-25 00:00:00.000000', '2001-11-05', 38, 2);
INSERT INTO public.employees (id, first_name, last_name, birthday, employed_since, home_city_idx, employee_function_idx) VALUES (687, 'Roxanna', 'Mobley', '1958-12-26 00:00:00.000000', '1992-10-02', 263, 1);
INSERT INTO public.employees (id, first_name, last_name, birthday, employed_since, home_city_idx, employee_function_idx) VALUES (610, 'Benoite', 'Dobrowolski', '2017-07-24 00:00:00.000000', '1991-09-13', 333, 2);
INSERT INTO public.employees (id, first_name, last_name, birthday, employed_since, home_city_idx, employee_function_idx) VALUES (680, 'Georgetta', 'O''Shirine', '1986-07-24 00:00:00.000000', '1985-08-25', 266, 1);
INSERT INTO public.employees (id, first_name, last_name, birthday, employed_since, home_city_idx, employee_function_idx) VALUES (683, 'Felizio', 'Plowell', '2010-01-23 00:00:00.000000', '2006-09-30', 231, 1);
INSERT INTO public.employees (id, first_name, last_name, birthday, employed_since, home_city_idx, employee_function_idx) VALUES (614, 'Trude', 'Bonhan', '2018-05-17 00:00:00.000000', '1981-10-04', 366, 2);
INSERT INTO public.employees (id, first_name, last_name, birthday, employed_since, home_city_idx, employee_function_idx) VALUES (676, 'Berrie', 'Stillwell', '1996-06-19 00:00:00.000000', '1997-06-03', 225, 1);
INSERT INTO public.employees (id, first_name, last_name, birthday, employed_since, home_city_idx, employee_function_idx) VALUES (619, 'Any', 'Boydell', '2014-07-05 00:00:00.000000', '2018-02-15', 175, 2);
INSERT INTO public.employees (id, first_name, last_name, birthday, employed_since, home_city_idx, employee_function_idx) VALUES (675, 'Felisha', 'Ronnay', '1991-05-24 00:00:00.000000', '2006-12-13', 110, 1);
INSERT INTO public.employees (id, first_name, last_name, birthday, employed_since, home_city_idx, employee_function_idx) VALUES (686, 'Daisie', 'Machen', '2014-03-02 00:00:00.000000', '1997-08-28', 253, 2);
INSERT INTO public.employees (id, first_name, last_name, birthday, employed_since, home_city_idx, employee_function_idx) VALUES (620, 'Antonia', 'Colmore', '1957-12-24 00:00:00.000000', '1990-10-30', 267, 2);
INSERT INTO public.employees (id, first_name, last_name, birthday, employed_since, home_city_idx, employee_function_idx) VALUES (734, 'Celestyna', 'Ausiello', '2014-01-09 00:00:00.000000', '2016-09-30', 247, 1);
INSERT INTO public.employees (id, first_name, last_name, birthday, employed_since, home_city_idx, employee_function_idx) VALUES (729, 'Carie', 'Wonham', '2009-07-23 00:00:00.000000', '2003-03-13', 210, 1);
INSERT INTO public.employees (id, first_name, last_name, birthday, employed_since, home_city_idx, employee_function_idx) VALUES (728, 'Chaim', 'Loseke', '2011-05-19 00:00:00.000000', '2017-06-24', 209, 1);
INSERT INTO public.employees (id, first_name, last_name, birthday, employed_since, home_city_idx, employee_function_idx) VALUES (730, 'Roi', 'Levet', '1981-08-19 00:00:00.000000', '2001-08-19', 293, 1);
INSERT INTO public.employees (id, first_name, last_name, birthday, employed_since, home_city_idx, employee_function_idx) VALUES (631, 'Malorie', 'Angless', '1963-04-14 00:00:00.000000', '2001-12-13', 68, 2);
INSERT INTO public.employees (id, first_name, last_name, birthday, employed_since, home_city_idx, employee_function_idx) VALUES (727, 'Johann', 'Lightowlers', '1996-10-29 00:00:00.000000', '1999-11-16', 226, 1);
INSERT INTO public.employees (id, first_name, last_name, birthday, employed_since, home_city_idx, employee_function_idx) VALUES (726, 'Cart', 'Belle', '1970-06-24 00:00:00.000000', '2014-08-22', 299, 1);
INSERT INTO public.employees (id, first_name, last_name, birthday, employed_since, home_city_idx, employee_function_idx) VALUES (721, 'Sylvan', 'Lacroux', '1996-05-17 00:00:00.000000', '1990-11-25', 199, 1);
INSERT INTO public.employees (id, first_name, last_name, birthday, employed_since, home_city_idx, employee_function_idx) VALUES (722, 'Cassy', 'Bouzek', '2017-05-07 00:00:00.000000', '2008-04-22', 271, 1);
INSERT INTO public.employees (id, first_name, last_name, birthday, employed_since, home_city_idx, employee_function_idx) VALUES (717, 'Kizzee', 'Portress', '1976-10-02 00:00:00.000000', '1989-10-23', 90, 1);
INSERT INTO public.employees (id, first_name, last_name, birthday, employed_since, home_city_idx, employee_function_idx) VALUES (639, 'Delphine', 'Swindles', '1966-12-17 00:00:00.000000', '1983-09-25', 380, 2);
INSERT INTO public.employees (id, first_name, last_name, birthday, employed_since, home_city_idx, employee_function_idx) VALUES (713, 'Garrot', 'Amys', '1978-05-08 00:00:00.000000', '2001-12-24', 326, 1);
INSERT INTO public.employees (id, first_name, last_name, birthday, employed_since, home_city_idx, employee_function_idx) VALUES (712, 'Priscella', 'Beare', '1976-06-11 00:00:00.000000', '2004-07-09', 152, 1);
INSERT INTO public.employees (id, first_name, last_name, birthday, employed_since, home_city_idx, employee_function_idx) VALUES (715, 'Karna', 'Pollicott', '1978-09-26 00:00:00.000000', '2010-02-09', 150, 1);
INSERT INTO public.employees (id, first_name, last_name, birthday, employed_since, home_city_idx, employee_function_idx) VALUES (704, 'Stearn', 'Kerbler', '1989-09-15 00:00:00.000000', '2015-07-27', 87, 1);
INSERT INTO public.employees (id, first_name, last_name, birthday, employed_since, home_city_idx, employee_function_idx) VALUES (764, 'Keene', 'Morcombe', '1981-03-21 00:00:00.000000', '2005-11-09', 338, 1);
INSERT INTO public.employees (id, first_name, last_name, birthday, employed_since, home_city_idx, employee_function_idx) VALUES (767, 'Isidore', 'Marqyes', '1987-12-26 00:00:00.000000', '2016-08-28', 169, 1);
INSERT INTO public.employees (id, first_name, last_name, birthday, employed_since, home_city_idx, employee_function_idx) VALUES (766, 'Ethelred', 'Manders', '1956-11-16 00:00:00.000000', '1983-08-01', 223, 1);
INSERT INTO public.employees (id, first_name, last_name, birthday, employed_since, home_city_idx, employee_function_idx) VALUES (761, 'Carrissa', 'Joust', '2017-11-01 00:00:00.000000', '1987-06-05', 209, 1);
INSERT INTO public.employees (id, first_name, last_name, birthday, employed_since, home_city_idx, employee_function_idx) VALUES (763, 'Tobye', 'Targe', '1955-06-04 00:00:00.000000', '1999-08-10', 88, 1);
INSERT INTO public.employees (id, first_name, last_name, birthday, employed_since, home_city_idx, employee_function_idx) VALUES (762, 'Ange', 'Rait', '1993-08-07 00:00:00.000000', '2009-03-07', 192, 1);
INSERT INTO public.employees (id, first_name, last_name, birthday, employed_since, home_city_idx, employee_function_idx) VALUES (759, 'Rolf', 'Norton', '2014-09-12 00:00:00.000000', '2019-02-20', 286, 1);
INSERT INTO public.employees (id, first_name, last_name, birthday, employed_since, home_city_idx, employee_function_idx) VALUES (641, 'Lyndsie', 'Earry', '1996-03-01 00:00:00.000000', '1989-02-03', 10, 2);
INSERT INTO public.employees (id, first_name, last_name, birthday, employed_since, home_city_idx, employee_function_idx) VALUES (749, 'Wilow', 'Panter', '1961-11-21 00:00:00.000000', '1991-08-09', 177, 1);
INSERT INTO public.employees (id, first_name, last_name, birthday, employed_since, home_city_idx, employee_function_idx) VALUES (750, 'Fairfax', 'Konzel', '1989-01-26 00:00:00.000000', '2009-10-14', 153, 1);
INSERT INTO public.employees (id, first_name, last_name, birthday, employed_since, home_city_idx, employee_function_idx) VALUES (745, 'Ansel', 'Mellodey', '2012-10-06 00:00:00.000000', '1995-08-20', 289, 1);
INSERT INTO public.employees (id, first_name, last_name, birthday, employed_since, home_city_idx, employee_function_idx) VALUES (747, 'Kaila', 'Franklin', '1953-08-08 00:00:00.000000', '2009-03-31', 257, 1);
INSERT INTO public.employees (id, first_name, last_name, birthday, employed_since, home_city_idx, employee_function_idx) VALUES (746, 'Annnora', 'Wreakes', '1985-04-28 00:00:00.000000', '1985-06-09', 137, 1);
INSERT INTO public.employees (id, first_name, last_name, birthday, employed_since, home_city_idx, employee_function_idx) VALUES (737, 'Alli', 'Jado', '1971-07-07 00:00:00.000000', '1989-11-13', 47, 1);
INSERT INTO public.employees (id, first_name, last_name, birthday, employed_since, home_city_idx, employee_function_idx) VALUES (736, 'Jayme', 'Whiteford', '2012-05-04 00:00:00.000000', '1987-02-27', 207, 1);
INSERT INTO public.employees (id, first_name, last_name, birthday, employed_since, home_city_idx, employee_function_idx) VALUES (558, 'Sunny', 'Lestor', '1998-01-20 00:00:00.000000', '2016-01-09', 88, 2);
INSERT INTO public.employees (id, first_name, last_name, birthday, employed_since, home_city_idx, employee_function_idx) VALUES (557, 'Ericka', 'Mazonowicz', '1978-09-08 00:00:00.000000', '1991-04-29', 91, 2);
INSERT INTO public.employees (id, first_name, last_name, birthday, employed_since, home_city_idx, employee_function_idx) VALUES (565, 'Harwell', 'Ferby', '1992-04-09 00:00:00.000000', '2007-11-17', 223, 2);
INSERT INTO public.employees (id, first_name, last_name, birthday, employed_since, home_city_idx, employee_function_idx) VALUES (625, 'Rowland', 'Screas', '2018-08-14 00:00:00.000000', '2002-02-18', 293, 2);
INSERT INTO public.employees (id, first_name, last_name, birthday, employed_since, home_city_idx, employee_function_idx) VALUES (797, 'Windham', 'Sewards', '1999-03-13 00:00:00.000000', '2007-06-03', 19, 2);
INSERT INTO public.employees (id, first_name, last_name, birthday, employed_since, home_city_idx, employee_function_idx) VALUES (796, 'Tyson', 'Skinley', '1980-02-04 00:00:00.000000', '2019-03-26', 54, 2);
INSERT INTO public.employees (id, first_name, last_name, birthday, employed_since, home_city_idx, employee_function_idx) VALUES (799, 'Minnie', 'Troke', '2018-12-28 00:00:00.000000', '2010-06-18', 43, 2);
INSERT INTO public.employees (id, first_name, last_name, birthday, employed_since, home_city_idx, employee_function_idx) VALUES (798, 'Helene', 'Batiste', '2016-04-07 00:00:00.000000', '1983-12-31', 95, 2);
INSERT INTO public.employees (id, first_name, last_name, birthday, employed_since, home_city_idx, employee_function_idx) VALUES (795, 'Rodi', 'Gower', '1974-10-20 00:00:00.000000', '2009-11-02', 337, 2);
INSERT INTO public.employees (id, first_name, last_name, birthday, employed_since, home_city_idx, employee_function_idx) VALUES (790, 'Dehlia', 'Kellough', '1963-09-05 00:00:00.000000', '1987-04-07', 118, 2);
INSERT INTO public.employees (id, first_name, last_name, birthday, employed_since, home_city_idx, employee_function_idx) VALUES (784, 'Thurston', 'Robecon', '1961-12-06 00:00:00.000000', '2006-10-16', 76, 2);
INSERT INTO public.employees (id, first_name, last_name, birthday, employed_since, home_city_idx, employee_function_idx) VALUES (786, 'Chuck', 'Buxsey', '2010-01-21 00:00:00.000000', '1981-11-23', 386, 2);
INSERT INTO public.employees (id, first_name, last_name, birthday, employed_since, home_city_idx, employee_function_idx) VALUES (781, 'Glynn', 'Prover', '1998-12-24 00:00:00.000000', '2016-04-01', 27, 2);
INSERT INTO public.employees (id, first_name, last_name, birthday, employed_since, home_city_idx, employee_function_idx) VALUES (782, 'Shaine', 'Stredwick', '2006-07-25 00:00:00.000000', '1984-10-20', 276, 2);
INSERT INTO public.employees (id, first_name, last_name, birthday, employed_since, home_city_idx, employee_function_idx) VALUES (779, 'Jermaine', 'Carlin', '1953-12-13 00:00:00.000000', '1987-07-16', 52, 2);
INSERT INTO public.employees (id, first_name, last_name, birthday, employed_since, home_city_idx, employee_function_idx) VALUES (778, 'Roderic', 'MacGahey', '2007-11-07 00:00:00.000000', '2010-10-27', 51, 2);
INSERT INTO public.employees (id, first_name, last_name, birthday, employed_since, home_city_idx, employee_function_idx) VALUES (773, 'Erika', 'Torricina', '2000-03-26 00:00:00.000000', '1988-12-09', 288, 2);
INSERT INTO public.employees (id, first_name, last_name, birthday, employed_since, home_city_idx, employee_function_idx) VALUES (509, 'Amelie', 'Sherry', '1969-12-20 00:00:00.000000', '2016-04-10', 281, 2);
INSERT INTO public.employees (id, first_name, last_name, birthday, employed_since, home_city_idx, employee_function_idx) VALUES (508, 'Kathie', 'Krzysztofiak', '2018-07-01 00:00:00.000000', '1998-01-08', 59, 2);
INSERT INTO public.employees (id, first_name, last_name, birthday, employed_since, home_city_idx, employee_function_idx) VALUES (511, 'Amos', 'Doudny', '1983-09-08 00:00:00.000000', '2009-04-19', 159, 2);
INSERT INTO public.employees (id, first_name, last_name, birthday, employed_since, home_city_idx, employee_function_idx) VALUES (510, 'Aluino', 'Belone', '1988-03-23 00:00:00.000000', '2000-10-03', 175, 2);
INSERT INTO public.employees (id, first_name, last_name, birthday, employed_since, home_city_idx, employee_function_idx) VALUES (505, 'Carree', 'Goodridge', '1974-02-09 00:00:00.000000', '2001-04-02', 267, 2);
INSERT INTO public.employees (id, first_name, last_name, birthday, employed_since, home_city_idx, employee_function_idx) VALUES (507, 'Abner', 'Kirley', '1997-09-23 00:00:00.000000', '2019-04-23', 156, 2);
INSERT INTO public.employees (id, first_name, last_name, birthday, employed_since, home_city_idx, employee_function_idx) VALUES (506, 'Fanni', 'Deedes', '2008-07-14 00:00:00.000000', '2010-08-24', 184, 2);
INSERT INTO public.employees (id, first_name, last_name, birthday, employed_since, home_city_idx, employee_function_idx) VALUES (501, 'Grannie', 'Kilmary', '1967-06-06 00:00:00.000000', '1990-09-05', 88, 2);
INSERT INTO public.employees (id, first_name, last_name, birthday, employed_since, home_city_idx, employee_function_idx) VALUES (555, 'Marrissa', 'Danielian', '1996-04-05 00:00:00.000000', '1992-03-24', 238, 2);
INSERT INTO public.employees (id, first_name, last_name, birthday, employed_since, home_city_idx, employee_function_idx) VALUES (504, 'Erny', 'Blampey', '1998-04-05 00:00:00.000000', '1999-01-29', 18, 1);
INSERT INTO public.employees (id, first_name, last_name, birthday, employed_since, home_city_idx, employee_function_idx) VALUES (503, 'Gardy', 'Luckham', '2011-04-12 00:00:00.000000', '2016-01-10', 397, 1);
INSERT INTO public.employees (id, first_name, last_name, birthday, employed_since, home_city_idx, employee_function_idx) VALUES (423, 'Joanie', 'Clutton', '1981-04-10 00:00:00.000000', '2006-06-22', 264, 2);
INSERT INTO public.employees (id, first_name, last_name, birthday, employed_since, home_city_idx, employee_function_idx) VALUES (322, 'Ana', 'MacCaughey', '2011-09-22 00:00:00.000000', '2008-03-11', 130, 1);
INSERT INTO public.employees (id, first_name, last_name, birthday, employed_since, home_city_idx, employee_function_idx) VALUES (390, 'Meryl', 'Mebs', '1975-06-21 00:00:00.000000', '1993-04-26', 56, 2);
INSERT INTO public.employees (id, first_name, last_name, birthday, employed_since, home_city_idx, employee_function_idx) VALUES (15, 'Karna', 'Hrinchenko', '2003-09-22 00:00:00.000000', '2001-12-21', 249, 1);
INSERT INTO public.employees (id, first_name, last_name, birthday, employed_since, home_city_idx, employee_function_idx) VALUES (383, 'Gavra', 'Frankton', '1964-09-01 00:00:00.000000', '2006-10-27', 291, 1);
INSERT INTO public.employees (id, first_name, last_name, birthday, employed_since, home_city_idx, employee_function_idx) VALUES (377, 'Egan', 'Sieb', '2001-06-02 00:00:00.000000', '1994-10-27', 14, 1);
INSERT INTO public.employees (id, first_name, last_name, birthday, employed_since, home_city_idx, employee_function_idx) VALUES (376, 'Lark', 'Ridgewell', '1985-12-12 00:00:00.000000', '2005-09-23', 178, 1);
INSERT INTO public.employees (id, first_name, last_name, birthday, employed_since, home_city_idx, employee_function_idx) VALUES (16, 'Inessa', 'Wohler', '1998-11-30 00:00:00.000000', '2007-03-29', 295, 1);
INSERT INTO public.employees (id, first_name, last_name, birthday, employed_since, home_city_idx, employee_function_idx) VALUES (473, 'Kasey', 'Keach', '1959-12-08 00:00:00.000000', '2003-09-05', 228, 2);
INSERT INTO public.employees (id, first_name, last_name, birthday, employed_since, home_city_idx, employee_function_idx) VALUES (472, 'Marv', 'Bremmer', '1992-11-07 00:00:00.000000', '2007-09-10', 307, 2);
INSERT INTO public.employees (id, first_name, last_name, birthday, employed_since, home_city_idx, employee_function_idx) VALUES (375, 'Lola', 'Preon', '1961-06-30 00:00:00.000000', '2016-02-05', 235, 1);
INSERT INTO public.employees (id, first_name, last_name, birthday, employed_since, home_city_idx, employee_function_idx) VALUES (120, 'Marwin', 'Salack', '1966-12-29 00:00:00.000000', '2004-11-09', 371, 2);
INSERT INTO public.employees (id, first_name, last_name, birthday, employed_since, home_city_idx, employee_function_idx) VALUES (369, 'Emelda', 'McGairl', '2019-10-25 00:00:00.000000', '1994-08-11', 92, 1);
INSERT INTO public.employees (id, first_name, last_name, birthday, employed_since, home_city_idx, employee_function_idx) VALUES (368, 'Patrick', 'Dainter', '1975-09-28 00:00:00.000000', '1985-10-18', 315, 1);
INSERT INTO public.employees (id, first_name, last_name, birthday, employed_since, home_city_idx, employee_function_idx) VALUES (470, 'Berte', 'Fallens', '1967-11-18 00:00:00.000000', '1986-07-16', 262, 2);
INSERT INTO public.employees (id, first_name, last_name, birthday, employed_since, home_city_idx, employee_function_idx) VALUES (456, 'Andie', 'Goodger', '1962-11-21 00:00:00.000000', '2011-09-06', 270, 2);
INSERT INTO public.employees (id, first_name, last_name, birthday, employed_since, home_city_idx, employee_function_idx) VALUES (30, 'Malachi', 'Pembery', '1953-04-26 00:00:00.000000', '2002-04-25', 195, 1);
INSERT INTO public.employees (id, first_name, last_name, birthday, employed_since, home_city_idx, employee_function_idx) VALUES (364, 'Padgett', 'Carletto', '1956-01-07 00:00:00.000000', '2007-07-19', 343, 1);
INSERT INTO public.employees (id, first_name, last_name, birthday, employed_since, home_city_idx, employee_function_idx) VALUES (367, 'Vernen', 'Cescotti', '2003-05-21 00:00:00.000000', '2006-03-20', 33, 1);
INSERT INTO public.employees (id, first_name, last_name, birthday, employed_since, home_city_idx, employee_function_idx) VALUES (366, 'Jock', 'Wiltshaw', '1973-08-23 00:00:00.000000', '2010-09-03', 24, 1);
INSERT INTO public.employees (id, first_name, last_name, birthday, employed_since, home_city_idx, employee_function_idx) VALUES (361, 'Betta', 'Simmans', '1988-12-12 00:00:00.000000', '2014-10-31', 12, 1);
INSERT INTO public.employees (id, first_name, last_name, birthday, employed_since, home_city_idx, employee_function_idx) VALUES (483, 'Renault', 'Newlan', '2002-02-16 00:00:00.000000', '2012-04-25', 279, 1);
INSERT INTO public.employees (id, first_name, last_name, birthday, employed_since, home_city_idx, employee_function_idx) VALUES (363, 'Garvy', 'Golledge', '2005-02-18 00:00:00.000000', '1990-07-19', 94, 1);
INSERT INTO public.employees (id, first_name, last_name, birthday, employed_since, home_city_idx, employee_function_idx) VALUES (362, 'Garvin', 'Osgardby', '1963-06-12 00:00:00.000000', '1999-12-02', 119, 1);
INSERT INTO public.employees (id, first_name, last_name, birthday, employed_since, home_city_idx, employee_function_idx) VALUES (303, 'Luella', 'Woollhead', '2003-05-19 00:00:00.000000', '1992-02-20', 10, 1);
INSERT INTO public.employees (id, first_name, last_name, birthday, employed_since, home_city_idx, employee_function_idx) VALUES (487, 'Amity', 'Huby', '2016-12-20 00:00:00.000000', '2011-07-19', 171, 1);
INSERT INTO public.employees (id, first_name, last_name, birthday, employed_since, home_city_idx, employee_function_idx) VALUES (359, 'Clementina', 'Fall', '1983-01-16 00:00:00.000000', '2004-12-26', 287, 1);
INSERT INTO public.employees (id, first_name, last_name, birthday, employed_since, home_city_idx, employee_function_idx) VALUES (453, 'Orton', 'Atkin', '1960-09-28 00:00:00.000000', '2015-04-16', 158, 2);
INSERT INTO public.employees (id, first_name, last_name, birthday, employed_since, home_city_idx, employee_function_idx) VALUES (452, 'Jourdain', 'Nash', '1983-03-07 00:00:00.000000', '1980-11-14', 376, 2);
INSERT INTO public.employees (id, first_name, last_name, birthday, employed_since, home_city_idx, employee_function_idx) VALUES (418, 'Coretta', 'Gethings', '1954-07-31 00:00:00.000000', '1985-11-27', 224, 2);
INSERT INTO public.employees (id, first_name, last_name, birthday, employed_since, home_city_idx, employee_function_idx) VALUES (454, 'Pattin', 'Smardon', '1968-11-20 00:00:00.000000', '1994-01-03', 148, 2);
INSERT INTO public.employees (id, first_name, last_name, birthday, employed_since, home_city_idx, employee_function_idx) VALUES (477, 'Paddy', 'Howatt', '2014-10-13 00:00:00.000000', '2004-06-10', 7, 1);
INSERT INTO public.employees (id, first_name, last_name, birthday, employed_since, home_city_idx, employee_function_idx) VALUES (413, 'Codi', 'Disdel', '1998-10-30 00:00:00.000000', '1981-10-17', 124, 1);
INSERT INTO public.employees (id, first_name, last_name, birthday, employed_since, home_city_idx, employee_function_idx) VALUES (412, 'Orland', 'De Carolis', '2006-02-01 00:00:00.000000', '1998-05-30', 46, 1);
INSERT INTO public.employees (id, first_name, last_name, birthday, employed_since, home_city_idx, employee_function_idx) VALUES (304, 'Dacie', 'Eglaise', '2004-05-08 00:00:00.000000', '2007-04-03', 375, 1);
INSERT INTO public.employees (id, first_name, last_name, birthday, employed_since, home_city_idx, employee_function_idx) VALUES (341, 'Ingemar', 'Pagan', '1952-06-16 00:00:00.000000', '2011-10-27', 338, 2);
INSERT INTO public.employees (id, first_name, last_name, birthday, employed_since, home_city_idx, employee_function_idx) VALUES (405, 'Ethelred', 'Churchward', '1961-06-04 00:00:00.000000', '1988-12-25', 145, 2);
INSERT INTO public.employees (id, first_name, last_name, birthday, employed_since, home_city_idx, employee_function_idx) VALUES (404, 'Flss', 'Bosward', '1975-04-04 00:00:00.000000', '2009-11-08', 185, 1);
INSERT INTO public.employees (id, first_name, last_name, birthday, employed_since, home_city_idx, employee_function_idx) VALUES (411, 'Malynda', 'Auchinleck', '1995-06-21 00:00:00.000000', '2019-07-27', 182, 2);
INSERT INTO public.employees (id, first_name, last_name, birthday, employed_since, home_city_idx, employee_function_idx) VALUES (401, 'Clarinda', 'Gofton', '2006-09-11 00:00:00.000000', '2016-01-19', 3, 1);
INSERT INTO public.employees (id, first_name, last_name, birthday, employed_since, home_city_idx, employee_function_idx) VALUES (400, 'Jess', 'Zanetti', '1983-09-13 00:00:00.000000', '2014-06-29', 91, 1);
INSERT INTO public.employees (id, first_name, last_name, birthday, employed_since, home_city_idx, employee_function_idx) VALUES (403, 'Althea', 'Larder', '1956-09-22 00:00:00.000000', '2004-06-10', 208, 1);
INSERT INTO public.employees (id, first_name, last_name, birthday, employed_since, home_city_idx, employee_function_idx) VALUES (497, 'Judith', 'Shippam', '1955-09-29 00:00:00.000000', '2018-11-29', 279, 2);
INSERT INTO public.employees (id, first_name, last_name, birthday, employed_since, home_city_idx, employee_function_idx) VALUES (414, 'Korrie', 'Tibbits', '2002-12-03 00:00:00.000000', '1997-05-02', 100, 2);
INSERT INTO public.employees (id, first_name, last_name, birthday, employed_since, home_city_idx, employee_function_idx) VALUES (499, 'Yoshi', 'Hamby', '1962-05-10 00:00:00.000000', '1994-02-18', 256, 2);
INSERT INTO public.employees (id, first_name, last_name, birthday, employed_since, home_city_idx, employee_function_idx) VALUES (312, 'Flossi', 'Brilon', '2006-03-10 00:00:00.000000', '1997-02-16', 370, 1);
INSERT INTO public.employees (id, first_name, last_name, birthday, employed_since, home_city_idx, employee_function_idx) VALUES (13, 'Evyn', 'Matzen', '1975-02-02 00:00:00.000000', '2010-01-30', 374, 1);
INSERT INTO public.employees (id, first_name, last_name, birthday, employed_since, home_city_idx, employee_function_idx) VALUES (393, 'Vally', 'Blagburn', '1988-12-16 00:00:00.000000', '2007-10-25', 215, 1);
INSERT INTO public.employees (id, first_name, last_name, birthday, employed_since, home_city_idx, employee_function_idx) VALUES (392, 'Shelton', 'Atchly', '2011-05-10 00:00:00.000000', '2012-09-23', 293, 1);
INSERT INTO public.employees (id, first_name, last_name, birthday, employed_since, home_city_idx, employee_function_idx) VALUES (394, 'Edwin', 'Danslow', '1985-10-29 00:00:00.000000', '1987-02-09', 4, 1);
INSERT INTO public.employees (id, first_name, last_name, birthday, employed_since, home_city_idx, employee_function_idx) VALUES (354, 'Rudolf', 'Tynemouth', '1993-07-21 00:00:00.000000', '1997-12-25', 174, 2);
INSERT INTO public.employees (id, first_name, last_name, birthday, employed_since, home_city_idx, employee_function_idx) VALUES (348, 'Garrot', 'Dovington', '1992-07-24 00:00:00.000000', '2000-07-22', 321, 2);
INSERT INTO public.employees (id, first_name, last_name, birthday, employed_since, home_city_idx, employee_function_idx) VALUES (355, 'Claudian', 'Bevis', '2017-04-18 00:00:00.000000', '1987-08-21', 384, 2);
INSERT INTO public.employees (id, first_name, last_name, birthday, employed_since, home_city_idx, employee_function_idx) VALUES (471, 'Valentine', 'Fermor', '2015-08-30 00:00:00.000000', '1987-09-09', 330, 2);
INSERT INTO public.employees (id, first_name, last_name, birthday, employed_since, home_city_idx, employee_function_idx) VALUES (352, 'Byrle', 'Methingam', '1958-07-15 00:00:00.000000', '2013-03-11', 291, 2);
INSERT INTO public.employees (id, first_name, last_name, birthday, employed_since, home_city_idx, employee_function_idx) VALUES (387, 'Cordell', 'Satch', '1990-04-13 00:00:00.000000', '1994-08-10', 150, 1);
INSERT INTO public.employees (id, first_name, last_name, birthday, employed_since, home_city_idx, employee_function_idx) VALUES (481, 'Lia', 'Signore', '1958-06-09 00:00:00.000000', '1985-11-03', 161, 2);
INSERT INTO public.employees (id, first_name, last_name, birthday, employed_since, home_city_idx, employee_function_idx) VALUES (445, 'Mariam', 'Ovell', '2009-02-16 00:00:00.000000', '1995-06-28', 72, 1);
INSERT INTO public.employees (id, first_name, last_name, birthday, employed_since, home_city_idx, employee_function_idx) VALUES (463, 'Sindee', 'Capstack', '1964-01-13 00:00:00.000000', '2010-03-01', 213, 1);
INSERT INTO public.employees (id, first_name, last_name, birthday, employed_since, home_city_idx, employee_function_idx) VALUES (447, 'Normand', 'Cartner', '2004-04-19 00:00:00.000000', '2012-12-01', 155, 1);
INSERT INTO public.employees (id, first_name, last_name, birthday, employed_since, home_city_idx, employee_function_idx) VALUES (446, 'Vivianna', 'Chrismas', '1964-03-23 00:00:00.000000', '1998-03-06', 153, 1);
INSERT INTO public.employees (id, first_name, last_name, birthday, employed_since, home_city_idx, employee_function_idx) VALUES (31, 'Wandis', 'Scowcroft', '2012-11-20 00:00:00.000000', '1988-09-16', 1, 2);
INSERT INTO public.employees (id, first_name, last_name, birthday, employed_since, home_city_idx, employee_function_idx) VALUES (357, 'Rog', 'Keddle', '1992-06-07 00:00:00.000000', '1981-03-31', 318, 2);
INSERT INTO public.employees (id, first_name, last_name, birthday, employed_since, home_city_idx, employee_function_idx) VALUES (25, 'Tomlin', 'Rignoldes', '1988-07-06 00:00:00.000000', '1985-07-15', 146, 2);
INSERT INTO public.employees (id, first_name, last_name, birthday, employed_since, home_city_idx, employee_function_idx) VALUES (437, 'Anatollo', 'Emmert', '2011-06-25 00:00:00.000000', '2016-04-30', 358, 1);
INSERT INTO public.employees (id, first_name, last_name, birthday, employed_since, home_city_idx, employee_function_idx) VALUES (436, 'Yuma', 'Chilvers', '1997-04-02 00:00:00.000000', '2012-11-15', 216, 1);
INSERT INTO public.employees (id, first_name, last_name, birthday, employed_since, home_city_idx, employee_function_idx) VALUES (469, 'Fredra', 'Bompas', '2013-06-11 00:00:00.000000', '1991-05-21', 227, 1);
INSERT INTO public.employees (id, first_name, last_name, birthday, employed_since, home_city_idx, employee_function_idx) VALUES (20, 'Marion', 'Jonke', '2013-04-16 00:00:00.000000', '2003-08-20', 16, 2);
INSERT INTO public.employees (id, first_name, last_name, birthday, employed_since, home_city_idx, employee_function_idx) VALUES (23, 'Verna', 'Hearfield', '1995-03-23 00:00:00.000000', '1993-07-06', 188, 2);
INSERT INTO public.employees (id, first_name, last_name, birthday, employed_since, home_city_idx, employee_function_idx) VALUES (435, 'James', 'Battista', '1953-09-26 00:00:00.000000', '2013-01-30', 257, 1);
INSERT INTO public.employees (id, first_name, last_name, birthday, employed_since, home_city_idx, employee_function_idx) VALUES (434, 'Ardyth', 'Playford', '2011-12-27 00:00:00.000000', '1996-07-29', 60, 1);
INSERT INTO public.employees (id, first_name, last_name, birthday, employed_since, home_city_idx, employee_function_idx) VALUES (429, 'Tamarra', 'Megahey', '2011-04-29 00:00:00.000000', '2012-02-16', 147, 1);
INSERT INTO public.employees (id, first_name, last_name, birthday, employed_since, home_city_idx, employee_function_idx) VALUES (19, 'Aron', 'Friatt', '1980-08-22 00:00:00.000000', '2000-09-27', 10, 2);
INSERT INTO public.employees (id, first_name, last_name, birthday, employed_since, home_city_idx, employee_function_idx) VALUES (18, 'Ricki', 'Dearnaly', '1975-07-23 00:00:00.000000', '1995-07-20', 73, 2);
INSERT INTO public.employees (id, first_name, last_name, birthday, employed_since, home_city_idx, employee_function_idx) VALUES (430, 'Titos', 'Pes', '1991-10-20 00:00:00.000000', '2001-05-14', 230, 1);
INSERT INTO public.employees (id, first_name, last_name, birthday, employed_since, home_city_idx, employee_function_idx) VALUES (424, 'Cecile', 'Currum', '1951-09-23 00:00:00.000000', '2019-11-16', 226, 1);
INSERT INTO public.employees (id, first_name, last_name, birthday, employed_since, home_city_idx, employee_function_idx) VALUES (14, 'Livvie', 'Girardoni', '1954-08-31 00:00:00.000000', '1985-01-16', 349, 2);
INSERT INTO public.employees (id, first_name, last_name, birthday, employed_since, home_city_idx, employee_function_idx) VALUES (9, 'Marcela', 'Shimoni', '1976-11-01 00:00:00.000000', '2009-10-30', 258, 2);
INSERT INTO public.employees (id, first_name, last_name, birthday, employed_since, home_city_idx, employee_function_idx) VALUES (8, 'Kerianne', 'Eaglen', '1961-03-28 00:00:00.000000', '2016-12-15', 291, 2);
INSERT INTO public.employees (id, first_name, last_name, birthday, employed_since, home_city_idx, employee_function_idx) VALUES (11, 'Gilles', 'Naptin', '2005-11-30 00:00:00.000000', '1992-04-10', 184, 2);
INSERT INTO public.employees (id, first_name, last_name, birthday, employed_since, home_city_idx, employee_function_idx) VALUES (10, 'Jori', 'Bandey', '1954-10-18 00:00:00.000000', '2010-09-01', 19, 2);
INSERT INTO public.employees (id, first_name, last_name, birthday, employed_since, home_city_idx, employee_function_idx) VALUES (5, 'Zane', 'Simonnin', '1993-04-13 00:00:00.000000', '1996-03-08', 311, 2);
INSERT INTO public.employees (id, first_name, last_name, birthday, employed_since, home_city_idx, employee_function_idx) VALUES (417, 'Ray', 'MacNeil', '2014-06-02 00:00:00.000000', '1997-01-27', 301, 1);
INSERT INTO public.employees (id, first_name, last_name, birthday, employed_since, home_city_idx, employee_function_idx) VALUES (7, 'Godiva', 'Farndell', '1976-09-10 00:00:00.000000', '2001-12-13', 206, 2);
INSERT INTO public.employees (id, first_name, last_name, birthday, employed_since, home_city_idx, employee_function_idx) VALUES (6, 'Ashil', 'Rushe', '1971-01-15 00:00:00.000000', '2011-01-15', 170, 2);
INSERT INTO public.employees (id, first_name, last_name, birthday, employed_since, home_city_idx, employee_function_idx) VALUES (374, 'Ludwig', 'Limer', '1985-10-01 00:00:00.000000', '1986-09-15', 234, 2);
INSERT INTO public.employees (id, first_name, last_name, birthday, employed_since, home_city_idx, employee_function_idx) VALUES (476, 'Lutero', 'Jane', '2007-08-15 00:00:00.000000', '2018-08-12', 101, 1);
INSERT INTO public.employees (id, first_name, last_name, birthday, employed_since, home_city_idx, employee_function_idx) VALUES (2, 'Alissa', 'Autin', '1952-05-07 00:00:00.000000', '2009-10-14', 370, 2);
INSERT INTO public.employees (id, first_name, last_name, birthday, employed_since, home_city_idx, employee_function_idx) VALUES (302, 'Torrance', 'Espinosa', '2001-06-12 00:00:00.000000', '2005-12-27', 11, 2);
INSERT INTO public.employees (id, first_name, last_name, birthday, employed_since, home_city_idx, employee_function_idx) VALUES (60, 'Carline', 'Skirven', '1966-12-06 00:00:00.000000', '2002-11-16', 42, 2);
INSERT INTO public.employees (id, first_name, last_name, birthday, employed_since, home_city_idx, employee_function_idx) VALUES (475, 'Aline', 'Wildblood', '1970-03-31 00:00:00.000000', '2019-02-28', 271, 1);
INSERT INTO public.employees (id, first_name, last_name, birthday, employed_since, home_city_idx, employee_function_idx) VALUES (57, 'Berti', 'Stratford', '1950-11-19 00:00:00.000000', '2014-02-14', 136, 2);
INSERT INTO public.employees (id, first_name, last_name, birthday, employed_since, home_city_idx, employee_function_idx) VALUES (56, 'Brunhilde', 'Cuxon', '2003-02-18 00:00:00.000000', '1986-01-07', 240, 2);
INSERT INTO public.employees (id, first_name, last_name, birthday, employed_since, home_city_idx, employee_function_idx) VALUES (468, 'Jackelyn', 'Lesmonde', '1998-09-05 00:00:00.000000', '1987-11-27', 29, 1);
INSERT INTO public.employees (id, first_name, last_name, birthday, employed_since, home_city_idx, employee_function_idx) VALUES (58, 'Wiatt', 'Bateman', '1965-01-08 00:00:00.000000', '1997-07-21', 67, 2);
INSERT INTO public.employees (id, first_name, last_name, birthday, employed_since, home_city_idx, employee_function_idx) VALUES (53, 'Tremain', 'Sutworth', '2014-02-04 00:00:00.000000', '2014-07-13', 212, 2);
INSERT INTO public.employees (id, first_name, last_name, birthday, employed_since, home_city_idx, employee_function_idx) VALUES (52, 'Tiebout', 'Bartlosz', '1954-03-10 00:00:00.000000', '2018-06-19', 365, 2);
INSERT INTO public.employees (id, first_name, last_name, birthday, employed_since, home_city_idx, employee_function_idx) VALUES (55, 'Maudie', 'Walsh', '1998-02-25 00:00:00.000000', '2002-09-17', 312, 2);
INSERT INTO public.employees (id, first_name, last_name, birthday, employed_since, home_city_idx, employee_function_idx) VALUES (54, 'Lowell', 'Chotty', '1975-07-17 00:00:00.000000', '1996-01-27', 4, 2);
INSERT INTO public.employees (id, first_name, last_name, birthday, employed_since, home_city_idx, employee_function_idx) VALUES (466, 'Melony', 'Brevetor', '1973-12-25 00:00:00.000000', '1990-11-09', 103, 1);
INSERT INTO public.employees (id, first_name, last_name, birthday, employed_since, home_city_idx, employee_function_idx) VALUES (48, 'Morganne', 'Giercke', '1971-03-13 00:00:00.000000', '1988-06-27', 199, 2);
INSERT INTO public.employees (id, first_name, last_name, birthday, employed_since, home_city_idx, employee_function_idx) VALUES (51, 'Templeton', 'Balchin', '1954-01-27 00:00:00.000000', '1998-12-30', 208, 2);
INSERT INTO public.employees (id, first_name, last_name, birthday, employed_since, home_city_idx, employee_function_idx) VALUES (280, 'Sileas', 'Metschke', '1966-11-06 00:00:00.000000', '2017-06-08', 231, 1);
INSERT INTO public.employees (id, first_name, last_name, birthday, employed_since, home_city_idx, employee_function_idx) VALUES (462, 'Mackenzie', 'Lawrenz', '1999-05-15 00:00:00.000000', '1987-04-21', 302, 1);
INSERT INTO public.employees (id, first_name, last_name, birthday, employed_since, home_city_idx, employee_function_idx) VALUES (44, 'Leilah', 'Uc', '1960-06-14 00:00:00.000000', '1996-10-25', 343, 2);
INSERT INTO public.employees (id, first_name, last_name, birthday, employed_since, home_city_idx, employee_function_idx) VALUES (486, 'Bethena', 'Lambe', '1961-10-14 00:00:00.000000', '2015-07-30', 29, 2);
INSERT INTO public.employees (id, first_name, last_name, birthday, employed_since, home_city_idx, employee_function_idx) VALUES (459, 'Morgun', 'Hentzer', '1963-11-02 00:00:00.000000', '1994-04-25', 191, 1);
INSERT INTO public.employees (id, first_name, last_name, birthday, employed_since, home_city_idx, employee_function_idx) VALUES (41, 'Marchall', 'Smittoune', '2012-10-11 00:00:00.000000', '2002-12-20', 264, 2);
INSERT INTO public.employees (id, first_name, last_name, birthday, employed_since, home_city_idx, employee_function_idx) VALUES (40, 'Martainn', 'Simmonds', '2018-03-12 00:00:00.000000', '1999-02-16', 113, 2);
INSERT INTO public.employees (id, first_name, last_name, birthday, employed_since, home_city_idx, employee_function_idx) VALUES (43, 'Cloe', 'Pestor', '1981-07-18 00:00:00.000000', '2005-12-29', 111, 2);
INSERT INTO public.employees (id, first_name, last_name, birthday, employed_since, home_city_idx, employee_function_idx) VALUES (42, 'Jocelin', 'Manson', '1990-02-13 00:00:00.000000', '2001-09-12', 58, 2);
INSERT INTO public.employees (id, first_name, last_name, birthday, employed_since, home_city_idx, employee_function_idx) VALUES (389, 'Myrna', 'Hanretty', '2003-09-20 00:00:00.000000', '1984-03-06', 178, 1);
INSERT INTO public.employees (id, first_name, last_name, birthday, employed_since, home_city_idx, employee_function_idx) VALUES (320, 'Haskell', 'Gianolo', '1986-12-12 00:00:00.000000', '1991-04-06', 226, 2);
INSERT INTO public.employees (id, first_name, last_name, birthday, employed_since, home_city_idx, employee_function_idx) VALUES (39, 'Dorri', 'Popley', '1978-06-15 00:00:00.000000', '2013-09-20', 375, 2);
INSERT INTO public.employees (id, first_name, last_name, birthday, employed_since, home_city_idx, employee_function_idx) VALUES (38, 'Sephira', 'Rolley', '2004-07-18 00:00:00.000000', '2003-07-22', 59, 2);
INSERT INTO public.employees (id, first_name, last_name, birthday, employed_since, home_city_idx, employee_function_idx) VALUES (33, 'Conrade', 'Gatecliff', '1984-12-02 00:00:00.000000', '2007-02-20', 185, 2);
INSERT INTO public.employees (id, first_name, last_name, birthday, employed_since, home_city_idx, employee_function_idx) VALUES (32, 'Erny', 'Caldera', '1960-01-09 00:00:00.000000', '2010-02-06', 393, 2);
INSERT INTO public.employees (id, first_name, last_name, birthday, employed_since, home_city_idx, employee_function_idx) VALUES (498, 'Mattie', 'Gonzalez', '1986-02-22 00:00:00.000000', '2000-08-12', 37, 2);
INSERT INTO public.employees (id, first_name, last_name, birthday, employed_since, home_city_idx, employee_function_idx) VALUES (496, 'Elissa', 'Botfield', '2013-01-08 00:00:00.000000', '2004-01-20', 228, 2);
INSERT INTO public.employees (id, first_name, last_name, birthday, employed_since, home_city_idx, employee_function_idx) VALUES (95, 'Leland', 'Baelde', '1986-04-16 00:00:00.000000', '1982-03-22', 308, 2);
INSERT INTO public.employees (id, first_name, last_name, birthday, employed_since, home_city_idx, employee_function_idx) VALUES (500, 'Ive', 'Trickett', '1983-08-27 00:00:00.000000', '1982-01-24', 156, 1);
INSERT INTO public.employees (id, first_name, last_name, birthday, employed_since, home_city_idx, employee_function_idx) VALUES (90, 'Cleve', 'Carlesi', '2000-02-10 00:00:00.000000', '2012-09-19', 211, 2);
INSERT INTO public.employees (id, first_name, last_name, birthday, employed_since, home_city_idx, employee_function_idx) VALUES (84, 'Nickie', 'Cruttenden', '1982-03-05 00:00:00.000000', '2009-01-18', 170, 2);
INSERT INTO public.employees (id, first_name, last_name, birthday, employed_since, home_city_idx, employee_function_idx) VALUES (86, 'Rozanne', 'Santen', '1976-05-17 00:00:00.000000', '2012-11-15', 151, 2);
INSERT INTO public.employees (id, first_name, last_name, birthday, employed_since, home_city_idx, employee_function_idx) VALUES (81, 'Evangeline', 'Endersby', '1996-06-13 00:00:00.000000', '2002-07-10', 47, 2);
INSERT INTO public.employees (id, first_name, last_name, birthday, employed_since, home_city_idx, employee_function_idx) VALUES (493, 'Evangelia', 'Keenleyside', '1999-02-11 00:00:00.000000', '1985-04-26', 226, 1);
INSERT INTO public.employees (id, first_name, last_name, birthday, employed_since, home_city_idx, employee_function_idx) VALUES (415, 'Essa', 'O''Kane', '1964-07-18 00:00:00.000000', '1996-02-29', 126, 1);
INSERT INTO public.employees (id, first_name, last_name, birthday, employed_since, home_city_idx, employee_function_idx) VALUES (82, 'Clyve', 'Tarburn', '1978-10-13 00:00:00.000000', '2011-05-01', 193, 2);
INSERT INTO public.employees (id, first_name, last_name, birthday, employed_since, home_city_idx, employee_function_idx) VALUES (448, 'Amabel', 'Shimuk', '1951-07-20 00:00:00.000000', '2008-01-14', 161, 2);
INSERT INTO public.employees (id, first_name, last_name, birthday, employed_since, home_city_idx, employee_function_idx) VALUES (489, 'Kat', 'Darlasson', '1982-01-15 00:00:00.000000', '2013-08-24', 198, 1);
INSERT INTO public.employees (id, first_name, last_name, birthday, employed_since, home_city_idx, employee_function_idx) VALUES (79, 'Herbie', 'Fidelli', '1988-10-21 00:00:00.000000', '2014-06-19', 381, 2);
INSERT INTO public.employees (id, first_name, last_name, birthday, employed_since, home_city_idx, employee_function_idx) VALUES (78, 'Roberta', 'Aliman', '1963-05-08 00:00:00.000000', '1981-01-15', 131, 2);
INSERT INTO public.employees (id, first_name, last_name, birthday, employed_since, home_city_idx, employee_function_idx) VALUES (73, 'Kerry', 'Yurukhin', '2017-02-19 00:00:00.000000', '1986-03-27', 13, 2);
INSERT INTO public.employees (id, first_name, last_name, birthday, employed_since, home_city_idx, employee_function_idx) VALUES (72, 'Rosetta', 'Creamen', '1953-08-09 00:00:00.000000', '1999-10-26', 54, 2);
INSERT INTO public.employees (id, first_name, last_name, birthday, employed_since, home_city_idx, employee_function_idx) VALUES (458, 'Bartolemo', 'Ianiello', '2017-12-28 00:00:00.000000', '1982-09-25', 346, 2);
INSERT INTO public.employees (id, first_name, last_name, birthday, employed_since, home_city_idx, employee_function_idx) VALUES (74, 'Jeffry', 'Greenstead', '1962-01-07 00:00:00.000000', '1983-01-01', 293, 2);
INSERT INTO public.employees (id, first_name, last_name, birthday, employed_since, home_city_idx, employee_function_idx) VALUES (328, 'Leopold', 'Haglington', '1951-12-20 00:00:00.000000', '1984-03-01', 4, 1);
INSERT INTO public.employees (id, first_name, last_name, birthday, employed_since, home_city_idx, employee_function_idx) VALUES (457, 'Albertine', 'Honatsch', '2018-06-16 00:00:00.000000', '2005-05-09', 260, 2);
INSERT INTO public.employees (id, first_name, last_name, birthday, employed_since, home_city_idx, employee_function_idx) VALUES (71, 'Isahella', 'Petticrew', '1975-09-16 00:00:00.000000', '2012-06-06', 225, 2);
INSERT INTO public.employees (id, first_name, last_name, birthday, employed_since, home_city_idx, employee_function_idx) VALUES (70, 'Salim', 'Tompkinson', '2018-03-31 00:00:00.000000', '2009-09-11', 352, 2);
INSERT INTO public.employees (id, first_name, last_name, birthday, employed_since, home_city_idx, employee_function_idx) VALUES (65, 'Melinda', 'Lehmann', '1958-04-05 00:00:00.000000', '2010-05-17', 343, 2);
INSERT INTO public.employees (id, first_name, last_name, birthday, employed_since, home_city_idx, employee_function_idx) VALUES (29, 'Teddie', 'Weathers', '1956-09-07 00:00:00.000000', '1990-03-17', 206, 1);
INSERT INTO public.employees (id, first_name, last_name, birthday, employed_since, home_city_idx, employee_function_idx) VALUES (28, 'Chariot', 'Draysay', '1975-12-28 00:00:00.000000', '1986-08-25', 330, 1);
INSERT INTO public.employees (id, first_name, last_name, birthday, employed_since, home_city_idx, employee_function_idx) VALUES (125, 'Ellissa', 'Sworn', '1994-09-01 00:00:00.000000', '2016-02-01', 209, 2);
INSERT INTO public.employees (id, first_name, last_name, birthday, employed_since, home_city_idx, employee_function_idx) VALUES (465, 'Blondelle', 'Pickett', '1959-10-22 00:00:00.000000', '1994-03-27', 5, 2);
INSERT INTO public.employees (id, first_name, last_name, birthday, employed_since, home_city_idx, employee_function_idx) VALUES (24, 'Guss', 'Hustler', '1967-01-19 00:00:00.000000', '1983-03-01', 231, 1);
INSERT INTO public.employees (id, first_name, last_name, birthday, employed_since, home_city_idx, employee_function_idx) VALUES (27, 'Gayle', 'Nelle', '1969-02-28 00:00:00.000000', '2014-05-25', 240, 1);
INSERT INTO public.employees (id, first_name, last_name, birthday, employed_since, home_city_idx, employee_function_idx) VALUES (26, 'Brunhilde', 'Pears', '1993-12-06 00:00:00.000000', '2011-01-28', 360, 1);
INSERT INTO public.employees (id, first_name, last_name, birthday, employed_since, home_city_idx, employee_function_idx) VALUES (21, 'Nathaniel', 'Buard', '2011-01-04 00:00:00.000000', '2010-06-30', 319, 1);
INSERT INTO public.employees (id, first_name, last_name, birthday, employed_since, home_city_idx, employee_function_idx) VALUES (123, 'Allene', 'Sutheran', '1995-09-25 00:00:00.000000', '2011-01-26', 310, 2);
INSERT INTO public.employees (id, first_name, last_name, birthday, employed_since, home_city_idx, employee_function_idx) VALUES (22, 'Juana', 'Le Provest', '1995-09-17 00:00:00.000000', '1994-01-15', 82, 1);
INSERT INTO public.employees (id, first_name, last_name, birthday, employed_since, home_city_idx, employee_function_idx) VALUES (17, 'Erda', 'Traske', '1975-01-23 00:00:00.000000', '1985-02-18', 33, 1);
INSERT INTO public.employees (id, first_name, last_name, birthday, employed_since, home_city_idx, employee_function_idx) VALUES (119, 'Alick', 'McCaighey', '2005-08-11 00:00:00.000000', '1984-07-03', 63, 2);
INSERT INTO public.employees (id, first_name, last_name, birthday, employed_since, home_city_idx, employee_function_idx) VALUES (118, 'Shelli', 'Stow', '1956-10-17 00:00:00.000000', '2003-01-02', 73, 2);
INSERT INTO public.employees (id, first_name, last_name, birthday, employed_since, home_city_idx, employee_function_idx) VALUES (432, 'Truman', 'Crabb', '2016-10-18 00:00:00.000000', '1998-02-21', 383, 2);
INSERT INTO public.employees (id, first_name, last_name, birthday, employed_since, home_city_idx, employee_function_idx) VALUES (12, 'Chas', 'Mattecot', '1996-11-10 00:00:00.000000', '2007-09-21', 290, 1);
INSERT INTO public.employees (id, first_name, last_name, birthday, employed_since, home_city_idx, employee_function_idx) VALUES (114, 'Chandler', 'Wildash', '1956-06-21 00:00:00.000000', '2010-05-31', 399, 2);
INSERT INTO public.employees (id, first_name, last_name, birthday, employed_since, home_city_idx, employee_function_idx) VALUES (109, 'Kerrill', 'Hydes', '2011-05-06 00:00:00.000000', '1988-10-27', 39, 2);
INSERT INTO public.employees (id, first_name, last_name, birthday, employed_since, home_city_idx, employee_function_idx) VALUES (108, 'Scarlett', 'Kyle', '2010-10-27 00:00:00.000000', '2018-02-03', 34, 2);
INSERT INTO public.employees (id, first_name, last_name, birthday, employed_since, home_city_idx, employee_function_idx) VALUES (111, 'Yvor', 'Tuke', '1974-09-29 00:00:00.000000', '1995-05-06', 348, 2);
INSERT INTO public.employees (id, first_name, last_name, birthday, employed_since, home_city_idx, employee_function_idx) VALUES (110, 'Clarey', 'Hambatch', '1952-07-03 00:00:00.000000', '1987-02-14', 101, 2);
INSERT INTO public.employees (id, first_name, last_name, birthday, employed_since, home_city_idx, employee_function_idx) VALUES (105, 'Bonni', 'Hanlin', '2008-09-17 00:00:00.000000', '1985-07-30', 33, 2);
INSERT INTO public.employees (id, first_name, last_name, birthday, employed_since, home_city_idx, employee_function_idx) VALUES (490, 'Simon', 'Shergill', '2002-02-16 00:00:00.000000', '2006-05-19', 205, 2);
INSERT INTO public.employees (id, first_name, last_name, birthday, employed_since, home_city_idx, employee_function_idx) VALUES (4, 'Sunny', 'Porritt', '2009-09-05 00:00:00.000000', '2001-06-18', 327, 1);
INSERT INTO public.employees (id, first_name, last_name, birthday, employed_since, home_city_idx, employee_function_idx) VALUES (106, 'Marcello', 'Kemster', '2011-07-06 00:00:00.000000', '2008-02-18', 42, 2);
INSERT INTO public.employees (id, first_name, last_name, birthday, employed_since, home_city_idx, employee_function_idx) VALUES (388, 'Noni', 'Meadowcroft', '1983-12-16 00:00:00.000000', '2016-02-08', 227, 1);
INSERT INTO public.employees (id, first_name, last_name, birthday, employed_since, home_city_idx, employee_function_idx) VALUES (1, 'Maurizio', 'Mechic', '1960-12-08 00:00:00.000000', '1993-08-18', 165, 1);
INSERT INTO public.employees (id, first_name, last_name, birthday, employed_since, home_city_idx, employee_function_idx) VALUES (102, 'Gray', 'Thick', '1969-09-30 00:00:00.000000', '2000-11-22', 25, 2);
INSERT INTO public.employees (id, first_name, last_name, birthday, employed_since, home_city_idx, employee_function_idx) VALUES (97, 'Joannes', 'Brilleman', '1956-12-19 00:00:00.000000', '2005-03-25', 199, 2);
INSERT INTO public.employees (id, first_name, last_name, birthday, employed_since, home_city_idx, employee_function_idx) VALUES (61, 'Rodrique', 'Hallet', '1977-11-12 00:00:00.000000', '1992-06-15', 60, 1);
INSERT INTO public.employees (id, first_name, last_name, birthday, employed_since, home_city_idx, employee_function_idx) VALUES (99, 'Chrystal', 'Bennell', '1961-09-29 00:00:00.000000', '1989-05-16', 75, 2);
INSERT INTO public.employees (id, first_name, last_name, birthday, employed_since, home_city_idx, employee_function_idx) VALUES (63, 'Aurelie', 'Caddock', '2001-09-08 00:00:00.000000', '2018-07-13', 49, 1);
INSERT INTO public.employees (id, first_name, last_name, birthday, employed_since, home_city_idx, employee_function_idx) VALUES (157, 'Simonette', 'Trillow', '2004-08-06 00:00:00.000000', '1982-06-21', 34, 2);
INSERT INTO public.employees (id, first_name, last_name, birthday, employed_since, home_city_idx, employee_function_idx) VALUES (156, 'Korie', 'Opdenorth', '1995-12-02 00:00:00.000000', '2017-06-03', 362, 2);
INSERT INTO public.employees (id, first_name, last_name, birthday, employed_since, home_city_idx, employee_function_idx) VALUES (438, 'Alleyn', 'Cross', '1953-12-07 00:00:00.000000', '1993-06-10', 394, 2);
INSERT INTO public.employees (id, first_name, last_name, birthday, employed_since, home_city_idx, employee_function_idx) VALUES (59, 'Sherri', 'Stockhill', '1956-10-12 00:00:00.000000', '2004-05-19', 244, 1);
INSERT INTO public.employees (id, first_name, last_name, birthday, employed_since, home_city_idx, employee_function_idx) VALUES (153, 'Isaiah', 'Himsworth', '2013-08-17 00:00:00.000000', '2012-12-12', 23, 2);
INSERT INTO public.employees (id, first_name, last_name, birthday, employed_since, home_city_idx, employee_function_idx) VALUES (152, 'Dorita', 'Haseldine', '1985-05-01 00:00:00.000000', '2009-07-23', 9, 2);
INSERT INTO public.employees (id, first_name, last_name, birthday, employed_since, home_city_idx, employee_function_idx) VALUES (155, 'Octavia', 'Fearick', '2017-11-22 00:00:00.000000', '2017-02-17', 390, 2);
INSERT INTO public.employees (id, first_name, last_name, birthday, employed_since, home_city_idx, employee_function_idx) VALUES (154, 'Gerta', 'Laughnan', '2017-06-16 00:00:00.000000', '2012-10-29', 307, 2);
INSERT INTO public.employees (id, first_name, last_name, birthday, employed_since, home_city_idx, employee_function_idx) VALUES (49, 'Sheila-kathryn', 'Kermott', '1983-06-04 00:00:00.000000', '1989-03-13', 268, 1);
INSERT INTO public.employees (id, first_name, last_name, birthday, employed_since, home_city_idx, employee_function_idx) VALUES (151, 'Caterina', 'Laviste', '2011-11-24 00:00:00.000000', '1988-11-14', 281, 2);
INSERT INTO public.employees (id, first_name, last_name, birthday, employed_since, home_city_idx, employee_function_idx) VALUES (50, 'Dal', 'Royse', '1959-01-21 00:00:00.000000', '2010-01-27', 226, 1);
INSERT INTO public.employees (id, first_name, last_name, birthday, employed_since, home_city_idx, employee_function_idx) VALUES (144, 'Kelsy', 'McLachlan', '1992-12-20 00:00:00.000000', '1990-12-28', 387, 2);
INSERT INTO public.employees (id, first_name, last_name, birthday, employed_since, home_city_idx, employee_function_idx) VALUES (386, 'Kacey', 'Ewence', '2001-07-13 00:00:00.000000', '2004-11-18', 340, 2);
INSERT INTO public.employees (id, first_name, last_name, birthday, employed_since, home_city_idx, employee_function_idx) VALUES (47, 'Duncan', 'Fedorski', '2009-04-14 00:00:00.000000', '1982-10-09', 154, 1);
INSERT INTO public.employees (id, first_name, last_name, birthday, employed_since, home_city_idx, employee_function_idx) VALUES (141, 'Ara', 'Rameau', '2011-02-04 00:00:00.000000', '1996-02-11', 319, 2);
INSERT INTO public.employees (id, first_name, last_name, birthday, employed_since, home_city_idx, employee_function_idx) VALUES (140, 'Ferrel', 'Gristwood', '1963-12-22 00:00:00.000000', '2019-02-17', 75, 2);
INSERT INTO public.employees (id, first_name, last_name, birthday, employed_since, home_city_idx, employee_function_idx) VALUES (143, 'Marrissa', 'Kitcat', '1996-03-07 00:00:00.000000', '2017-09-26', 149, 2);
INSERT INTO public.employees (id, first_name, last_name, birthday, employed_since, home_city_idx, employee_function_idx) VALUES (142, 'Collen', 'MacMaster', '2000-09-07 00:00:00.000000', '2012-07-21', 21, 2);
INSERT INTO public.employees (id, first_name, last_name, birthday, employed_since, home_city_idx, employee_function_idx) VALUES (37, 'Sibbie', 'Manis', '1974-10-24 00:00:00.000000', '1982-11-22', 234, 1);
INSERT INTO public.employees (id, first_name, last_name, birthday, employed_since, home_city_idx, employee_function_idx) VALUES (139, 'Lissie', 'Baldwin', '1996-06-09 00:00:00.000000', '1981-10-31', 36, 2);
INSERT INTO public.employees (id, first_name, last_name, birthday, employed_since, home_city_idx, employee_function_idx) VALUES (138, 'Addie', 'Kenrick', '1998-11-23 00:00:00.000000', '2005-09-04', 318, 2);
INSERT INTO public.employees (id, first_name, last_name, birthday, employed_since, home_city_idx, employee_function_idx) VALUES (133, 'Emili', 'Van der Daal', '1974-06-28 00:00:00.000000', '2014-05-06', 143, 2);
INSERT INTO public.employees (id, first_name, last_name, birthday, employed_since, home_city_idx, employee_function_idx) VALUES (132, 'Nadeen', 'Lennon', '1971-09-23 00:00:00.000000', '2015-10-01', 260, 2);
INSERT INTO public.employees (id, first_name, last_name, birthday, employed_since, home_city_idx, employee_function_idx) VALUES (398, 'Loretta', 'Ely', '1996-07-27 00:00:00.000000', '2016-04-08', 47, 2);
INSERT INTO public.employees (id, first_name, last_name, birthday, employed_since, home_city_idx, employee_function_idx) VALUES (35, 'Hertha', 'Chatell', '1996-08-04 00:00:00.000000', '1988-07-22', 332, 1);
INSERT INTO public.employees (id, first_name, last_name, birthday, employed_since, home_city_idx, employee_function_idx) VALUES (34, 'Melisandra', 'Kenson', '1963-05-22 00:00:00.000000', '2016-03-18', 16, 1);
INSERT INTO public.employees (id, first_name, last_name, birthday, employed_since, home_city_idx, employee_function_idx) VALUES (93, 'Dorian', 'Macklam', '1984-08-18 00:00:00.000000', '2017-01-01', 196, 1);
INSERT INTO public.employees (id, first_name, last_name, birthday, employed_since, home_city_idx, employee_function_idx) VALUES (92, 'Karl', 'Astle', '1954-12-12 00:00:00.000000', '1994-01-28', 114, 1);
INSERT INTO public.employees (id, first_name, last_name, birthday, employed_since, home_city_idx, employee_function_idx) VALUES (94, 'Keelby', 'Mealham', '1961-07-31 00:00:00.000000', '1992-04-01', 212, 1);
INSERT INTO public.employees (id, first_name, last_name, birthday, employed_since, home_city_idx, employee_function_idx) VALUES (89, 'Lamond', 'Scad', '1977-06-02 00:00:00.000000', '1988-03-10', 307, 1);
INSERT INTO public.employees (id, first_name, last_name, birthday, employed_since, home_city_idx, employee_function_idx) VALUES (88, 'Kippar', 'L''argent', '1986-05-30 00:00:00.000000', '1982-06-23', 261, 1);
INSERT INTO public.employees (id, first_name, last_name, birthday, employed_since, home_city_idx, employee_function_idx) VALUES (190, 'Rawley', 'Abraham', '2016-04-12 00:00:00.000000', '1995-05-31', 257, 2);
INSERT INTO public.employees (id, first_name, last_name, birthday, employed_since, home_city_idx, employee_function_idx) VALUES (85, 'Fara', 'Selley', '1964-11-23 00:00:00.000000', '1991-08-02', 112, 1);
INSERT INTO public.employees (id, first_name, last_name, birthday, employed_since, home_city_idx, employee_function_idx) VALUES (410, 'Dulcine', 'Symers', '1958-06-21 00:00:00.000000', '2003-02-12', 57, 2);
INSERT INTO public.employees (id, first_name, last_name, birthday, employed_since, home_city_idx, employee_function_idx) VALUES (186, 'Whitney', 'Murphy', '1996-01-21 00:00:00.000000', '2007-01-18', 31, 2);
INSERT INTO public.employees (id, first_name, last_name, birthday, employed_since, home_city_idx, employee_function_idx) VALUES (181, 'Lucky', 'Shirt', '1987-01-01 00:00:00.000000', '1994-01-14', 318, 2);
INSERT INTO public.employees (id, first_name, last_name, birthday, employed_since, home_city_idx, employee_function_idx) VALUES (409, 'Rube', 'Blinco', '1964-08-24 00:00:00.000000', '1996-11-21', 69, 2);
INSERT INTO public.employees (id, first_name, last_name, birthday, employed_since, home_city_idx, employee_function_idx) VALUES (80, 'Francine', 'Yaakov', '2016-05-23 00:00:00.000000', '2011-11-13', 118, 1);
INSERT INTO public.employees (id, first_name, last_name, birthday, employed_since, home_city_idx, employee_function_idx) VALUES (182, 'Nedi', 'Preto', '1960-09-24 00:00:00.000000', '2018-04-29', 308, 2);
INSERT INTO public.employees (id, first_name, last_name, birthday, employed_since, home_city_idx, employee_function_idx) VALUES (384, 'Lin', 'Cettell', '2005-07-12 00:00:00.000000', '1985-02-21', 45, 2);
INSERT INTO public.employees (id, first_name, last_name, birthday, employed_since, home_city_idx, employee_function_idx) VALUES (77, 'Wyn', 'Capeling', '1964-09-13 00:00:00.000000', '2015-03-28', 42, 1);
INSERT INTO public.employees (id, first_name, last_name, birthday, employed_since, home_city_idx, employee_function_idx) VALUES (179, 'Melania', 'Silverson', '1988-08-23 00:00:00.000000', '2010-02-28', 144, 2);
INSERT INTO public.employees (id, first_name, last_name, birthday, employed_since, home_city_idx, employee_function_idx) VALUES (178, 'Joannes', 'Smallcombe', '1955-03-16 00:00:00.000000', '1991-08-07', 358, 2);
INSERT INTO public.employees (id, first_name, last_name, birthday, employed_since, home_city_idx, employee_function_idx) VALUES (173, 'Augustine', 'O''Corrane', '2002-06-26 00:00:00.000000', '2010-08-31', 271, 2);
INSERT INTO public.employees (id, first_name, last_name, birthday, employed_since, home_city_idx, employee_function_idx) VALUES (172, 'Mara', 'Kinze', '1952-12-22 00:00:00.000000', '2009-10-24', 337, 2);
INSERT INTO public.employees (id, first_name, last_name, birthday, employed_since, home_city_idx, employee_function_idx) VALUES (358, 'Charo', 'Vize', '1952-06-06 00:00:00.000000', '1985-02-06', 238, 2);
INSERT INTO public.employees (id, first_name, last_name, birthday, employed_since, home_city_idx, employee_function_idx) VALUES (174, 'Pall', 'O''Mailey', '1967-04-28 00:00:00.000000', '1987-06-27', 111, 2);
INSERT INTO public.employees (id, first_name, last_name, birthday, employed_since, home_city_idx, employee_function_idx) VALUES (69, 'Celie', 'Zywicki', '1966-08-02 00:00:00.000000', '2013-04-23', 55, 1);
INSERT INTO public.employees (id, first_name, last_name, birthday, employed_since, home_city_idx, employee_function_idx) VALUES (171, 'Keelby', 'Caddie', '2002-08-11 00:00:00.000000', '2016-06-08', 371, 2);
INSERT INTO public.employees (id, first_name, last_name, birthday, employed_since, home_city_idx, employee_function_idx) VALUES (170, 'Robinet', 'Poff', '1962-11-23 00:00:00.000000', '1993-11-27', 373, 2);
INSERT INTO public.employees (id, first_name, last_name, birthday, employed_since, home_city_idx, employee_function_idx) VALUES (165, 'Oren', 'Lukasik', '2017-12-16 00:00:00.000000', '1989-05-09', 228, 2);
INSERT INTO public.employees (id, first_name, last_name, birthday, employed_since, home_city_idx, employee_function_idx) VALUES (64, 'Marian', 'Tuffs', '1990-07-15 00:00:00.000000', '2001-10-19', 368, 1);
INSERT INTO public.employees (id, first_name, last_name, birthday, employed_since, home_city_idx, employee_function_idx) VALUES (67, 'Maure', 'Arlett', '1970-05-27 00:00:00.000000', '2006-10-01', 119, 1);
INSERT INTO public.employees (id, first_name, last_name, birthday, employed_since, home_city_idx, employee_function_idx) VALUES (66, 'Dix', 'Hegge', '1954-07-22 00:00:00.000000', '1984-01-04', 137, 1);
INSERT INTO public.employees (id, first_name, last_name, birthday, employed_since, home_city_idx, employee_function_idx) VALUES (160, 'Rowen', 'Gouldstone', '1980-12-20 00:00:00.000000', '2014-07-12', 90, 2);
INSERT INTO public.employees (id, first_name, last_name, birthday, employed_since, home_city_idx, employee_function_idx) VALUES (124, 'Bale', 'Brandle', '1984-07-10 00:00:00.000000', '2015-05-22', 362, 1);
INSERT INTO public.employees (id, first_name, last_name, birthday, employed_since, home_city_idx, employee_function_idx) VALUES (127, 'Brigg', 'Denyagin', '2016-02-22 00:00:00.000000', '2012-05-25', 23, 1);
INSERT INTO public.employees (id, first_name, last_name, birthday, employed_since, home_city_idx, employee_function_idx) VALUES (126, 'Meris', 'Tuvey', '2010-01-16 00:00:00.000000', '1983-11-06', 32, 1);
INSERT INTO public.employees (id, first_name, last_name, birthday, employed_since, home_city_idx, employee_function_idx) VALUES (220, 'Courtney', 'Trafford', '2019-01-31 00:00:00.000000', '2015-05-05', 152, 2);
INSERT INTO public.employees (id, first_name, last_name, birthday, employed_since, home_city_idx, employee_function_idx) VALUES (223, 'Belva', 'Van Leeuwen', '1958-06-29 00:00:00.000000', '2018-04-19', 351, 2);
INSERT INTO public.employees (id, first_name, last_name, birthday, employed_since, home_city_idx, employee_function_idx) VALUES (122, 'Lexine', 'O''Keenan', '1968-03-03 00:00:00.000000', '2017-06-05', 189, 1);
INSERT INTO public.employees (id, first_name, last_name, birthday, employed_since, home_city_idx, employee_function_idx) VALUES (117, 'Genevra', 'Slucock', '2019-07-02 00:00:00.000000', '1992-03-09', 125, 1);
INSERT INTO public.employees (id, first_name, last_name, birthday, employed_since, home_city_idx, employee_function_idx) VALUES (219, 'Germaine', 'Laying', '1997-12-18 00:00:00.000000', '1988-03-05', 289, 2);
INSERT INTO public.employees (id, first_name, last_name, birthday, employed_since, home_city_idx, employee_function_idx) VALUES (218, 'Hubert', 'Moakes', '1999-05-26 00:00:00.000000', '1986-04-06', 233, 2);
INSERT INTO public.employees (id, first_name, last_name, birthday, employed_since, home_city_idx, employee_function_idx) VALUES (113, 'Jess', 'Danby', '1981-12-13 00:00:00.000000', '2008-06-21', 55, 1);
INSERT INTO public.employees (id, first_name, last_name, birthday, employed_since, home_city_idx, employee_function_idx) VALUES (112, 'Rycca', 'Mapholm', '1987-10-08 00:00:00.000000', '1997-06-27', 172, 1);
INSERT INTO public.employees (id, first_name, last_name, birthday, employed_since, home_city_idx, employee_function_idx) VALUES (214, 'Ahmed', 'Seagrove', '2000-08-19 00:00:00.000000', '2005-10-27', 119, 2);
INSERT INTO public.employees (id, first_name, last_name, birthday, employed_since, home_city_idx, employee_function_idx) VALUES (209, 'Leonid', 'Peachey', '2007-06-17 00:00:00.000000', '1998-05-10', 21, 2);
INSERT INTO public.employees (id, first_name, last_name, birthday, employed_since, home_city_idx, employee_function_idx) VALUES (208, 'Geno', 'Morstatt', '1990-07-06 00:00:00.000000', '1992-08-09', 41, 2);
INSERT INTO public.employees (id, first_name, last_name, birthday, employed_since, home_city_idx, employee_function_idx) VALUES (211, 'Erskine', 'Bumphries', '1954-12-27 00:00:00.000000', '2002-07-06', 43, 2);
INSERT INTO public.employees (id, first_name, last_name, birthday, employed_since, home_city_idx, employee_function_idx) VALUES (210, 'Margaux', 'Strettell', '2004-09-18 00:00:00.000000', '2013-09-27', 256, 2);
INSERT INTO public.employees (id, first_name, last_name, birthday, employed_since, home_city_idx, employee_function_idx) VALUES (205, 'Aharon', 'Godart', '1975-06-05 00:00:00.000000', '1985-09-18', 65, 2);
INSERT INTO public.employees (id, first_name, last_name, birthday, employed_since, home_city_idx, employee_function_idx) VALUES (450, 'Harrie', 'Dungay', '2009-02-10 00:00:00.000000', '2012-11-08', 20, 1);
INSERT INTO public.employees (id, first_name, last_name, birthday, employed_since, home_city_idx, employee_function_idx) VALUES (104, 'Shirley', 'Aberkirdo', '1961-12-07 00:00:00.000000', '2007-11-08', 101, 1);
INSERT INTO public.employees (id, first_name, last_name, birthday, employed_since, home_city_idx, employee_function_idx) VALUES (206, 'Harris', 'Drees', '2001-07-16 00:00:00.000000', '2019-09-18', 387, 2);
INSERT INTO public.employees (id, first_name, last_name, birthday, employed_since, home_city_idx, employee_function_idx) VALUES (101, 'Adair', 'Ockwell', '2018-06-06 00:00:00.000000', '1985-08-10', 370, 1);
INSERT INTO public.employees (id, first_name, last_name, birthday, employed_since, home_city_idx, employee_function_idx) VALUES (100, 'Vasily', 'Camosso', '2000-02-09 00:00:00.000000', '2012-01-20', 81, 1);
INSERT INTO public.employees (id, first_name, last_name, birthday, employed_since, home_city_idx, employee_function_idx) VALUES (103, 'Meggie', 'Whoolehan', '1954-02-14 00:00:00.000000', '2017-10-15', 267, 1);
INSERT INTO public.employees (id, first_name, last_name, birthday, employed_since, home_city_idx, employee_function_idx) VALUES (197, 'Timmie', 'Brogiotti', '2002-06-15 00:00:00.000000', '1982-11-08', 17, 2);
INSERT INTO public.employees (id, first_name, last_name, birthday, employed_since, home_city_idx, employee_function_idx) VALUES (196, 'Allsun', 'Willox', '1972-02-28 00:00:00.000000', '1986-04-15', 216, 2);
INSERT INTO public.employees (id, first_name, last_name, birthday, employed_since, home_city_idx, employee_function_idx) VALUES (199, 'Melvyn', 'Brattan', '2011-03-06 00:00:00.000000', '1996-01-18', 307, 2);
INSERT INTO public.employees (id, first_name, last_name, birthday, employed_since, home_city_idx, employee_function_idx) VALUES (198, 'Malissa', 'Tosh', '1990-10-21 00:00:00.000000', '2008-07-22', 163, 2);
INSERT INTO public.employees (id, first_name, last_name, birthday, employed_since, home_city_idx, employee_function_idx) VALUES (449, 'Erda', 'Townes', '1961-04-24 00:00:00.000000', '2009-09-05', 98, 1);
INSERT INTO public.employees (id, first_name, last_name, birthday, employed_since, home_city_idx, employee_function_idx) VALUES (195, 'Camilla', 'Girardi', '2015-10-31 00:00:00.000000', '1999-07-08', 149, 2);
INSERT INTO public.employees (id, first_name, last_name, birthday, employed_since, home_city_idx, employee_function_idx) VALUES (159, 'Guglielmo', 'Gawler', '1955-10-06 00:00:00.000000', '1986-10-20', 79, 1);
INSERT INTO public.employees (id, first_name, last_name, birthday, employed_since, home_city_idx, employee_function_idx) VALUES (253, 'Korney', 'Penbarthy', '2010-10-02 00:00:00.000000', '1983-08-10', 296, 2);
INSERT INTO public.employees (id, first_name, last_name, birthday, employed_since, home_city_idx, employee_function_idx) VALUES (252, 'Aurie', 'Paike', '2008-11-01 00:00:00.000000', '2007-04-04', 227, 2);
INSERT INTO public.employees (id, first_name, last_name, birthday, employed_since, home_city_idx, employee_function_idx) VALUES (255, 'Reed', 'Whiteson', '2018-05-16 00:00:00.000000', '1984-01-24', 124, 2);
INSERT INTO public.employees (id, first_name, last_name, birthday, employed_since, home_city_idx, employee_function_idx) VALUES (254, 'Karita', 'Dybell', '1994-11-10 00:00:00.000000', '1987-04-16', 3, 2);
INSERT INTO public.employees (id, first_name, last_name, birthday, employed_since, home_city_idx, employee_function_idx) VALUES (402, 'Frank', 'Wilden', '1978-10-01 00:00:00.000000', '1992-12-02', 388, 2);
INSERT INTO public.employees (id, first_name, last_name, birthday, employed_since, home_city_idx, employee_function_idx) VALUES (149, 'Boris', 'Trahair', '1971-06-15 00:00:00.000000', '1987-06-11', 51, 1);
INSERT INTO public.employees (id, first_name, last_name, birthday, employed_since, home_city_idx, employee_function_idx) VALUES (251, 'Niels', 'Mochar', '1974-11-15 00:00:00.000000', '2009-05-09', 366, 2);
INSERT INTO public.employees (id, first_name, last_name, birthday, employed_since, home_city_idx, employee_function_idx) VALUES (460, 'Nora', 'Thunderman', '2004-06-01 00:00:00.000000', '2006-01-21', 332, 2);
INSERT INTO public.employees (id, first_name, last_name, birthday, employed_since, home_city_idx, employee_function_idx) VALUES (150, 'Toby', 'Greggor', '1991-05-11 00:00:00.000000', '2003-12-01', 59, 1);
INSERT INTO public.employees (id, first_name, last_name, birthday, employed_since, home_city_idx, employee_function_idx) VALUES (145, 'Quincy', 'Gullberg', '1977-04-22 00:00:00.000000', '2018-11-27', 246, 1);
INSERT INTO public.employees (id, first_name, last_name, birthday, employed_since, home_city_idx, employee_function_idx) VALUES (485, 'Shandie', 'Gilfillan', '1982-07-07 00:00:00.000000', '2005-10-22', 246, 1);
INSERT INTO public.employees (id, first_name, last_name, birthday, employed_since, home_city_idx, employee_function_idx) VALUES (147, 'Zonda', 'Powys', '1965-03-18 00:00:00.000000', '2018-05-26', 70, 1);
INSERT INTO public.employees (id, first_name, last_name, birthday, employed_since, home_city_idx, employee_function_idx) VALUES (241, 'Micki', 'Szwarc', '2015-02-07 00:00:00.000000', '1983-08-21', 368, 2);
INSERT INTO public.employees (id, first_name, last_name, birthday, employed_since, home_city_idx, employee_function_idx) VALUES (240, 'Myrna', 'Sweed', '2001-09-06 00:00:00.000000', '1982-01-26', 106, 2);
INSERT INTO public.employees (id, first_name, last_name, birthday, employed_since, home_city_idx, employee_function_idx) VALUES (243, 'Brit', 'Pape', '1980-06-01 00:00:00.000000', '2019-02-20', 372, 2);
INSERT INTO public.employees (id, first_name, last_name, birthday, employed_since, home_city_idx, employee_function_idx) VALUES (242, 'Hansiain', 'Gilliard', '1977-12-20 00:00:00.000000', '2000-03-02', 362, 2);
INSERT INTO public.employees (id, first_name, last_name, birthday, employed_since, home_city_idx, employee_function_idx) VALUES (488, 'Linet', 'Gristhwaite', '1973-01-15 00:00:00.000000', '1987-01-13', 77, 1);
INSERT INTO public.employees (id, first_name, last_name, birthday, employed_since, home_city_idx, employee_function_idx) VALUES (137, 'Clair', 'Parker', '1980-11-03 00:00:00.000000', '1981-06-04', 230, 1);
INSERT INTO public.employees (id, first_name, last_name, birthday, employed_since, home_city_idx, employee_function_idx) VALUES (136, 'Verna', 'Grayer', '1989-09-21 00:00:00.000000', '2004-08-12', 288, 1);
INSERT INTO public.employees (id, first_name, last_name, birthday, employed_since, home_city_idx, employee_function_idx) VALUES (238, 'Corly', 'Clunie', '1951-12-26 00:00:00.000000', '1995-09-07', 13, 2);
INSERT INTO public.employees (id, first_name, last_name, birthday, employed_since, home_city_idx, employee_function_idx) VALUES (233, 'Erskine', 'Soreau', '1965-08-06 00:00:00.000000', '2000-04-14', 4, 2);
INSERT INTO public.employees (id, first_name, last_name, birthday, employed_since, home_city_idx, employee_function_idx) VALUES (232, 'Bartlett', 'Sanford', '1977-08-30 00:00:00.000000', '1989-07-13', 362, 2);
INSERT INTO public.employees (id, first_name, last_name, birthday, employed_since, home_city_idx, employee_function_idx) VALUES (135, 'Florri', 'Naul', '1992-09-12 00:00:00.000000', '1984-07-28', 207, 1);
INSERT INTO public.employees (id, first_name, last_name, birthday, employed_since, home_city_idx, employee_function_idx) VALUES (134, 'Sibley', 'Beardsell', '1998-01-22 00:00:00.000000', '2018-01-16', 162, 1);
INSERT INTO public.employees (id, first_name, last_name, birthday, employed_since, home_city_idx, employee_function_idx) VALUES (129, 'Desmond', 'Dootson', '1951-12-07 00:00:00.000000', '2011-03-12', 168, 1);
INSERT INTO public.employees (id, first_name, last_name, birthday, employed_since, home_city_idx, employee_function_idx) VALUES (128, 'Ulrick', 'Hamilton', '2002-11-19 00:00:00.000000', '1987-04-10', 64, 1);
INSERT INTO public.employees (id, first_name, last_name, birthday, employed_since, home_city_idx, employee_function_idx) VALUES (225, 'Dorena', 'Gabriel', '1986-12-20 00:00:00.000000', '1981-11-16', 309, 2);
INSERT INTO public.employees (id, first_name, last_name, birthday, employed_since, home_city_idx, employee_function_idx) VALUES (189, 'Nancee', 'Hesbrook', '1972-04-06 00:00:00.000000', '2011-07-27', 324, 1);
INSERT INTO public.employees (id, first_name, last_name, birthday, employed_since, home_city_idx, employee_function_idx) VALUES (188, 'Eliot', 'Skillett', '1956-08-21 00:00:00.000000', '2009-02-02', 152, 1);
INSERT INTO public.employees (id, first_name, last_name, birthday, employed_since, home_city_idx, employee_function_idx) VALUES (191, 'Ernestine', 'Lautie', '1967-07-03 00:00:00.000000', '2011-12-22', 325, 1);
INSERT INTO public.employees (id, first_name, last_name, birthday, employed_since, home_city_idx, employee_function_idx) VALUES (185, 'Dorrie', 'Kike', '2011-01-22 00:00:00.000000', '1988-09-30', 158, 1);
INSERT INTO public.employees (id, first_name, last_name, birthday, employed_since, home_city_idx, employee_function_idx) VALUES (187, 'Francesca', 'Hosby', '1973-12-09 00:00:00.000000', '2003-05-07', 218, 1);
INSERT INTO public.employees (id, first_name, last_name, birthday, employed_since, home_city_idx, employee_function_idx) VALUES (474, 'Tremayne', 'Tzar', '1984-12-07 00:00:00.000000', '2005-04-12', 75, 2);
INSERT INTO public.employees (id, first_name, last_name, birthday, employed_since, home_city_idx, employee_function_idx) VALUES (180, 'Collie', 'Ritchie', '1981-07-15 00:00:00.000000', '1985-08-03', 182, 1);
INSERT INTO public.employees (id, first_name, last_name, birthday, employed_since, home_city_idx, employee_function_idx) VALUES (183, 'Moreen', 'Gutherson', '1987-12-13 00:00:00.000000', '1997-02-26', 61, 1);
INSERT INTO public.employees (id, first_name, last_name, birthday, employed_since, home_city_idx, employee_function_idx) VALUES (177, 'Lonee', 'Yarnton', '2007-08-13 00:00:00.000000', '2014-04-18', 179, 1);
INSERT INTO public.employees (id, first_name, last_name, birthday, employed_since, home_city_idx, employee_function_idx) VALUES (176, 'Roch', 'MacGibbon', '2013-05-20 00:00:00.000000', '2011-05-12', 152, 1);
INSERT INTO public.employees (id, first_name, last_name, birthday, employed_since, home_city_idx, employee_function_idx) VALUES (408, 'Dale', 'Pinching', '1962-01-04 00:00:00.000000', '2012-07-05', 112, 2);
INSERT INTO public.employees (id, first_name, last_name, birthday, employed_since, home_city_idx, employee_function_idx) VALUES (461, 'Dulciana', 'Coiley', '1975-12-14 00:00:00.000000', '2008-11-29', 187, 1);
INSERT INTO public.employees (id, first_name, last_name, birthday, employed_since, home_city_idx, employee_function_idx) VALUES (175, 'Berty', 'Jorin', '1956-07-26 00:00:00.000000', '1983-11-17', 160, 1);
INSERT INTO public.employees (id, first_name, last_name, birthday, employed_since, home_city_idx, employee_function_idx) VALUES (169, 'Gisella', 'Polland', '1951-05-19 00:00:00.000000', '2008-03-18', 250, 1);
INSERT INTO public.employees (id, first_name, last_name, birthday, employed_since, home_city_idx, employee_function_idx) VALUES (168, 'Lorette', 'Doggart', '1968-04-19 00:00:00.000000', '1999-03-18', 171, 1);
INSERT INTO public.employees (id, first_name, last_name, birthday, employed_since, home_city_idx, employee_function_idx) VALUES (479, 'Leslie', 'Fortesquieu', '1964-09-13 00:00:00.000000', '1986-06-22', 215, 2);
INSERT INTO public.employees (id, first_name, last_name, birthday, employed_since, home_city_idx, employee_function_idx) VALUES (467, 'Aharon', 'Luxmoore', '2009-02-24 00:00:00.000000', '1981-07-13', 28, 1);
INSERT INTO public.employees (id, first_name, last_name, birthday, employed_since, home_city_idx, employee_function_idx) VALUES (164, 'Minnie', 'Trimming', '1972-12-30 00:00:00.000000', '1983-10-26', 120, 1);
INSERT INTO public.employees (id, first_name, last_name, birthday, employed_since, home_city_idx, employee_function_idx) VALUES (167, 'Gerda', 'Camerana', '1952-05-18 00:00:00.000000', '2016-12-10', 50, 1);
INSERT INTO public.employees (id, first_name, last_name, birthday, employed_since, home_city_idx, employee_function_idx) VALUES (166, 'Giffard', 'Goldine', '2016-03-11 00:00:00.000000', '1982-03-28', 397, 1);
INSERT INTO public.employees (id, first_name, last_name, birthday, employed_since, home_city_idx, employee_function_idx) VALUES (161, 'Emmy', 'Dibbin', '1987-09-27 00:00:00.000000', '2003-09-04', 206, 1);
INSERT INTO public.employees (id, first_name, last_name, birthday, employed_since, home_city_idx, employee_function_idx) VALUES (163, 'Britteny', 'McDuall', '2018-09-02 00:00:00.000000', '1999-12-21', 226, 1);
INSERT INTO public.employees (id, first_name, last_name, birthday, employed_since, home_city_idx, employee_function_idx) VALUES (162, 'Danna', 'Mullord', '1969-01-07 00:00:00.000000', '2018-07-10', 363, 1);
INSERT INTO public.employees (id, first_name, last_name, birthday, employed_since, home_city_idx, employee_function_idx) VALUES (221, 'Cass', 'Vise', '2001-05-28 00:00:00.000000', '1994-05-02', 133, 1);
INSERT INTO public.employees (id, first_name, last_name, birthday, employed_since, home_city_idx, employee_function_idx) VALUES (222, 'Moyna', 'Flarity', '1978-07-29 00:00:00.000000', '2014-01-23', 83, 1);
INSERT INTO public.employees (id, first_name, last_name, birthday, employed_since, home_city_idx, employee_function_idx) VALUES (217, 'Hasty', 'Henriques', '2012-03-17 00:00:00.000000', '1999-06-30', 245, 1);
INSERT INTO public.employees (id, first_name, last_name, birthday, employed_since, home_city_idx, employee_function_idx) VALUES (216, 'Gerri', 'Earwaker', '1971-02-20 00:00:00.000000', '1994-09-11', 142, 1);
INSERT INTO public.employees (id, first_name, last_name, birthday, employed_since, home_city_idx, employee_function_idx) VALUES (455, 'Ivy', 'Mackieson', '2010-08-14 00:00:00.000000', '2008-06-03', 155, 2);
INSERT INTO public.employees (id, first_name, last_name, birthday, employed_since, home_city_idx, employee_function_idx) VALUES (213, 'Kenna', 'Abelov', '1968-05-05 00:00:00.000000', '1992-03-12', 59, 1);
INSERT INTO public.employees (id, first_name, last_name, birthday, employed_since, home_city_idx, employee_function_idx) VALUES (212, 'Tandi', 'Nerger', '1991-04-27 00:00:00.000000', '2009-09-07', 189, 1);
INSERT INTO public.employees (id, first_name, last_name, birthday, employed_since, home_city_idx, employee_function_idx) VALUES (215, 'Sly', 'Yarrow', '1979-10-27 00:00:00.000000', '1998-06-06', 292, 1);
INSERT INTO public.employees (id, first_name, last_name, birthday, employed_since, home_city_idx, employee_function_idx) VALUES (204, 'Dunc', 'Sculley', '1956-12-26 00:00:00.000000', '1990-02-26', 281, 1);
INSERT INTO public.employees (id, first_name, last_name, birthday, employed_since, home_city_idx, employee_function_idx) VALUES (420, 'Stearn', 'Fiveash', '1971-02-27 00:00:00.000000', '2010-08-03', 97, 2);
INSERT INTO public.employees (id, first_name, last_name, birthday, employed_since, home_city_idx, employee_function_idx) VALUES (201, 'Rubetta', 'Fitton', '1956-09-06 00:00:00.000000', '2005-04-01', 21, 1);
INSERT INTO public.employees (id, first_name, last_name, birthday, employed_since, home_city_idx, employee_function_idx) VALUES (200, 'Xena', 'Fishenden', '1972-04-21 00:00:00.000000', '1985-11-22', 306, 1);
INSERT INTO public.employees (id, first_name, last_name, birthday, employed_since, home_city_idx, employee_function_idx) VALUES (203, 'Piotr', 'Sallarie', '1990-05-14 00:00:00.000000', '1981-06-18', 152, 1);
INSERT INTO public.employees (id, first_name, last_name, birthday, employed_since, home_city_idx, employee_function_idx) VALUES (331, 'Raven', 'Kiehl', '1959-08-05 00:00:00.000000', '1988-07-08', 147, 2);
INSERT INTO public.employees (id, first_name, last_name, birthday, employed_since, home_city_idx, employee_function_idx) VALUES (193, 'Tracey', 'Doone', '1970-02-01 00:00:00.000000', '2005-04-02', 83, 1);
INSERT INTO public.employees (id, first_name, last_name, birthday, employed_since, home_city_idx, employee_function_idx) VALUES (192, 'Wald', 'Ferrao', '1988-12-05 00:00:00.000000', '2003-12-22', 308, 1);
INSERT INTO public.employees (id, first_name, last_name, birthday, employed_since, home_city_idx, employee_function_idx) VALUES (194, 'Brnaba', 'Stockell', '1966-08-02 00:00:00.000000', '1985-08-06', 98, 1);
INSERT INTO public.employees (id, first_name, last_name, birthday, employed_since, home_city_idx, employee_function_idx) VALUES (425, 'Poul', 'Inett', '2001-10-21 00:00:00.000000', '1990-08-06', 51, 2);
INSERT INTO public.employees (id, first_name, last_name, birthday, employed_since, home_city_idx, employee_function_idx) VALUES (464, 'Emlyn', 'Saby', '1986-11-17 00:00:00.000000', '2006-02-23', 255, 1);
INSERT INTO public.employees (id, first_name, last_name, birthday, employed_since, home_city_idx, employee_function_idx) VALUES (249, 'Gideon', 'Cust', '1988-08-18 00:00:00.000000', '2002-11-25', 9, 1);
INSERT INTO public.employees (id, first_name, last_name, birthday, employed_since, home_city_idx, employee_function_idx) VALUES (419, 'Wain', 'Stych', '2011-11-23 00:00:00.000000', '1986-10-13', 295, 2);
INSERT INTO public.employees (id, first_name, last_name, birthday, employed_since, home_city_idx, employee_function_idx) VALUES (250, 'Milty', 'Fakeley', '1983-03-10 00:00:00.000000', '2000-11-21', 175, 1);
INSERT INTO public.employees (id, first_name, last_name, birthday, employed_since, home_city_idx, employee_function_idx) VALUES (245, 'Nefen', 'Mackett', '1965-09-18 00:00:00.000000', '1983-10-12', 235, 1);
INSERT INTO public.employees (id, first_name, last_name, birthday, employed_since, home_city_idx, employee_function_idx) VALUES (247, 'Richy', 'Molineaux', '1958-05-31 00:00:00.000000', '2006-07-04', 244, 1);
INSERT INTO public.employees (id, first_name, last_name, birthday, employed_since, home_city_idx, employee_function_idx) VALUES (246, 'Mellisent', 'Youll', '2013-05-08 00:00:00.000000', '2001-10-10', 252, 1);
INSERT INTO public.employees (id, first_name, last_name, birthday, employed_since, home_city_idx, employee_function_idx) VALUES (237, 'Torey', 'Pallister', '2011-12-04 00:00:00.000000', '2010-07-12', 53, 1);
INSERT INTO public.employees (id, first_name, last_name, birthday, employed_since, home_city_idx, employee_function_idx) VALUES (236, 'Liza', 'Gariff', '2012-08-16 00:00:00.000000', '1991-12-05', 104, 1);
INSERT INTO public.employees (id, first_name, last_name, birthday, employed_since, home_city_idx, employee_function_idx) VALUES (484, 'Lorenzo', 'Rimington', '1990-08-28 00:00:00.000000', '2015-10-23', 226, 2);
INSERT INTO public.employees (id, first_name, last_name, birthday, employed_since, home_city_idx, employee_function_idx) VALUES (235, 'Nissy', 'Dwelley', '2012-09-08 00:00:00.000000', '1998-11-23', 347, 1);
INSERT INTO public.employees (id, first_name, last_name, birthday, employed_since, home_city_idx, employee_function_idx) VALUES (234, 'Agnella', 'Haward', '1968-03-13 00:00:00.000000', '1993-01-21', 167, 1);
INSERT INTO public.employees (id, first_name, last_name, birthday, employed_since, home_city_idx, employee_function_idx) VALUES (229, 'Terri', 'Ketteridge', '1956-04-23 00:00:00.000000', '2004-04-27', 55, 1);
INSERT INTO public.employees (id, first_name, last_name, birthday, employed_since, home_city_idx, employee_function_idx) VALUES (228, 'Drona', 'Van der Velde', '1995-02-01 00:00:00.000000', '1990-07-07', 125, 1);
INSERT INTO public.employees (id, first_name, last_name, birthday, employed_since, home_city_idx, employee_function_idx) VALUES (230, 'Mariquilla', 'Andri', '1961-05-05 00:00:00.000000', '2008-10-31', 53, 1);
INSERT INTO public.employees (id, first_name, last_name, birthday, employed_since, home_city_idx, employee_function_idx) VALUES (224, 'Charo', 'Skipsey', '2005-02-02 00:00:00.000000', '2013-01-28', 224, 1);
INSERT INTO public.employees (id, first_name, last_name, birthday, employed_since, home_city_idx, employee_function_idx) VALUES (227, 'April', 'Mizen', '1955-12-30 00:00:00.000000', '2009-03-11', 252, 1);
INSERT INTO public.employees (id, first_name, last_name, birthday, employed_since, home_city_idx, employee_function_idx) VALUES (226, 'Mollie', 'Tuiller', '1959-04-20 00:00:00.000000', '2004-01-27', 175, 1);
INSERT INTO public.employees (id, first_name, last_name, birthday, employed_since, home_city_idx, employee_function_idx) VALUES (495, 'Felisha', 'Guest', '1963-08-16 00:00:00.000000', '2016-06-17', 400, 2);
INSERT INTO public.employees (id, first_name, last_name, birthday, employed_since, home_city_idx, employee_function_idx) VALUES (416, 'Electra', 'Piggrem', '1954-01-16 00:00:00.000000', '1996-08-25', 11, 1);
INSERT INTO public.employees (id, first_name, last_name, birthday, employed_since, home_city_idx, employee_function_idx) VALUES (422, 'Alanah', 'Lawerence', '2018-04-13 00:00:00.000000', '1986-02-07', 60, 1);
INSERT INTO public.employees (id, first_name, last_name, birthday, employed_since, home_city_idx, employee_function_idx) VALUES (130, 'Eimile', 'Oddy', '1998-01-12 00:00:00.000000', '2007-11-02', 108, 1);
INSERT INTO public.employees (id, first_name, last_name, birthday, employed_since, home_city_idx, employee_function_idx) VALUES (371, 'Mirilla', 'Divisek', '1978-02-09 00:00:00.000000', '2017-10-05', 290, 2);
INSERT INTO public.employees (id, first_name, last_name, birthday, employed_since, home_city_idx, employee_function_idx) VALUES (421, 'Nikolaus', 'Uttridge', '1970-08-02 00:00:00.000000', '2014-01-27', 274, 1);
INSERT INTO public.employees (id, first_name, last_name, birthday, employed_since, home_city_idx, employee_function_idx) VALUES (426, 'Fiona', 'Milan', '2015-05-11 00:00:00.000000', '1996-07-26', 365, 1);
INSERT INTO public.employees (id, first_name, last_name, birthday, employed_since, home_city_idx, employee_function_idx) VALUES (427, 'Kimberli', 'Ramstead', '1998-09-09 00:00:00.000000', '2016-08-23', 398, 1);
INSERT INTO public.employees (id, first_name, last_name, birthday, employed_since, home_city_idx, employee_function_idx) VALUES (441, 'Kinna', 'Huc', '1963-01-08 00:00:00.000000', '1993-08-31', 249, 2);
INSERT INTO public.employees (id, first_name, last_name, birthday, employed_since, home_city_idx, employee_function_idx) VALUES (444, 'Karyn', 'Pomfrey', '1956-04-28 00:00:00.000000', '1986-07-02', 134, 2);
INSERT INTO public.employees (id, first_name, last_name, birthday, employed_since, home_city_idx, employee_function_idx) VALUES (428, 'Dore', 'Crinson', '2008-05-09 00:00:00.000000', '1997-10-20', 134, 1);
INSERT INTO public.employees (id, first_name, last_name, birthday, employed_since, home_city_idx, employee_function_idx) VALUES (349, 'Serge', 'Meehan', '2012-05-28 00:00:00.000000', '1991-09-01', 93, 1);
INSERT INTO public.employees (id, first_name, last_name, birthday, employed_since, home_city_idx, employee_function_idx) VALUES (68, 'Hoebart', 'McCard', '1981-08-08 00:00:00.000000', '1987-04-17', 282, 1);
INSERT INTO public.employees (id, first_name, last_name, birthday, employed_since, home_city_idx, employee_function_idx) VALUES (482, 'Betty', 'Greeno', '1966-10-21 00:00:00.000000', '2007-07-22', 347, 2);
INSERT INTO public.employees (id, first_name, last_name, birthday, employed_since, home_city_idx, employee_function_idx) VALUES (395, 'Kiley', 'Elgram', '1972-08-26 00:00:00.000000', '2000-02-01', 137, 2);
INSERT INTO public.employees (id, first_name, last_name, birthday, employed_since, home_city_idx, employee_function_idx) VALUES (284, 'Bret', 'Rannie', '1982-05-28 00:00:00.000000', '1991-04-08', 124, 2);
INSERT INTO public.employees (id, first_name, last_name, birthday, employed_since, home_city_idx, employee_function_idx) VALUES (286, 'Desmund', 'Nouch', '1988-02-14 00:00:00.000000', '2010-09-12', 373, 2);
INSERT INTO public.employees (id, first_name, last_name, birthday, employed_since, home_city_idx, employee_function_idx) VALUES (281, 'Cristionna', 'Scambler', '1955-08-09 00:00:00.000000', '1983-07-26', 377, 2);
INSERT INTO public.employees (id, first_name, last_name, birthday, employed_since, home_city_idx, employee_function_idx) VALUES (391, 'Iosep', 'MacCurley', '1977-01-12 00:00:00.000000', '1983-11-01', 157, 1);
INSERT INTO public.employees (id, first_name, last_name, birthday, employed_since, home_city_idx, employee_function_idx) VALUES (282, 'Chloe', 'Schuster', '1955-11-12 00:00:00.000000', '2001-10-06', 281, 2);
INSERT INTO public.employees (id, first_name, last_name, birthday, employed_since, home_city_idx, employee_function_idx) VALUES (492, 'Bernita', 'Zotto', '2010-04-12 00:00:00.000000', '2012-02-25', 237, 1);
INSERT INTO public.employees (id, first_name, last_name, birthday, employed_since, home_city_idx, employee_function_idx) VALUES (397, 'Gladys', 'Kalewe', '1993-07-04 00:00:00.000000', '2012-09-22', 323, 2);
INSERT INTO public.employees (id, first_name, last_name, birthday, employed_since, home_city_idx, employee_function_idx) VALUES (279, 'Nelly', 'Rulten', '2001-08-18 00:00:00.000000', '1996-06-05', 128, 2);
INSERT INTO public.employees (id, first_name, last_name, birthday, employed_since, home_city_idx, employee_function_idx) VALUES (278, 'Grenville', 'Quadri', '2009-02-09 00:00:00.000000', '1986-06-21', 357, 2);
INSERT INTO public.employees (id, first_name, last_name, birthday, employed_since, home_city_idx, employee_function_idx) VALUES (273, 'Stefano', 'Venediktov', '1952-12-10 00:00:00.000000', '2008-11-17', 353, 2);
INSERT INTO public.employees (id, first_name, last_name, birthday, employed_since, home_city_idx, employee_function_idx) VALUES (272, 'Leland', 'Bartoloma', '1976-01-14 00:00:00.000000', '1983-05-18', 44, 2);
INSERT INTO public.employees (id, first_name, last_name, birthday, employed_since, home_city_idx, employee_function_idx) VALUES (274, 'Dannie', 'Forson', '1987-05-12 00:00:00.000000', '1996-03-03', 126, 2);
INSERT INTO public.employees (id, first_name, last_name, birthday, employed_since, home_city_idx, employee_function_idx) VALUES (271, 'Dolley', 'Whitsey', '1984-09-01 00:00:00.000000', '2003-02-12', 314, 2);
INSERT INTO public.employees (id, first_name, last_name, birthday, employed_since, home_city_idx, employee_function_idx) VALUES (270, 'Elena', 'Haggie', '1996-02-12 00:00:00.000000', '1995-12-03', 97, 2);
INSERT INTO public.employees (id, first_name, last_name, birthday, employed_since, home_city_idx, employee_function_idx) VALUES (265, 'Wilhelmine', 'Alves', '1993-11-11 00:00:00.000000', '1986-12-01', 324, 2);
INSERT INTO public.employees (id, first_name, last_name, birthday, employed_since, home_city_idx, employee_function_idx) VALUES (478, 'Mal', 'McGenn', '1964-01-18 00:00:00.000000', '2008-01-06', 193, 2);
INSERT INTO public.employees (id, first_name, last_name, birthday, employed_since, home_city_idx, employee_function_idx) VALUES (260, 'Michaella', 'Stainton - Skinn', '1984-09-09 00:00:00.000000', '1998-04-24', 317, 2);
INSERT INTO public.employees (id, first_name, last_name, birthday, employed_since, home_city_idx, employee_function_idx) VALUES (407, 'Wyndham', 'Le Provost', '1991-06-11 00:00:00.000000', '1990-08-27', 134, 2);
INSERT INTO public.employees (id, first_name, last_name, birthday, employed_since, home_city_idx, employee_function_idx) VALUES (257, 'Francyne', 'Jenne', '1956-06-17 00:00:00.000000', '1998-08-18', 70, 2);
INSERT INTO public.employees (id, first_name, last_name, birthday, employed_since, home_city_idx, employee_function_idx) VALUES (256, 'Solomon', 'Guilloneau', '1992-02-07 00:00:00.000000', '2008-10-31', 161, 2);
INSERT INTO public.employees (id, first_name, last_name, birthday, employed_since, home_city_idx, employee_function_idx) VALUES (258, 'Hadleigh', 'Morewood', '1953-08-11 00:00:00.000000', '2015-12-09', 4, 2);
INSERT INTO public.employees (id, first_name, last_name, birthday, employed_since, home_city_idx, employee_function_idx) VALUES (319, 'Shawn', 'Pranger', '2014-10-13 00:00:00.000000', '1987-05-20', 284, 2);
INSERT INTO public.employees (id, first_name, last_name, birthday, employed_since, home_city_idx, employee_function_idx) VALUES (318, 'Cesya', 'Keelan', '2009-06-12 00:00:00.000000', '1985-05-14', 257, 2);
INSERT INTO public.employees (id, first_name, last_name, birthday, employed_since, home_city_idx, employee_function_idx) VALUES (431, 'Aaron', 'Cordaroy', '1963-07-06 00:00:00.000000', '2019-04-28', 123, 2);
INSERT INTO public.employees (id, first_name, last_name, birthday, employed_since, home_city_idx, employee_function_idx) VALUES (314, 'Celisse', 'Bertolaccini', '2000-08-27 00:00:00.000000', '1996-01-05', 366, 2);
INSERT INTO public.employees (id, first_name, last_name, birthday, employed_since, home_city_idx, employee_function_idx) VALUES (309, 'Simeon', 'Bollini', '2005-04-07 00:00:00.000000', '2011-05-30', 304, 2);
INSERT INTO public.employees (id, first_name, last_name, birthday, employed_since, home_city_idx, employee_function_idx) VALUES (308, 'Almire', 'Shimuk', '2002-10-17 00:00:00.000000', '2018-10-19', 262, 2);
INSERT INTO public.employees (id, first_name, last_name, birthday, employed_since, home_city_idx, employee_function_idx) VALUES (311, 'Bryana', 'Bingham', '2004-11-16 00:00:00.000000', '1982-07-16', 316, 2);
INSERT INTO public.employees (id, first_name, last_name, birthday, employed_since, home_city_idx, employee_function_idx) VALUES (310, 'Marlena', 'Gaitley', '2001-05-30 00:00:00.000000', '2014-01-06', 291, 2);
INSERT INTO public.employees (id, first_name, last_name, birthday, employed_since, home_city_idx, employee_function_idx) VALUES (305, 'Pete', 'Shakshaft', '2018-08-18 00:00:00.000000', '2006-04-16', 379, 2);
INSERT INTO public.employees (id, first_name, last_name, birthday, employed_since, home_city_idx, employee_function_idx) VALUES (307, 'Carey', 'Izen', '1964-05-24 00:00:00.000000', '1997-05-06', 276, 2);
INSERT INTO public.employees (id, first_name, last_name, birthday, employed_since, home_city_idx, employee_function_idx) VALUES (306, 'Latrena', 'Kitteringham', '1981-12-29 00:00:00.000000', '1983-11-07', 11, 2);
INSERT INTO public.employees (id, first_name, last_name, birthday, employed_since, home_city_idx, employee_function_idx) VALUES (380, 'Ann', 'Durban', '2003-01-04 00:00:00.000000', '2018-04-07', 359, 1);
INSERT INTO public.employees (id, first_name, last_name, birthday, employed_since, home_city_idx, employee_function_idx) VALUES (231, 'Janel', 'Stitle', '1965-03-03 00:00:00.000000', '2017-12-04', 268, 2);
INSERT INTO public.employees (id, first_name, last_name, birthday, employed_since, home_city_idx, employee_function_idx) VALUES (297, 'Cirstoforo', 'Climie', '1965-03-02 00:00:00.000000', '2006-06-11', 321, 2);
INSERT INTO public.employees (id, first_name, last_name, birthday, employed_since, home_city_idx, employee_function_idx) VALUES (296, 'Travers', 'Kynaston', '2006-05-13 00:00:00.000000', '2007-04-11', 97, 2);
INSERT INTO public.employees (id, first_name, last_name, birthday, employed_since, home_city_idx, employee_function_idx) VALUES (299, 'Rand', 'Creaney', '1967-09-22 00:00:00.000000', '2001-05-13', 115, 2);
INSERT INTO public.employees (id, first_name, last_name, birthday, employed_since, home_city_idx, employee_function_idx) VALUES (298, 'Devlen', 'Yousef', '2008-05-19 00:00:00.000000', '2017-10-15', 157, 2);
INSERT INTO public.employees (id, first_name, last_name, birthday, employed_since, home_city_idx, employee_function_idx) VALUES (295, 'Roddie', 'Gronaver', '1996-03-08 00:00:00.000000', '2007-11-22', 156, 2);
INSERT INTO public.employees (id, first_name, last_name, birthday, employed_since, home_city_idx, employee_function_idx) VALUES (239, 'Tiebout', 'Radish', '2000-11-29 00:00:00.000000', '1993-05-12', 123, 2);
INSERT INTO public.employees (id, first_name, last_name, birthday, employed_since, home_city_idx, employee_function_idx) VALUES (385, 'Crystal', 'Strelitzer', '1999-03-14 00:00:00.000000', '1997-09-07', 73, 1);
INSERT INTO public.employees (id, first_name, last_name, birthday, employed_since, home_city_idx, employee_function_idx) VALUES (290, 'Jonathon', 'Michal', '1970-07-07 00:00:00.000000', '1983-12-26', 147, 2);
INSERT INTO public.employees (id, first_name, last_name, birthday, employed_since, home_city_idx, employee_function_idx) VALUES (146, 'Keelby', 'Magrane', '1993-06-17 00:00:00.000000', '2002-01-12', 246, 1);
INSERT INTO public.employees (id, first_name, last_name, birthday, employed_since, home_city_idx, employee_function_idx) VALUES (351, 'Bourke', 'Gors', '1995-03-07 00:00:00.000000', '1989-10-19', 232, 2);
INSERT INTO public.employees (id, first_name, last_name, birthday, employed_since, home_city_idx, employee_function_idx) VALUES (244, 'Julieta', 'Huonic', '1964-06-04 00:00:00.000000', '2010-08-12', 262, 2);
INSERT INTO public.employees (id, first_name, last_name, birthday, employed_since, home_city_idx, employee_function_idx) VALUES (344, 'Tobe', 'Aglione', '1957-04-17 00:00:00.000000', '2005-04-25', 270, 2);
INSERT INTO public.employees (id, first_name, last_name, birthday, employed_since, home_city_idx, employee_function_idx) VALUES (248, 'Clary', 'Bowle', '1981-03-10 00:00:00.000000', '2003-06-13', 181, 2);
INSERT INTO public.employees (id, first_name, last_name, birthday, employed_since, home_city_idx, employee_function_idx) VALUES (340, 'Pru', 'Proger', '1962-12-22 00:00:00.000000', '1992-06-19', 63, 2);
INSERT INTO public.employees (id, first_name, last_name, birthday, employed_since, home_city_idx, employee_function_idx) VALUES (343, 'Luz', 'O'' Neligan', '1991-08-13 00:00:00.000000', '2009-09-12', 23, 2);
INSERT INTO public.employees (id, first_name, last_name, birthday, employed_since, home_city_idx, employee_function_idx) VALUES (342, 'Leela', 'Nellis', '1993-08-03 00:00:00.000000', '1999-03-09', 62, 2);
INSERT INTO public.employees (id, first_name, last_name, birthday, employed_since, home_city_idx, employee_function_idx) VALUES (480, 'Maurine', 'Whitely', '2004-11-27 00:00:00.000000', '2003-04-18', 34, 1);
INSERT INTO public.employees (id, first_name, last_name, birthday, employed_since, home_city_idx, employee_function_idx) VALUES (339, 'Charline', 'Vasilyev', '1956-12-08 00:00:00.000000', '2013-10-20', 18, 2);
INSERT INTO public.employees (id, first_name, last_name, birthday, employed_since, home_city_idx, employee_function_idx) VALUES (338, 'Merlina', 'Lindborg', '1967-10-17 00:00:00.000000', '1984-10-20', 364, 2);
INSERT INTO public.employees (id, first_name, last_name, birthday, employed_since, home_city_idx, employee_function_idx) VALUES (333, 'Misty', 'Williment', '1982-06-08 00:00:00.000000', '2000-05-21', 247, 2);
INSERT INTO public.employees (id, first_name, last_name, birthday, employed_since, home_city_idx, employee_function_idx) VALUES (332, 'Teri', 'De Lascy', '1991-07-27 00:00:00.000000', '2013-11-11', 132, 2);
INSERT INTO public.employees (id, first_name, last_name, birthday, employed_since, home_city_idx, employee_function_idx) VALUES (202, 'Lucho', 'Siggers', '1987-06-07 00:00:00.000000', '1986-07-14', 328, 2);
INSERT INTO public.employees (id, first_name, last_name, birthday, employed_since, home_city_idx, employee_function_idx) VALUES (325, 'Adriana', 'Zouch', '1973-09-24 00:00:00.000000', '1997-03-01', 209, 2);
INSERT INTO public.employees (id, first_name, last_name, birthday, employed_since, home_city_idx, employee_function_idx) VALUES (360, 'Brinna', 'Earles', '1972-06-09 00:00:00.000000', '1987-06-11', 131, 2);
INSERT INTO public.employees (id, first_name, last_name, birthday, employed_since, home_city_idx, employee_function_idx) VALUES (207, 'Jennie', 'Pierce', '2005-04-22 00:00:00.000000', '1991-11-18', 297, 2);
INSERT INTO public.employees (id, first_name, last_name, birthday, employed_since, home_city_idx, employee_function_idx) VALUES (285, 'Evelin', 'Cunradi', '1980-02-18 00:00:00.000000', '2017-08-16', 369, 1);
INSERT INTO public.employees (id, first_name, last_name, birthday, employed_since, home_city_idx, employee_function_idx) VALUES (323, 'Had', 'Aspole', '1983-03-08 00:00:00.000000', '1993-08-20', 214, 2);
INSERT INTO public.employees (id, first_name, last_name, birthday, employed_since, home_city_idx, employee_function_idx) VALUES (287, 'Siouxie', 'McFarlane', '2002-10-09 00:00:00.000000', '2008-09-21', 80, 1);
INSERT INTO public.employees (id, first_name, last_name, birthday, employed_since, home_city_idx, employee_function_idx) VALUES (381, 'Shermy', 'Giorgietto', '2014-11-08 00:00:00.000000', '1995-07-07', 267, 2);
INSERT INTO public.employees (id, first_name, last_name, birthday, employed_since, home_city_idx, employee_function_idx) VALUES (491, 'Sally', 'Sambrok', '1963-03-09 00:00:00.000000', '2003-01-15', 237, 1);
INSERT INTO public.employees (id, first_name, last_name, birthday, employed_since, home_city_idx, employee_function_idx) VALUES (115, 'Yovonnda', 'Gerriets', '1967-05-25 00:00:00.000000', '2008-05-22', 317, 1);
INSERT INTO public.employees (id, first_name, last_name, birthday, employed_since, home_city_idx, employee_function_idx) VALUES (283, 'Evangelia', 'Dimelow', '1961-09-22 00:00:00.000000', '2014-10-08', 257, 1);
INSERT INTO public.employees (id, first_name, last_name, birthday, employed_since, home_city_idx, employee_function_idx) VALUES (277, 'Elsworth', 'Abramow', '1981-04-20 00:00:00.000000', '1994-11-10', 100, 1);
INSERT INTO public.employees (id, first_name, last_name, birthday, employed_since, home_city_idx, employee_function_idx) VALUES (276, 'Vaclav', 'Fero', '1974-11-19 00:00:00.000000', '2010-12-22', 99, 1);
INSERT INTO public.employees (id, first_name, last_name, birthday, employed_since, home_city_idx, employee_function_idx) VALUES (116, 'Corilla', 'Northley', '2012-05-08 00:00:00.000000', '2017-12-12', 145, 1);
INSERT INTO public.employees (id, first_name, last_name, birthday, employed_since, home_city_idx, employee_function_idx) VALUES (373, 'Gerrilee', 'Gorring', '1955-12-14 00:00:00.000000', '1988-07-20', 324, 2);
INSERT INTO public.employees (id, first_name, last_name, birthday, employed_since, home_city_idx, employee_function_idx) VALUES (372, 'Lilias', 'Raoul', '2015-01-25 00:00:00.000000', '1994-01-04', 229, 2);
INSERT INTO public.employees (id, first_name, last_name, birthday, employed_since, home_city_idx, employee_function_idx) VALUES (494, 'Jacqueline', 'Wight', '1970-10-30 00:00:00.000000', '1990-08-05', 92, 1);
INSERT INTO public.employees (id, first_name, last_name, birthday, employed_since, home_city_idx, employee_function_idx) VALUES (275, 'Paola', 'Ivanov', '1994-07-29 00:00:00.000000', '1994-10-12', 9, 1);
INSERT INTO public.employees (id, first_name, last_name, birthday, employed_since, home_city_idx, employee_function_idx) VALUES (121, 'Idalia', 'Bauer', '1997-10-25 00:00:00.000000', '2012-04-14', 66, 1);
INSERT INTO public.employees (id, first_name, last_name, birthday, employed_since, home_city_idx, employee_function_idx) VALUES (269, 'Darill', 'Wraighte', '1971-09-17 00:00:00.000000', '2004-04-17', 91, 1);
INSERT INTO public.employees (id, first_name, last_name, birthday, employed_since, home_city_idx, employee_function_idx) VALUES (268, 'Feodora', 'Wrightem', '1992-11-29 00:00:00.000000', '1994-10-04', 287, 1);
INSERT INTO public.employees (id, first_name, last_name, birthday, employed_since, home_city_idx, employee_function_idx) VALUES (370, 'Cheslie', 'Kimberly', '1960-09-03 00:00:00.000000', '2004-10-25', 254, 2);
INSERT INTO public.employees (id, first_name, last_name, birthday, employed_since, home_city_idx, employee_function_idx) VALUES (365, 'Abelard', 'Nesby', '1951-09-11 00:00:00.000000', '1986-05-17', 64, 2);
INSERT INTO public.employees (id, first_name, last_name, birthday, employed_since, home_city_idx, employee_function_idx) VALUES (264, 'Fair', 'Tripean', '1976-07-19 00:00:00.000000', '1987-01-13', 293, 1);
INSERT INTO public.employees (id, first_name, last_name, birthday, employed_since, home_city_idx, employee_function_idx) VALUES (267, 'Kristal', 'Hay', '1962-10-14 00:00:00.000000', '2013-02-11', 357, 1);
INSERT INTO public.employees (id, first_name, last_name, birthday, employed_since, home_city_idx, employee_function_idx) VALUES (266, 'Darb', 'Paprotny', '2017-12-17 00:00:00.000000', '1993-05-19', 349, 1);
INSERT INTO public.employees (id, first_name, last_name, birthday, employed_since, home_city_idx, employee_function_idx) VALUES (261, 'Alma', 'McGlone', '1968-10-26 00:00:00.000000', '2012-02-03', 264, 1);
INSERT INTO public.employees (id, first_name, last_name, birthday, employed_since, home_city_idx, employee_function_idx) VALUES (263, 'Moe', 'Duran', '2013-06-02 00:00:00.000000', '2019-03-05', 95, 1);
INSERT INTO public.employees (id, first_name, last_name, birthday, employed_since, home_city_idx, employee_function_idx) VALUES (262, 'Giselbert', 'Oda', '1961-01-14 00:00:00.000000', '1991-01-06', 214, 1);
INSERT INTO public.employees (id, first_name, last_name, birthday, employed_since, home_city_idx, employee_function_idx) VALUES (356, 'Cheslie', 'Murr', '1987-08-30 00:00:00.000000', '1990-09-04', 384, 2);
INSERT INTO public.employees (id, first_name, last_name, birthday, employed_since, home_city_idx, employee_function_idx) VALUES (75, 'Reade', 'Readman', '1994-09-13 00:00:00.000000', '2008-07-13', 240, 1);
INSERT INTO public.employees (id, first_name, last_name, birthday, employed_since, home_city_idx, employee_function_idx) VALUES (259, 'Adolph', 'Wennington', '1995-11-08 00:00:00.000000', '2001-07-16', 159, 1);
INSERT INTO public.employees (id, first_name, last_name, birthday, employed_since, home_city_idx, employee_function_idx) VALUES (353, 'Nestor', 'Jebb', '1975-07-28 00:00:00.000000', '1999-01-12', 260, 2);
INSERT INTO public.employees (id, first_name, last_name, birthday, employed_since, home_city_idx, employee_function_idx) VALUES (317, 'Hilliard', 'Crosfeld', '1996-05-22 00:00:00.000000', '2008-07-15', 388, 1);
INSERT INTO public.employees (id, first_name, last_name, birthday, employed_since, home_city_idx, employee_function_idx) VALUES (316, 'Nappie', 'Marconi', '2011-09-28 00:00:00.000000', '2015-05-22', 20, 1);
INSERT INTO public.employees (id, first_name, last_name, birthday, employed_since, home_city_idx, employee_function_idx) VALUES (76, 'Natale', 'Duthy', '2012-06-07 00:00:00.000000', '2018-01-13', 333, 1);
INSERT INTO public.employees (id, first_name, last_name, birthday, employed_since, home_city_idx, employee_function_idx) VALUES (313, 'Evonne', 'Congdon', '1974-04-30 00:00:00.000000', '1992-08-14', 69, 1);
INSERT INTO public.employees (id, first_name, last_name, birthday, employed_since, home_city_idx, employee_function_idx) VALUES (83, 'Lela', 'Hetterich', '2013-01-06 00:00:00.000000', '1998-09-25', 391, 1);
INSERT INTO public.employees (id, first_name, last_name, birthday, employed_since, home_city_idx, employee_function_idx) VALUES (315, 'Jenda', 'Scarman', '2003-05-03 00:00:00.000000', '2004-05-02', 106, 1);
INSERT INTO public.employees (id, first_name, last_name, birthday, employed_since, home_city_idx, employee_function_idx) VALUES (378, 'Demetra', 'Dreng', '1999-12-27 00:00:00.000000', '2000-12-23', 158, 2);
INSERT INTO public.employees (id, first_name, last_name, birthday, employed_since, home_city_idx, employee_function_idx) VALUES (327, 'Tobie', 'Headon', '1983-09-01 00:00:00.000000', '1982-08-21', 296, 1);
INSERT INTO public.employees (id, first_name, last_name, birthday, employed_since, home_city_idx, employee_function_idx) VALUES (87, 'Jerrome', 'Killingback', '1970-10-03 00:00:00.000000', '2008-02-23', 342, 1);
INSERT INTO public.employees (id, first_name, last_name, birthday, employed_since, home_city_idx, employee_function_idx) VALUES (379, 'Rahal', 'Spacey', '1974-07-30 00:00:00.000000', '2009-10-16', 151, 2);
INSERT INTO public.employees (id, first_name, last_name, birthday, employed_since, home_city_idx, employee_function_idx) VALUES (184, 'Ferne', 'Fildes', '1957-07-17 00:00:00.000000', '1999-05-18', 94, 2);
INSERT INTO public.employees (id, first_name, last_name, birthday, employed_since, home_city_idx, employee_function_idx) VALUES (91, 'Amargo', 'Metrick', '1987-03-16 00:00:00.000000', '1989-01-13', 68, 1);
INSERT INTO public.employees (id, first_name, last_name, birthday, employed_since, home_city_idx, employee_function_idx) VALUES (406, 'Spencer', 'Buggy', '1958-04-30 00:00:00.000000', '2018-10-14', 244, 2);
INSERT INTO public.employees (id, first_name, last_name, birthday, employed_since, home_city_idx, employee_function_idx) VALUES (301, 'Angelle', 'Merriott', '1959-11-08 00:00:00.000000', '1992-02-28', 266, 1);
INSERT INTO public.employees (id, first_name, last_name, birthday, employed_since, home_city_idx, employee_function_idx) VALUES (300, 'Nikkie', 'Kondratenko', '2003-11-17 00:00:00.000000', '1985-09-11', 201, 1);
INSERT INTO public.employees (id, first_name, last_name, birthday, employed_since, home_city_idx, employee_function_idx) VALUES (131, 'Lemuel', 'Wooton', '2013-11-25 00:00:00.000000', '1984-06-18', 150, 2);
INSERT INTO public.employees (id, first_name, last_name, birthday, employed_since, home_city_idx, employee_function_idx) VALUES (382, 'Iona', 'Lequeux', '1957-05-08 00:00:00.000000', '1983-09-16', 190, 2);
INSERT INTO public.employees (id, first_name, last_name, birthday, employed_since, home_city_idx, employee_function_idx) VALUES (396, 'Will', 'Dray', '2012-01-29 00:00:00.000000', '1990-04-25', 323, 2);
INSERT INTO public.employees (id, first_name, last_name, birthday, employed_since, home_city_idx, employee_function_idx) VALUES (399, 'Tomi', 'Stonard', '2005-10-13 00:00:00.000000', '1988-04-07', 154, 2);
INSERT INTO public.employees (id, first_name, last_name, birthday, employed_since, home_city_idx, employee_function_idx) VALUES (334, 'Pernell', 'Vasyukov', '1961-06-17 00:00:00.000000', '2019-01-31', 120, 1);
INSERT INTO public.employees (id, first_name, last_name, birthday, employed_since, home_city_idx, employee_function_idx) VALUES (439, 'Doralin', 'Leonard', '1977-09-30 00:00:00.000000', '1996-09-10', 49, 2);
INSERT INTO public.employees (id, first_name, last_name, birthday, employed_since, home_city_idx, employee_function_idx) VALUES (293, 'Lorin', 'Giacobilio', '1965-12-06 00:00:00.000000', '2009-09-09', 360, 1);
INSERT INTO public.employees (id, first_name, last_name, birthday, employed_since, home_city_idx, employee_function_idx) VALUES (292, 'Cindy', 'Stewart', '1983-07-04 00:00:00.000000', '2011-07-19', 111, 1);
INSERT INTO public.employees (id, first_name, last_name, birthday, employed_since, home_city_idx, employee_function_idx) VALUES (36, 'Livy', 'Edgecumbe', '1975-06-10 00:00:00.000000', '1992-04-15', 38, 1);
INSERT INTO public.employees (id, first_name, last_name, birthday, employed_since, home_city_idx, employee_function_idx) VALUES (294, 'Mort', 'Ciciari', '2004-10-11 00:00:00.000000', '1997-05-13', 231, 1);
INSERT INTO public.employees (id, first_name, last_name, birthday, employed_since, home_city_idx, employee_function_idx) VALUES (289, 'Mohammed', 'Eskrigge', '1954-01-27 00:00:00.000000', '2009-02-11', 336, 1);
INSERT INTO public.employees (id, first_name, last_name, birthday, employed_since, home_city_idx, employee_function_idx) VALUES (288, 'Lishe', 'Eshmade', '1955-04-12 00:00:00.000000', '1987-10-09', 69, 1);
INSERT INTO public.employees (id, first_name, last_name, birthday, employed_since, home_city_idx, employee_function_idx) VALUES (291, 'Steward', 'Soigoux', '2000-01-07 00:00:00.000000', '2016-01-12', 113, 1);
INSERT INTO public.employees (id, first_name, last_name, birthday, employed_since, home_city_idx, employee_function_idx) VALUES (46, 'Cinderella', 'Moppett', '1984-10-24 00:00:00.000000', '1996-04-12', 292, 1);
INSERT INTO public.employees (id, first_name, last_name, birthday, employed_since, home_city_idx, employee_function_idx) VALUES (336, 'Eduardo', 'Bulfield', '1974-10-20 00:00:00.000000', '2015-10-20', 31, 1);
INSERT INTO public.employees (id, first_name, last_name, birthday, employed_since, home_city_idx, employee_function_idx) VALUES (45, 'Nan', 'Leyzell', '2006-04-15 00:00:00.000000', '2009-04-11', 218, 1);
INSERT INTO public.employees (id, first_name, last_name, birthday, employed_since, home_city_idx, employee_function_idx) VALUES (345, 'Page', 'Burkett', '1990-12-30 00:00:00.000000', '2015-02-10', 389, 1);
INSERT INTO public.employees (id, first_name, last_name, birthday, employed_since, home_city_idx, employee_function_idx) VALUES (347, 'Vernen', 'Jenne', '1992-10-10 00:00:00.000000', '1985-05-01', 298, 1);
INSERT INTO public.employees (id, first_name, last_name, birthday, employed_since, home_city_idx, employee_function_idx) VALUES (148, 'Cathryn', 'McLeish', '2000-06-25 00:00:00.000000', '2012-07-19', 149, 2);
INSERT INTO public.employees (id, first_name, last_name, birthday, employed_since, home_city_idx, employee_function_idx) VALUES (440, 'Nona', 'Walch', '1975-06-17 00:00:00.000000', '2012-09-18', 311, 2);
INSERT INTO public.employees (id, first_name, last_name, birthday, employed_since, home_city_idx, employee_function_idx) VALUES (443, 'Noble', 'Fulks', '1977-06-26 00:00:00.000000', '1994-05-21', 53, 2);
INSERT INTO public.employees (id, first_name, last_name, birthday, employed_since, home_city_idx, employee_function_idx) VALUES (442, 'Corene', 'covino', '1960-02-19 00:00:00.000000', '2012-08-05', 6, 2);
INSERT INTO public.employees (id, first_name, last_name, birthday, employed_since, home_city_idx, employee_function_idx) VALUES (451, 'Derick', 'Durdle', '2014-07-26 00:00:00.000000', '1993-01-06', 187, 2);
INSERT INTO public.employees (id, first_name, last_name, birthday, employed_since, home_city_idx, employee_function_idx) VALUES (337, 'Ernestine', 'Longea', '1993-10-20 00:00:00.000000', '2015-04-25', 355, 1);
INSERT INTO public.employees (id, first_name, last_name, birthday, employed_since, home_city_idx, employee_function_idx) VALUES (158, 'Ronnica', 'Lionel', '1970-11-15 00:00:00.000000', '2014-02-18', 99, 2);
INSERT INTO public.employees (id, first_name, last_name, birthday, employed_since, home_city_idx, employee_function_idx) VALUES (346, 'Olympie', 'Poundford', '1954-03-19 00:00:00.000000', '1990-12-13', 229, 1);
INSERT INTO public.employees (id, first_name, last_name, birthday, employed_since, home_city_idx, employee_function_idx) VALUES (433, 'Morganica', 'Degan', '2013-10-13 00:00:00.000000', '1989-07-17', 95, 2);
INSERT INTO public.employees (id, first_name, last_name, birthday, employed_since, home_city_idx, employee_function_idx) VALUES (62, 'Marnie', 'Charlick', '1964-03-30 00:00:00.000000', '1992-05-01', 91, 1);
INSERT INTO public.employees (id, first_name, last_name, birthday, employed_since, home_city_idx, employee_function_idx) VALUES (98, 'Virginia', 'Rushby', '1961-12-04 00:00:00.000000', '2005-04-08', 76, 2);
INSERT INTO public.employees (id, first_name, last_name, birthday, employed_since, home_city_idx, employee_function_idx) VALUES (335, 'Sara-ann', 'O''Codihie', '2018-05-27 00:00:00.000000', '2017-05-26', 267, 1);
INSERT INTO public.employees (id, first_name, last_name, birthday, employed_since, home_city_idx, employee_function_idx) VALUES (96, 'Vonni', 'Jina', '1964-01-08 00:00:00.000000', '2019-02-15', 292, 2);
INSERT INTO public.employees (id, first_name, last_name, birthday, employed_since, home_city_idx, employee_function_idx) VALUES (329, 'Luciano', 'Kesterton', '1999-06-01 00:00:00.000000', '2015-02-15', 330, 1);
INSERT INTO public.employees (id, first_name, last_name, birthday, employed_since, home_city_idx, employee_function_idx) VALUES (3, 'Josey', 'Bembrigg', '1966-11-22 00:00:00.000000', '1983-05-19', 156, 1);
INSERT INTO public.employees (id, first_name, last_name, birthday, employed_since, home_city_idx, employee_function_idx) VALUES (350, 'Byran', 'Milliken', '1963-08-19 00:00:00.000000', '2001-07-18', 191, 1);
INSERT INTO public.employees (id, first_name, last_name, birthday, employed_since, home_city_idx, employee_function_idx) VALUES (330, 'Gael', 'Haime', '2013-12-11 00:00:00.000000', '1988-04-30', 313, 1);
INSERT INTO public.employees (id, first_name, last_name, birthday, employed_since, home_city_idx, employee_function_idx) VALUES (324, 'Alister', 'Derks', '1988-07-18 00:00:00.000000', '2010-01-29', 268, 1);
INSERT INTO public.employees (id, first_name, last_name, birthday, employed_since, home_city_idx, employee_function_idx) VALUES (107, 'Neville', 'Giacoppoli', '1978-08-18 00:00:00.000000', '1981-10-03', 31, 2);
INSERT INTO public.employees (id, first_name, last_name, birthday, employed_since, home_city_idx, employee_function_idx) VALUES (326, 'Cele', 'Canete', '1958-01-19 00:00:00.000000', '2012-10-28', 360, 1);
INSERT INTO public.employees (id, first_name, last_name, birthday, employed_since, home_city_idx, employee_function_idx) VALUES (321, 'Dionis', 'Dulany', '1974-10-02 00:00:00.000000', '1982-02-16', 291, 1);

--Flights
create table flights
(
    id               serial  not null
        constraint flights_pk
            primary key,
    from_city        integer not null
        constraint from_city_fk
            references cities,
    to_city          integer not null
        constraint to_city_fk
            references cities,
    std_duration_sec integer not null,
    aircraft_idx     integer
);

alter table flights
    owner to postgres;

INSERT INTO public.flights (id, from_city, to_city, std_duration_sec, aircraft_idx) VALUES (116, 374, 100, 26181, 12);
INSERT INTO public.flights (id, from_city, to_city, std_duration_sec, aircraft_idx) VALUES (85, 78, 15, 15385, 161);
INSERT INTO public.flights (id, from_city, to_city, std_duration_sec, aircraft_idx) VALUES (200, 357, 51, 825, 59);
INSERT INTO public.flights (id, from_city, to_city, std_duration_sec, aircraft_idx) VALUES (220, 112, 72, 29375, 16);
INSERT INTO public.flights (id, from_city, to_city, std_duration_sec, aircraft_idx) VALUES (122, 130, 242, 9481, 180);
INSERT INTO public.flights (id, from_city, to_city, std_duration_sec, aircraft_idx) VALUES (71, 142, 244, 4772, 39);
INSERT INTO public.flights (id, from_city, to_city, std_duration_sec, aircraft_idx) VALUES (62, 397, 47, 13975, 92);
INSERT INTO public.flights (id, from_city, to_city, std_duration_sec, aircraft_idx) VALUES (168, 281, 83, 28167, 168);
INSERT INTO public.flights (id, from_city, to_city, std_duration_sec, aircraft_idx) VALUES (77, 292, 385, 18719, 226);
INSERT INTO public.flights (id, from_city, to_city, std_duration_sec, aircraft_idx) VALUES (146, 394, 204, 10058, 207);
INSERT INTO public.flights (id, from_city, to_city, std_duration_sec, aircraft_idx) VALUES (164, 40, 124, 23195, 134);
INSERT INTO public.flights (id, from_city, to_city, std_duration_sec, aircraft_idx) VALUES (225, 295, 134, 27542, 231);
INSERT INTO public.flights (id, from_city, to_city, std_duration_sec, aircraft_idx) VALUES (284, 37, 22, 20095, 44);
INSERT INTO public.flights (id, from_city, to_city, std_duration_sec, aircraft_idx) VALUES (144, 111, 333, 14543, 209);
INSERT INTO public.flights (id, from_city, to_city, std_duration_sec, aircraft_idx) VALUES (217, 301, 136, 29443, 13);
INSERT INTO public.flights (id, from_city, to_city, std_duration_sec, aircraft_idx) VALUES (243, 86, 113, 25887, 165);
INSERT INTO public.flights (id, from_city, to_city, std_duration_sec, aircraft_idx) VALUES (160, 310, 150, 34770, 200);
INSERT INTO public.flights (id, from_city, to_city, std_duration_sec, aircraft_idx) VALUES (275, 195, 312, 2601, 197);
INSERT INTO public.flights (id, from_city, to_city, std_duration_sec, aircraft_idx) VALUES (208, 271, 224, 6591, 229);
INSERT INTO public.flights (id, from_city, to_city, std_duration_sec, aircraft_idx) VALUES (288, 317, 328, 31244, 43);
INSERT INTO public.flights (id, from_city, to_city, std_duration_sec, aircraft_idx) VALUES (24, 83, 134, 21721, 17);
INSERT INTO public.flights (id, from_city, to_city, std_duration_sec, aircraft_idx) VALUES (135, 320, 5, 28445, 49);
INSERT INTO public.flights (id, from_city, to_city, std_duration_sec, aircraft_idx) VALUES (280, 313, 21, 32598, 156);
INSERT INTO public.flights (id, from_city, to_city, std_duration_sec, aircraft_idx) VALUES (185, 360, 43, 9545, 186);
INSERT INTO public.flights (id, from_city, to_city, std_duration_sec, aircraft_idx) VALUES (207, 304, 34, 33603, 57);
INSERT INTO public.flights (id, from_city, to_city, std_duration_sec, aircraft_idx) VALUES (114, 96, 226, 34838, 141);
INSERT INTO public.flights (id, from_city, to_city, std_duration_sec, aircraft_idx) VALUES (187, 26, 58, 28853, 76);
INSERT INTO public.flights (id, from_city, to_city, std_duration_sec, aircraft_idx) VALUES (223, 158, 214, 18536, 194);
INSERT INTO public.flights (id, from_city, to_city, std_duration_sec, aircraft_idx) VALUES (163, 395, 89, 22027, 87);
INSERT INTO public.flights (id, from_city, to_city, std_duration_sec, aircraft_idx) VALUES (233, 367, 138, 19221, 58);
INSERT INTO public.flights (id, from_city, to_city, std_duration_sec, aircraft_idx) VALUES (58, 323, 322, 2517, 72);
INSERT INTO public.flights (id, from_city, to_city, std_duration_sec, aircraft_idx) VALUES (194, 72, 348, 34055, 145);
INSERT INTO public.flights (id, from_city, to_city, std_duration_sec, aircraft_idx) VALUES (83, 252, 63, 33984, 86);
INSERT INTO public.flights (id, from_city, to_city, std_duration_sec, aircraft_idx) VALUES (159, 106, 334, 10100, 215);
INSERT INTO public.flights (id, from_city, to_city, std_duration_sec, aircraft_idx) VALUES (281, 269, 83, 11474, 183);
INSERT INTO public.flights (id, from_city, to_city, std_duration_sec, aircraft_idx) VALUES (124, 28, 267, 29820, 92);
INSERT INTO public.flights (id, from_city, to_city, std_duration_sec, aircraft_idx) VALUES (109, 291, 125, 31211, 77);
INSERT INTO public.flights (id, from_city, to_city, std_duration_sec, aircraft_idx) VALUES (290, 268, 49, 24065, 94);
INSERT INTO public.flights (id, from_city, to_city, std_duration_sec, aircraft_idx) VALUES (74, 365, 201, 33828, 224);
INSERT INTO public.flights (id, from_city, to_city, std_duration_sec, aircraft_idx) VALUES (104, 390, 9, 10895, 225);
INSERT INTO public.flights (id, from_city, to_city, std_duration_sec, aircraft_idx) VALUES (282, 223, 248, 12888, 89);
INSERT INTO public.flights (id, from_city, to_city, std_duration_sec, aircraft_idx) VALUES (175, 13, 278, 27186, 63);
INSERT INTO public.flights (id, from_city, to_city, std_duration_sec, aircraft_idx) VALUES (41, 73, 366, 5631, 17);
INSERT INTO public.flights (id, from_city, to_city, std_duration_sec, aircraft_idx) VALUES (177, 326, 163, 11962, 120);
INSERT INTO public.flights (id, from_city, to_city, std_duration_sec, aircraft_idx) VALUES (158, 15, 243, 19752, 131);
INSERT INTO public.flights (id, from_city, to_city, std_duration_sec, aircraft_idx) VALUES (56, 259, 39, 1461, 14);
INSERT INTO public.flights (id, from_city, to_city, std_duration_sec, aircraft_idx) VALUES (50, 301, 334, 31605, 165);
INSERT INTO public.flights (id, from_city, to_city, std_duration_sec, aircraft_idx) VALUES (28, 199, 378, 3109, 143);
INSERT INTO public.flights (id, from_city, to_city, std_duration_sec, aircraft_idx) VALUES (94, 191, 214, 31168, 121);
INSERT INTO public.flights (id, from_city, to_city, std_duration_sec, aircraft_idx) VALUES (22, 352, 204, 27311, 78);
INSERT INTO public.flights (id, from_city, to_city, std_duration_sec, aircraft_idx) VALUES (29, 199, 265, 15393, 200);
INSERT INTO public.flights (id, from_city, to_city, std_duration_sec, aircraft_idx) VALUES (296, 320, 382, 21644, 33);
INSERT INTO public.flights (id, from_city, to_city, std_duration_sec, aircraft_idx) VALUES (174, 58, 88, 12548, 67);
INSERT INTO public.flights (id, from_city, to_city, std_duration_sec, aircraft_idx) VALUES (264, 237, 69, 13343, 99);
INSERT INTO public.flights (id, from_city, to_city, std_duration_sec, aircraft_idx) VALUES (294, 299, 243, 33483, 88);
INSERT INTO public.flights (id, from_city, to_city, std_duration_sec, aircraft_idx) VALUES (295, 327, 16, 7382, 184);
INSERT INTO public.flights (id, from_city, to_city, std_duration_sec, aircraft_idx) VALUES (14, 295, 93, 19202, 23);
INSERT INTO public.flights (id, from_city, to_city, std_duration_sec, aircraft_idx) VALUES (131, 399, 297, 2518, 66);
INSERT INTO public.flights (id, from_city, to_city, std_duration_sec, aircraft_idx) VALUES (179, 381, 129, 19541, 215);
INSERT INTO public.flights (id, from_city, to_city, std_duration_sec, aircraft_idx) VALUES (228, 245, 106, 13046, 85);
INSERT INTO public.flights (id, from_city, to_city, std_duration_sec, aircraft_idx) VALUES (204, 170, 103, 24182, 151);
INSERT INTO public.flights (id, from_city, to_city, std_duration_sec, aircraft_idx) VALUES (203, 40, 271, 34397, 151);
INSERT INTO public.flights (id, from_city, to_city, std_duration_sec, aircraft_idx) VALUES (156, 380, 364, 9202, 170);
INSERT INTO public.flights (id, from_city, to_city, std_duration_sec, aircraft_idx) VALUES (82, 341, 388, 21911, 187);
INSERT INTO public.flights (id, from_city, to_city, std_duration_sec, aircraft_idx) VALUES (285, 113, 328, 68, 116);
INSERT INTO public.flights (id, from_city, to_city, std_duration_sec, aircraft_idx) VALUES (106, 141, 58, 35082, 221);
INSERT INTO public.flights (id, from_city, to_city, std_duration_sec, aircraft_idx) VALUES (197, 146, 339, 6773, 120);
INSERT INTO public.flights (id, from_city, to_city, std_duration_sec, aircraft_idx) VALUES (113, 93, 188, 29143, 14);
INSERT INTO public.flights (id, from_city, to_city, std_duration_sec, aircraft_idx) VALUES (81, 374, 318, 16585, 13);
INSERT INTO public.flights (id, from_city, to_city, std_duration_sec, aircraft_idx) VALUES (84, 13, 108, 7936, 58);
INSERT INTO public.flights (id, from_city, to_city, std_duration_sec, aircraft_idx) VALUES (68, 365, 341, 624, 100);
INSERT INTO public.flights (id, from_city, to_city, std_duration_sec, aircraft_idx) VALUES (59, 68, 371, 35540, 145);
INSERT INTO public.flights (id, from_city, to_city, std_duration_sec, aircraft_idx) VALUES (172, 152, 59, 31117, 131);
INSERT INTO public.flights (id, from_city, to_city, std_duration_sec, aircraft_idx) VALUES (43, 348, 62, 621, 78);
INSERT INTO public.flights (id, from_city, to_city, std_duration_sec, aircraft_idx) VALUES (23, 78, 342, 35878, 56);
INSERT INTO public.flights (id, from_city, to_city, std_duration_sec, aircraft_idx) VALUES (139, 278, 223, 1509, 195);
INSERT INTO public.flights (id, from_city, to_city, std_duration_sec, aircraft_idx) VALUES (9, 8, 265, 23342, 33);
INSERT INTO public.flights (id, from_city, to_city, std_duration_sec, aircraft_idx) VALUES (244, 6, 393, 11898, 208);
INSERT INTO public.flights (id, from_city, to_city, std_duration_sec, aircraft_idx) VALUES (230, 248, 27, 32867, 23);
INSERT INTO public.flights (id, from_city, to_city, std_duration_sec, aircraft_idx) VALUES (26, 60, 29, 28538, 120);
INSERT INTO public.flights (id, from_city, to_city, std_duration_sec, aircraft_idx) VALUES (61, 208, 123, 29214, 100);
INSERT INTO public.flights (id, from_city, to_city, std_duration_sec, aircraft_idx) VALUES (266, 147, 285, 26882, 246);
INSERT INTO public.flights (id, from_city, to_city, std_duration_sec, aircraft_idx) VALUES (90, 388, 112, 25076, 78);
INSERT INTO public.flights (id, from_city, to_city, std_duration_sec, aircraft_idx) VALUES (166, 363, 186, 1936, 149);
INSERT INTO public.flights (id, from_city, to_city, std_duration_sec, aircraft_idx) VALUES (78, 233, 224, 12028, 211);
INSERT INTO public.flights (id, from_city, to_city, std_duration_sec, aircraft_idx) VALUES (201, 255, 285, 1736, 215);
INSERT INTO public.flights (id, from_city, to_city, std_duration_sec, aircraft_idx) VALUES (141, 128, 354, 8599, 190);
INSERT INTO public.flights (id, from_city, to_city, std_duration_sec, aircraft_idx) VALUES (269, 103, 121, 1679, 152);
INSERT INTO public.flights (id, from_city, to_city, std_duration_sec, aircraft_idx) VALUES (13, 71, 397, 17776, 186);
INSERT INTO public.flights (id, from_city, to_city, std_duration_sec, aircraft_idx) VALUES (115, 217, 182, 4617, 230);
INSERT INTO public.flights (id, from_city, to_city, std_duration_sec, aircraft_idx) VALUES (215, 27, 237, 19427, 141);
INSERT INTO public.flights (id, from_city, to_city, std_duration_sec, aircraft_idx) VALUES (96, 159, 221, 1795, 101);
INSERT INTO public.flights (id, from_city, to_city, std_duration_sec, aircraft_idx) VALUES (151, 258, 110, 199, 235);
INSERT INTO public.flights (id, from_city, to_city, std_duration_sec, aircraft_idx) VALUES (231, 168, 191, 35413, 219);
INSERT INTO public.flights (id, from_city, to_city, std_duration_sec, aircraft_idx) VALUES (37, 66, 93, 9525, 203);
INSERT INTO public.flights (id, from_city, to_city, std_duration_sec, aircraft_idx) VALUES (259, 344, 208, 347, 152);
INSERT INTO public.flights (id, from_city, to_city, std_duration_sec, aircraft_idx) VALUES (30, 179, 241, 31587, 120);
INSERT INTO public.flights (id, from_city, to_city, std_duration_sec, aircraft_idx) VALUES (8, 129, 229, 22142, 122);
INSERT INTO public.flights (id, from_city, to_city, std_duration_sec, aircraft_idx) VALUES (192, 269, 298, 10647, 218);
INSERT INTO public.flights (id, from_city, to_city, std_duration_sec, aircraft_idx) VALUES (298, 377, 49, 11428, 181);
INSERT INTO public.flights (id, from_city, to_city, std_duration_sec, aircraft_idx) VALUES (107, 88, 343, 1262, 81);
INSERT INTO public.flights (id, from_city, to_city, std_duration_sec, aircraft_idx) VALUES (70, 153, 88, 11812, 200);
INSERT INTO public.flights (id, from_city, to_city, std_duration_sec, aircraft_idx) VALUES (4, 182, 153, 4522, 86);
INSERT INTO public.flights (id, from_city, to_city, std_duration_sec, aircraft_idx) VALUES (54, 35, 371, 22311, 3);
INSERT INTO public.flights (id, from_city, to_city, std_duration_sec, aircraft_idx) VALUES (137, 217, 214, 3813, 189);
INSERT INTO public.flights (id, from_city, to_city, std_duration_sec, aircraft_idx) VALUES (98, 163, 366, 2565, 221);
INSERT INTO public.flights (id, from_city, to_city, std_duration_sec, aircraft_idx) VALUES (80, 129, 117, 24699, 12);
INSERT INTO public.flights (id, from_city, to_city, std_duration_sec, aircraft_idx) VALUES (272, 69, 370, 29325, 98);
INSERT INTO public.flights (id, from_city, to_city, std_duration_sec, aircraft_idx) VALUES (261, 102, 253, 28795, 39);
INSERT INTO public.flights (id, from_city, to_city, std_duration_sec, aircraft_idx) VALUES (222, 52, 359, 6956, 21);
INSERT INTO public.flights (id, from_city, to_city, std_duration_sec, aircraft_idx) VALUES (250, 119, 144, 9183, 206);
INSERT INTO public.flights (id, from_city, to_city, std_duration_sec, aircraft_idx) VALUES (48, 122, 389, 19159, 206);
INSERT INTO public.flights (id, from_city, to_city, std_duration_sec, aircraft_idx) VALUES (165, 78, 396, 6803, 21);
INSERT INTO public.flights (id, from_city, to_city, std_duration_sec, aircraft_idx) VALUES (190, 394, 395, 31860, 71);
INSERT INTO public.flights (id, from_city, to_city, std_duration_sec, aircraft_idx) VALUES (18, 47, 330, 34668, 215);
INSERT INTO public.flights (id, from_city, to_city, std_duration_sec, aircraft_idx) VALUES (198, 123, 145, 17185, 195);
INSERT INTO public.flights (id, from_city, to_city, std_duration_sec, aircraft_idx) VALUES (176, 86, 350, 7752, 215);
INSERT INTO public.flights (id, from_city, to_city, std_duration_sec, aircraft_idx) VALUES (119, 202, 330, 16483, 187);
INSERT INTO public.flights (id, from_city, to_city, std_duration_sec, aircraft_idx) VALUES (1, 360, 16, 10625, 20);
INSERT INTO public.flights (id, from_city, to_city, std_duration_sec, aircraft_idx) VALUES (262, 229, 255, 2746, 244);
INSERT INTO public.flights (id, from_city, to_city, std_duration_sec, aircraft_idx) VALUES (40, 284, 274, 15292, 208);
INSERT INTO public.flights (id, from_city, to_city, std_duration_sec, aircraft_idx) VALUES (195, 50, 294, 3541, 213);
INSERT INTO public.flights (id, from_city, to_city, std_duration_sec, aircraft_idx) VALUES (157, 253, 3, 30043, 114);
INSERT INTO public.flights (id, from_city, to_city, std_duration_sec, aircraft_idx) VALUES (65, 43, 3, 12956, 209);
INSERT INTO public.flights (id, from_city, to_city, std_duration_sec, aircraft_idx) VALUES (34, 100, 313, 14883, 185);
INSERT INTO public.flights (id, from_city, to_city, std_duration_sec, aircraft_idx) VALUES (183, 23, 243, 24793, 235);
INSERT INTO public.flights (id, from_city, to_city, std_duration_sec, aircraft_idx) VALUES (16, 256, 232, 6031, 204);
INSERT INTO public.flights (id, from_city, to_city, std_duration_sec, aircraft_idx) VALUES (20, 91, 14, 10636, 61);
INSERT INTO public.flights (id, from_city, to_city, std_duration_sec, aircraft_idx) VALUES (47, 16, 256, 28464, 215);
INSERT INTO public.flights (id, from_city, to_city, std_duration_sec, aircraft_idx) VALUES (255, 137, 353, 18419, 194);
INSERT INTO public.flights (id, from_city, to_city, std_duration_sec, aircraft_idx) VALUES (236, 271, 315, 26456, 190);
INSERT INTO public.flights (id, from_city, to_city, std_duration_sec, aircraft_idx) VALUES (95, 307, 265, 2045, 205);
INSERT INTO public.flights (id, from_city, to_city, std_duration_sec, aircraft_idx) VALUES (44, 291, 64, 17449, 184);
INSERT INTO public.flights (id, from_city, to_city, std_duration_sec, aircraft_idx) VALUES (147, 150, 235, 24793, 199);
INSERT INTO public.flights (id, from_city, to_city, std_duration_sec, aircraft_idx) VALUES (97, 20, 325, 28823, 209);
INSERT INTO public.flights (id, from_city, to_city, std_duration_sec, aircraft_idx) VALUES (33, 40, 27, 20985, 19);
INSERT INTO public.flights (id, from_city, to_city, std_duration_sec, aircraft_idx) VALUES (211, 144, 21, 14107, 170);
INSERT INTO public.flights (id, from_city, to_city, std_duration_sec, aircraft_idx) VALUES (235, 184, 25, 28798, 241);
INSERT INTO public.flights (id, from_city, to_city, std_duration_sec, aircraft_idx) VALUES (271, 285, 156, 15005, 138);
INSERT INTO public.flights (id, from_city, to_city, std_duration_sec, aircraft_idx) VALUES (227, 285, 185, 33015, 82);
INSERT INTO public.flights (id, from_city, to_city, std_duration_sec, aircraft_idx) VALUES (252, 338, 37, 33149, 128);
INSERT INTO public.flights (id, from_city, to_city, std_duration_sec, aircraft_idx) VALUES (238, 159, 252, 25503, 189);
INSERT INTO public.flights (id, from_city, to_city, std_duration_sec, aircraft_idx) VALUES (63, 36, 41, 29467, 107);
INSERT INTO public.flights (id, from_city, to_city, std_duration_sec, aircraft_idx) VALUES (140, 102, 109, 26311, 27);
INSERT INTO public.flights (id, from_city, to_city, std_duration_sec, aircraft_idx) VALUES (127, 122, 71, 28932, 85);
INSERT INTO public.flights (id, from_city, to_city, std_duration_sec, aircraft_idx) VALUES (256, 387, 374, 17400, 83);
INSERT INTO public.flights (id, from_city, to_city, std_duration_sec, aircraft_idx) VALUES (293, 100, 159, 29650, 49);
INSERT INTO public.flights (id, from_city, to_city, std_duration_sec, aircraft_idx) VALUES (206, 309, 237, 25288, 169);
INSERT INTO public.flights (id, from_city, to_city, std_duration_sec, aircraft_idx) VALUES (101, 332, 215, 15376, 140);
INSERT INTO public.flights (id, from_city, to_city, std_duration_sec, aircraft_idx) VALUES (229, 83, 151, 16485, 105);
INSERT INTO public.flights (id, from_city, to_city, std_duration_sec, aircraft_idx) VALUES (150, 361, 245, 22571, 142);
INSERT INTO public.flights (id, from_city, to_city, std_duration_sec, aircraft_idx) VALUES (169, 378, 154, 5611, 14);
INSERT INTO public.flights (id, from_city, to_city, std_duration_sec, aircraft_idx) VALUES (148, 26, 388, 29183, 197);
INSERT INTO public.flights (id, from_city, to_city, std_duration_sec, aircraft_idx) VALUES (178, 319, 92, 35704, 198);
INSERT INTO public.flights (id, from_city, to_city, std_duration_sec, aircraft_idx) VALUES (64, 383, 290, 28389, 214);
INSERT INTO public.flights (id, from_city, to_city, std_duration_sec, aircraft_idx) VALUES (105, 183, 279, 11409, 1);
INSERT INTO public.flights (id, from_city, to_city, std_duration_sec, aircraft_idx) VALUES (240, 269, 133, 16765, 192);
INSERT INTO public.flights (id, from_city, to_city, std_duration_sec, aircraft_idx) VALUES (39, 107, 213, 24249, 41);
INSERT INTO public.flights (id, from_city, to_city, std_duration_sec, aircraft_idx) VALUES (199, 396, 124, 22457, 111);
INSERT INTO public.flights (id, from_city, to_city, std_duration_sec, aircraft_idx) VALUES (182, 188, 143, 24943, 26);
INSERT INTO public.flights (id, from_city, to_city, std_duration_sec, aircraft_idx) VALUES (219, 368, 127, 15061, 147);
INSERT INTO public.flights (id, from_city, to_city, std_duration_sec, aircraft_idx) VALUES (99, 276, 331, 32669, 43);
INSERT INTO public.flights (id, from_city, to_city, std_duration_sec, aircraft_idx) VALUES (32, 245, 269, 7449, 41);
INSERT INTO public.flights (id, from_city, to_city, std_duration_sec, aircraft_idx) VALUES (117, 333, 133, 32902, 248);
INSERT INTO public.flights (id, from_city, to_city, std_duration_sec, aircraft_idx) VALUES (218, 87, 384, 26406, 198);
INSERT INTO public.flights (id, from_city, to_city, std_duration_sec, aircraft_idx) VALUES (202, 355, 319, 20142, 231);
INSERT INTO public.flights (id, from_city, to_city, std_duration_sec, aircraft_idx) VALUES (89, 158, 146, 18224, 41);
INSERT INTO public.flights (id, from_city, to_city, std_duration_sec, aircraft_idx) VALUES (132, 363, 35, 13384, 176);
INSERT INTO public.flights (id, from_city, to_city, std_duration_sec, aircraft_idx) VALUES (265, 296, 363, 23517, 211);
INSERT INTO public.flights (id, from_city, to_city, std_duration_sec, aircraft_idx) VALUES (142, 127, 338, 35267, 155);
INSERT INTO public.flights (id, from_city, to_city, std_duration_sec, aircraft_idx) VALUES (249, 281, 179, 868, 168);
INSERT INTO public.flights (id, from_city, to_city, std_duration_sec, aircraft_idx) VALUES (5, 293, 40, 28973, 5);
INSERT INTO public.flights (id, from_city, to_city, std_duration_sec, aircraft_idx) VALUES (279, 388, 149, 16390, 54);
INSERT INTO public.flights (id, from_city, to_city, std_duration_sec, aircraft_idx) VALUES (10, 218, 340, 30609, 47);
INSERT INTO public.flights (id, from_city, to_city, std_duration_sec, aircraft_idx) VALUES (2, 134, 195, 7320, 137);
INSERT INTO public.flights (id, from_city, to_city, std_duration_sec, aircraft_idx) VALUES (224, 269, 388, 27200, 46);
INSERT INTO public.flights (id, from_city, to_city, std_duration_sec, aircraft_idx) VALUES (258, 295, 115, 8365, 229);
INSERT INTO public.flights (id, from_city, to_city, std_duration_sec, aircraft_idx) VALUES (274, 162, 34, 3186, 169);
INSERT INTO public.flights (id, from_city, to_city, std_duration_sec, aircraft_idx) VALUES (173, 326, 384, 33991, 137);
INSERT INTO public.flights (id, from_city, to_city, std_duration_sec, aircraft_idx) VALUES (246, 356, 259, 15680, 27);
INSERT INTO public.flights (id, from_city, to_city, std_duration_sec, aircraft_idx) VALUES (226, 62, 142, 26790, 199);
INSERT INTO public.flights (id, from_city, to_city, std_duration_sec, aircraft_idx) VALUES (153, 209, 91, 30872, 34);
INSERT INTO public.flights (id, from_city, to_city, std_duration_sec, aircraft_idx) VALUES (138, 230, 266, 24140, 240);
INSERT INTO public.flights (id, from_city, to_city, std_duration_sec, aircraft_idx) VALUES (245, 67, 148, 21858, 133);
INSERT INTO public.flights (id, from_city, to_city, std_duration_sec, aircraft_idx) VALUES (216, 321, 391, 27049, 174);
INSERT INTO public.flights (id, from_city, to_city, std_duration_sec, aircraft_idx) VALUES (111, 194, 355, 29335, 194);
INSERT INTO public.flights (id, from_city, to_city, std_duration_sec, aircraft_idx) VALUES (120, 387, 3, 15017, 124);
INSERT INTO public.flights (id, from_city, to_city, std_duration_sec, aircraft_idx) VALUES (53, 334, 309, 16051, 179);
INSERT INTO public.flights (id, from_city, to_city, std_duration_sec, aircraft_idx) VALUES (108, 71, 68, 10411, 189);
INSERT INTO public.flights (id, from_city, to_city, std_duration_sec, aircraft_idx) VALUES (46, 58, 295, 7645, 4);
INSERT INTO public.flights (id, from_city, to_city, std_duration_sec, aircraft_idx) VALUES (196, 254, 33, 22962, 176);
INSERT INTO public.flights (id, from_city, to_city, std_duration_sec, aircraft_idx) VALUES (260, 337, 103, 14047, 56);
INSERT INTO public.flights (id, from_city, to_city, std_duration_sec, aircraft_idx) VALUES (27, 279, 335, 4170, 232);
INSERT INTO public.flights (id, from_city, to_city, std_duration_sec, aircraft_idx) VALUES (292, 167, 389, 25296, 210);
INSERT INTO public.flights (id, from_city, to_city, std_duration_sec, aircraft_idx) VALUES (300, 278, 25, 850, 12);
INSERT INTO public.flights (id, from_city, to_city, std_duration_sec, aircraft_idx) VALUES (134, 16, 148, 13641, 153);
INSERT INTO public.flights (id, from_city, to_city, std_duration_sec, aircraft_idx) VALUES (100, 55, 341, 21753, 6);
INSERT INTO public.flights (id, from_city, to_city, std_duration_sec, aircraft_idx) VALUES (254, 124, 274, 8106, 25);
INSERT INTO public.flights (id, from_city, to_city, std_duration_sec, aircraft_idx) VALUES (149, 310, 388, 3239, 181);
INSERT INTO public.flights (id, from_city, to_city, std_duration_sec, aircraft_idx) VALUES (162, 162, 227, 31684, 58);
INSERT INTO public.flights (id, from_city, to_city, std_duration_sec, aircraft_idx) VALUES (205, 141, 176, 6324, 238);
INSERT INTO public.flights (id, from_city, to_city, std_duration_sec, aircraft_idx) VALUES (57, 338, 117, 4640, 27);
INSERT INTO public.flights (id, from_city, to_city, std_duration_sec, aircraft_idx) VALUES (42, 378, 23, 23588, 48);
INSERT INTO public.flights (id, from_city, to_city, std_duration_sec, aircraft_idx) VALUES (69, 44, 365, 13139, 104);
INSERT INTO public.flights (id, from_city, to_city, std_duration_sec, aircraft_idx) VALUES (278, 212, 46, 15355, 185);
INSERT INTO public.flights (id, from_city, to_city, std_duration_sec, aircraft_idx) VALUES (92, 307, 224, 12887, 134);
INSERT INTO public.flights (id, from_city, to_city, std_duration_sec, aircraft_idx) VALUES (123, 87, 31, 7225, 135);
INSERT INTO public.flights (id, from_city, to_city, std_duration_sec, aircraft_idx) VALUES (35, 52, 67, 23437, 48);
INSERT INTO public.flights (id, from_city, to_city, std_duration_sec, aircraft_idx) VALUES (257, 112, 140, 15271, 0);
INSERT INTO public.flights (id, from_city, to_city, std_duration_sec, aircraft_idx) VALUES (136, 313, 165, 22382, 246);
INSERT INTO public.flights (id, from_city, to_city, std_duration_sec, aircraft_idx) VALUES (36, 128, 109, 20050, 113);
INSERT INTO public.flights (id, from_city, to_city, std_duration_sec, aircraft_idx) VALUES (60, 382, 277, 1904, 24);
INSERT INTO public.flights (id, from_city, to_city, std_duration_sec, aircraft_idx) VALUES (155, 365, 87, 4636, 227);
INSERT INTO public.flights (id, from_city, to_city, std_duration_sec, aircraft_idx) VALUES (241, 7, 150, 2972, 108);
INSERT INTO public.flights (id, from_city, to_city, std_duration_sec, aircraft_idx) VALUES (55, 207, 88, 11438, 55);
INSERT INTO public.flights (id, from_city, to_city, std_duration_sec, aircraft_idx) VALUES (87, 313, 181, 11363, 48);
INSERT INTO public.flights (id, from_city, to_city, std_duration_sec, aircraft_idx) VALUES (66, 332, 311, 7756, 4);
INSERT INTO public.flights (id, from_city, to_city, std_duration_sec, aircraft_idx) VALUES (297, 219, 55, 8339, 214);
INSERT INTO public.flights (id, from_city, to_city, std_duration_sec, aircraft_idx) VALUES (6, 48, 219, 12980, 197);
INSERT INTO public.flights (id, from_city, to_city, std_duration_sec, aircraft_idx) VALUES (110, 232, 228, 3975, 49);
INSERT INTO public.flights (id, from_city, to_city, std_duration_sec, aircraft_idx) VALUES (273, 355, 197, 5965, 215);
INSERT INTO public.flights (id, from_city, to_city, std_duration_sec, aircraft_idx) VALUES (242, 301, 76, 16002, 89);
INSERT INTO public.flights (id, from_city, to_city, std_duration_sec, aircraft_idx) VALUES (88, 207, 293, 9799, 133);
INSERT INTO public.flights (id, from_city, to_city, std_duration_sec, aircraft_idx) VALUES (31, 243, 65, 32430, 53);
INSERT INTO public.flights (id, from_city, to_city, std_duration_sec, aircraft_idx) VALUES (283, 305, 354, 14894, 43);
INSERT INTO public.flights (id, from_city, to_city, std_duration_sec, aircraft_idx) VALUES (251, 334, 131, 7369, 237);
INSERT INTO public.flights (id, from_city, to_city, std_duration_sec, aircraft_idx) VALUES (73, 349, 248, 11340, 68);
INSERT INTO public.flights (id, from_city, to_city, std_duration_sec, aircraft_idx) VALUES (268, 390, 64, 34377, 66);
INSERT INTO public.flights (id, from_city, to_city, std_duration_sec, aircraft_idx) VALUES (7, 107, 381, 32792, 155);
INSERT INTO public.flights (id, from_city, to_city, std_duration_sec, aircraft_idx) VALUES (210, 130, 83, 20893, 116);
INSERT INTO public.flights (id, from_city, to_city, std_duration_sec, aircraft_idx) VALUES (93, 5, 49, 31815, 107);
INSERT INTO public.flights (id, from_city, to_city, std_duration_sec, aircraft_idx) VALUES (237, 187, 136, 6688, 52);
INSERT INTO public.flights (id, from_city, to_city, std_duration_sec, aircraft_idx) VALUES (130, 30, 89, 5667, 216);
INSERT INTO public.flights (id, from_city, to_city, std_duration_sec, aircraft_idx) VALUES (75, 227, 323, 19250, 175);
INSERT INTO public.flights (id, from_city, to_city, std_duration_sec, aircraft_idx) VALUES (191, 81, 306, 8724, 96);
INSERT INTO public.flights (id, from_city, to_city, std_duration_sec, aircraft_idx) VALUES (86, 362, 217, 24324, 91);
INSERT INTO public.flights (id, from_city, to_city, std_duration_sec, aircraft_idx) VALUES (299, 193, 50, 8037, 62);
INSERT INTO public.flights (id, from_city, to_city, std_duration_sec, aircraft_idx) VALUES (276, 318, 326, 1350, 248);
INSERT INTO public.flights (id, from_city, to_city, std_duration_sec, aircraft_idx) VALUES (102, 148, 127, 21812, 113);
INSERT INTO public.flights (id, from_city, to_city, std_duration_sec, aircraft_idx) VALUES (52, 249, 215, 8938, 35);
INSERT INTO public.flights (id, from_city, to_city, std_duration_sec, aircraft_idx) VALUES (49, 185, 17, 33585, 35);
INSERT INTO public.flights (id, from_city, to_city, std_duration_sec, aircraft_idx) VALUES (181, 270, 68, 4624, 227);
INSERT INTO public.flights (id, from_city, to_city, std_duration_sec, aircraft_idx) VALUES (21, 92, 136, 12753, 117);
INSERT INTO public.flights (id, from_city, to_city, std_duration_sec, aircraft_idx) VALUES (167, 322, 19, 32459, 216);
INSERT INTO public.flights (id, from_city, to_city, std_duration_sec, aircraft_idx) VALUES (247, 205, 48, 34254, 35);
INSERT INTO public.flights (id, from_city, to_city, std_duration_sec, aircraft_idx) VALUES (171, 36, 121, 20509, 226);
INSERT INTO public.flights (id, from_city, to_city, std_duration_sec, aircraft_idx) VALUES (11, 31, 352, 16785, 117);
INSERT INTO public.flights (id, from_city, to_city, std_duration_sec, aircraft_idx) VALUES (287, 64, 235, 6422, 64);
INSERT INTO public.flights (id, from_city, to_city, std_duration_sec, aircraft_idx) VALUES (286, 373, 163, 31021, 111);
INSERT INTO public.flights (id, from_city, to_city, std_duration_sec, aircraft_idx) VALUES (209, 301, 366, 692, 94);
INSERT INTO public.flights (id, from_city, to_city, std_duration_sec, aircraft_idx) VALUES (45, 322, 162, 17988, 240);
INSERT INTO public.flights (id, from_city, to_city, std_duration_sec, aircraft_idx) VALUES (212, 336, 210, 7452, 216);
INSERT INTO public.flights (id, from_city, to_city, std_duration_sec, aircraft_idx) VALUES (263, 263, 369, 11325, 213);
INSERT INTO public.flights (id, from_city, to_city, std_duration_sec, aircraft_idx) VALUES (214, 233, 177, 9037, 161);
INSERT INTO public.flights (id, from_city, to_city, std_duration_sec, aircraft_idx) VALUES (186, 132, 374, 22473, 74);
INSERT INTO public.flights (id, from_city, to_city, std_duration_sec, aircraft_idx) VALUES (12, 58, 319, 14524, 110);
INSERT INTO public.flights (id, from_city, to_city, std_duration_sec, aircraft_idx) VALUES (76, 314, 84, 16285, 196);
INSERT INTO public.flights (id, from_city, to_city, std_duration_sec, aircraft_idx) VALUES (118, 231, 357, 27470, 119);
INSERT INTO public.flights (id, from_city, to_city, std_duration_sec, aircraft_idx) VALUES (38, 182, 248, 33232, 99);
INSERT INTO public.flights (id, from_city, to_city, std_duration_sec, aircraft_idx) VALUES (103, 190, 176, 178, 109);
INSERT INTO public.flights (id, from_city, to_city, std_duration_sec, aircraft_idx) VALUES (125, 38, 188, 12237, 35);
INSERT INTO public.flights (id, from_city, to_city, std_duration_sec, aircraft_idx) VALUES (267, 81, 130, 20291, 212);
INSERT INTO public.flights (id, from_city, to_city, std_duration_sec, aircraft_idx) VALUES (189, 336, 102, 10353, 224);
INSERT INTO public.flights (id, from_city, to_city, std_duration_sec, aircraft_idx) VALUES (161, 248, 184, 14625, 74);
INSERT INTO public.flights (id, from_city, to_city, std_duration_sec, aircraft_idx) VALUES (133, 242, 249, 35854, 203);
INSERT INTO public.flights (id, from_city, to_city, std_duration_sec, aircraft_idx) VALUES (67, 42, 229, 35216, 24);
INSERT INTO public.flights (id, from_city, to_city, std_duration_sec, aircraft_idx) VALUES (232, 216, 64, 3544, 216);
INSERT INTO public.flights (id, from_city, to_city, std_duration_sec, aircraft_idx) VALUES (112, 375, 151, 19868, 238);
INSERT INTO public.flights (id, from_city, to_city, std_duration_sec, aircraft_idx) VALUES (91, 282, 159, 22315, 192);
INSERT INTO public.flights (id, from_city, to_city, std_duration_sec, aircraft_idx) VALUES (221, 377, 133, 16142, 222);
INSERT INTO public.flights (id, from_city, to_city, std_duration_sec, aircraft_idx) VALUES (291, 174, 191, 5238, 129);
INSERT INTO public.flights (id, from_city, to_city, std_duration_sec, aircraft_idx) VALUES (143, 246, 388, 8500, 202);
INSERT INTO public.flights (id, from_city, to_city, std_duration_sec, aircraft_idx) VALUES (270, 244, 134, 19102, 188);
INSERT INTO public.flights (id, from_city, to_city, std_duration_sec, aircraft_idx) VALUES (152, 177, 138, 18503, 24);
INSERT INTO public.flights (id, from_city, to_city, std_duration_sec, aircraft_idx) VALUES (213, 42, 97, 22223, 167);
INSERT INTO public.flights (id, from_city, to_city, std_duration_sec, aircraft_idx) VALUES (170, 393, 114, 25615, 221);
INSERT INTO public.flights (id, from_city, to_city, std_duration_sec, aircraft_idx) VALUES (126, 25, 72, 23660, 247);
INSERT INTO public.flights (id, from_city, to_city, std_duration_sec, aircraft_idx) VALUES (17, 104, 304, 18587, 226);
INSERT INTO public.flights (id, from_city, to_city, std_duration_sec, aircraft_idx) VALUES (277, 191, 104, 23619, 49);
INSERT INTO public.flights (id, from_city, to_city, std_duration_sec, aircraft_idx) VALUES (145, 113, 295, 13340, 219);
INSERT INTO public.flights (id, from_city, to_city, std_duration_sec, aircraft_idx) VALUES (188, 41, 255, 9064, 220);
INSERT INTO public.flights (id, from_city, to_city, std_duration_sec, aircraft_idx) VALUES (154, 22, 65, 5101, 123);
INSERT INTO public.flights (id, from_city, to_city, std_duration_sec, aircraft_idx) VALUES (193, 314, 317, 14502, 224);
INSERT INTO public.flights (id, from_city, to_city, std_duration_sec, aircraft_idx) VALUES (19, 174, 161, 8250, 70);
INSERT INTO public.flights (id, from_city, to_city, std_duration_sec, aircraft_idx) VALUES (180, 69, 198, 6693, 55);
INSERT INTO public.flights (id, from_city, to_city, std_duration_sec, aircraft_idx) VALUES (51, 24, 258, 18732, 235);
INSERT INTO public.flights (id, from_city, to_city, std_duration_sec, aircraft_idx) VALUES (72, 251, 204, 17794, 30);
INSERT INTO public.flights (id, from_city, to_city, std_duration_sec, aircraft_idx) VALUES (239, 212, 333, 35466, 222);
INSERT INTO public.flights (id, from_city, to_city, std_duration_sec, aircraft_idx) VALUES (248, 318, 185, 22653, 8);
INSERT INTO public.flights (id, from_city, to_city, std_duration_sec, aircraft_idx) VALUES (289, 398, 183, 35124, 188);
INSERT INTO public.flights (id, from_city, to_city, std_duration_sec, aircraft_idx) VALUES (129, 68, 196, 9494, 5);
INSERT INTO public.flights (id, from_city, to_city, std_duration_sec, aircraft_idx) VALUES (184, 238, 32, 13574, 81);
INSERT INTO public.flights (id, from_city, to_city, std_duration_sec, aircraft_idx) VALUES (3, 146, 109, 3712, 223);
INSERT INTO public.flights (id, from_city, to_city, std_duration_sec, aircraft_idx) VALUES (234, 155, 181, 32593, 224);
INSERT INTO public.flights (id, from_city, to_city, std_duration_sec, aircraft_idx) VALUES (79, 268, 290, 6399, 65);
INSERT INTO public.flights (id, from_city, to_city, std_duration_sec, aircraft_idx) VALUES (15, 314, 106, 27898, 139);
INSERT INTO public.flights (id, from_city, to_city, std_duration_sec, aircraft_idx) VALUES (121, 213, 214, 19762, 152);
INSERT INTO public.flights (id, from_city, to_city, std_duration_sec, aircraft_idx) VALUES (128, 102, 177, 23014, 13);
INSERT INTO public.flights (id, from_city, to_city, std_duration_sec, aircraft_idx) VALUES (25, 69, 19, 9601, 102);
INSERT INTO public.flights (id, from_city, to_city, std_duration_sec, aircraft_idx) VALUES (253, 386, 45, 7917, 231);

-- Flights employees
create table flights_employees
(
    employee_idx integer not null
        constraint employee_fk
            references employees,
    flight_idx   integer not null
        constraint flight_fk
            references flights,
    constraint flights_employees_pk
        primary key (employee_idx, flight_idx)
);

alter table flights_employees
    owner to postgres;

INSERT INTO public.flights_employees (employee_idx, flight_idx) VALUES (707, 131);
INSERT INTO public.flights_employees (employee_idx, flight_idx) VALUES (617, 98);
INSERT INTO public.flights_employees (employee_idx, flight_idx) VALUES (387, 53);
INSERT INTO public.flights_employees (employee_idx, flight_idx) VALUES (457, 110);
INSERT INTO public.flights_employees (employee_idx, flight_idx) VALUES (744, 172);
INSERT INTO public.flights_employees (employee_idx, flight_idx) VALUES (681, 96);
INSERT INTO public.flights_employees (employee_idx, flight_idx) VALUES (607, 258);
INSERT INTO public.flights_employees (employee_idx, flight_idx) VALUES (384, 174);
INSERT INTO public.flights_employees (employee_idx, flight_idx) VALUES (732, 148);
INSERT INTO public.flights_employees (employee_idx, flight_idx) VALUES (792, 251);
INSERT INTO public.flights_employees (employee_idx, flight_idx) VALUES (247, 139);
INSERT INTO public.flights_employees (employee_idx, flight_idx) VALUES (594, 30);
INSERT INTO public.flights_employees (employee_idx, flight_idx) VALUES (183, 296);
INSERT INTO public.flights_employees (employee_idx, flight_idx) VALUES (308, 239);
INSERT INTO public.flights_employees (employee_idx, flight_idx) VALUES (110, 270);
INSERT INTO public.flights_employees (employee_idx, flight_idx) VALUES (217, 170);
INSERT INTO public.flights_employees (employee_idx, flight_idx) VALUES (8, 1);
INSERT INTO public.flights_employees (employee_idx, flight_idx) VALUES (109, 37);
INSERT INTO public.flights_employees (employee_idx, flight_idx) VALUES (282, 55);
INSERT INTO public.flights_employees (employee_idx, flight_idx) VALUES (311, 8);
INSERT INTO public.flights_employees (employee_idx, flight_idx) VALUES (19, 56);
INSERT INTO public.flights_employees (employee_idx, flight_idx) VALUES (50, 197);
INSERT INTO public.flights_employees (employee_idx, flight_idx) VALUES (496, 59);
INSERT INTO public.flights_employees (employee_idx, flight_idx) VALUES (84, 287);
INSERT INTO public.flights_employees (employee_idx, flight_idx) VALUES (220, 27);
INSERT INTO public.flights_employees (employee_idx, flight_idx) VALUES (458, 43);
INSERT INTO public.flights_employees (employee_idx, flight_idx) VALUES (687, 295);
INSERT INTO public.flights_employees (employee_idx, flight_idx) VALUES (45, 57);
INSERT INTO public.flights_employees (employee_idx, flight_idx) VALUES (656, 298);
INSERT INTO public.flights_employees (employee_idx, flight_idx) VALUES (71, 215);
INSERT INTO public.flights_employees (employee_idx, flight_idx) VALUES (796, 46);
INSERT INTO public.flights_employees (employee_idx, flight_idx) VALUES (717, 35);
INSERT INTO public.flights_employees (employee_idx, flight_idx) VALUES (92, 202);
INSERT INTO public.flights_employees (employee_idx, flight_idx) VALUES (257, 192);
INSERT INTO public.flights_employees (employee_idx, flight_idx) VALUES (775, 147);
INSERT INTO public.flights_employees (employee_idx, flight_idx) VALUES (625, 264);
INSERT INTO public.flights_employees (employee_idx, flight_idx) VALUES (607, 197);
INSERT INTO public.flights_employees (employee_idx, flight_idx) VALUES (17, 231);
INSERT INTO public.flights_employees (employee_idx, flight_idx) VALUES (66, 80);
INSERT INTO public.flights_employees (employee_idx, flight_idx) VALUES (422, 172);
INSERT INTO public.flights_employees (employee_idx, flight_idx) VALUES (7, 52);
INSERT INTO public.flights_employees (employee_idx, flight_idx) VALUES (257, 74);
INSERT INTO public.flights_employees (employee_idx, flight_idx) VALUES (417, 204);
INSERT INTO public.flights_employees (employee_idx, flight_idx) VALUES (624, 278);
INSERT INTO public.flights_employees (employee_idx, flight_idx) VALUES (307, 207);
INSERT INTO public.flights_employees (employee_idx, flight_idx) VALUES (38, 145);
INSERT INTO public.flights_employees (employee_idx, flight_idx) VALUES (25, 33);
INSERT INTO public.flights_employees (employee_idx, flight_idx) VALUES (732, 19);
INSERT INTO public.flights_employees (employee_idx, flight_idx) VALUES (676, 12);
INSERT INTO public.flights_employees (employee_idx, flight_idx) VALUES (332, 9);
INSERT INTO public.flights_employees (employee_idx, flight_idx) VALUES (136, 196);
INSERT INTO public.flights_employees (employee_idx, flight_idx) VALUES (402, 167);
INSERT INTO public.flights_employees (employee_idx, flight_idx) VALUES (242, 80);
INSERT INTO public.flights_employees (employee_idx, flight_idx) VALUES (596, 19);
INSERT INTO public.flights_employees (employee_idx, flight_idx) VALUES (410, 53);
INSERT INTO public.flights_employees (employee_idx, flight_idx) VALUES (208, 246);
INSERT INTO public.flights_employees (employee_idx, flight_idx) VALUES (204, 165);
INSERT INTO public.flights_employees (employee_idx, flight_idx) VALUES (301, 296);
INSERT INTO public.flights_employees (employee_idx, flight_idx) VALUES (377, 188);
INSERT INTO public.flights_employees (employee_idx, flight_idx) VALUES (434, 122);
INSERT INTO public.flights_employees (employee_idx, flight_idx) VALUES (563, 299);
INSERT INTO public.flights_employees (employee_idx, flight_idx) VALUES (227, 213);
INSERT INTO public.flights_employees (employee_idx, flight_idx) VALUES (589, 210);
INSERT INTO public.flights_employees (employee_idx, flight_idx) VALUES (445, 73);
INSERT INTO public.flights_employees (employee_idx, flight_idx) VALUES (584, 249);
INSERT INTO public.flights_employees (employee_idx, flight_idx) VALUES (139, 42);
INSERT INTO public.flights_employees (employee_idx, flight_idx) VALUES (640, 182);
INSERT INTO public.flights_employees (employee_idx, flight_idx) VALUES (240, 219);
INSERT INTO public.flights_employees (employee_idx, flight_idx) VALUES (362, 87);
INSERT INTO public.flights_employees (employee_idx, flight_idx) VALUES (16, 219);
INSERT INTO public.flights_employees (employee_idx, flight_idx) VALUES (364, 97);
INSERT INTO public.flights_employees (employee_idx, flight_idx) VALUES (499, 234);
INSERT INTO public.flights_employees (employee_idx, flight_idx) VALUES (93, 76);
INSERT INTO public.flights_employees (employee_idx, flight_idx) VALUES (730, 63);
INSERT INTO public.flights_employees (employee_idx, flight_idx) VALUES (174, 172);
INSERT INTO public.flights_employees (employee_idx, flight_idx) VALUES (123, 230);
INSERT INTO public.flights_employees (employee_idx, flight_idx) VALUES (220, 136);
INSERT INTO public.flights_employees (employee_idx, flight_idx) VALUES (236, 224);
INSERT INTO public.flights_employees (employee_idx, flight_idx) VALUES (73, 70);
INSERT INTO public.flights_employees (employee_idx, flight_idx) VALUES (627, 69);
INSERT INTO public.flights_employees (employee_idx, flight_idx) VALUES (653, 293);
INSERT INTO public.flights_employees (employee_idx, flight_idx) VALUES (241, 221);
INSERT INTO public.flights_employees (employee_idx, flight_idx) VALUES (601, 55);
INSERT INTO public.flights_employees (employee_idx, flight_idx) VALUES (129, 252);
INSERT INTO public.flights_employees (employee_idx, flight_idx) VALUES (363, 271);
INSERT INTO public.flights_employees (employee_idx, flight_idx) VALUES (249, 257);
INSERT INTO public.flights_employees (employee_idx, flight_idx) VALUES (376, 190);
INSERT INTO public.flights_employees (employee_idx, flight_idx) VALUES (372, 97);
INSERT INTO public.flights_employees (employee_idx, flight_idx) VALUES (167, 94);
INSERT INTO public.flights_employees (employee_idx, flight_idx) VALUES (799, 67);
INSERT INTO public.flights_employees (employee_idx, flight_idx) VALUES (478, 224);
INSERT INTO public.flights_employees (employee_idx, flight_idx) VALUES (402, 270);
INSERT INTO public.flights_employees (employee_idx, flight_idx) VALUES (193, 125);
INSERT INTO public.flights_employees (employee_idx, flight_idx) VALUES (307, 159);
INSERT INTO public.flights_employees (employee_idx, flight_idx) VALUES (369, 105);
INSERT INTO public.flights_employees (employee_idx, flight_idx) VALUES (208, 223);
INSERT INTO public.flights_employees (employee_idx, flight_idx) VALUES (412, 282);
INSERT INTO public.flights_employees (employee_idx, flight_idx) VALUES (709, 189);
INSERT INTO public.flights_employees (employee_idx, flight_idx) VALUES (311, 59);
INSERT INTO public.flights_employees (employee_idx, flight_idx) VALUES (778, 201);
INSERT INTO public.flights_employees (employee_idx, flight_idx) VALUES (456, 267);
INSERT INTO public.flights_employees (employee_idx, flight_idx) VALUES (654, 34);
INSERT INTO public.flights_employees (employee_idx, flight_idx) VALUES (701, 246);
INSERT INTO public.flights_employees (employee_idx, flight_idx) VALUES (551, 183);
INSERT INTO public.flights_employees (employee_idx, flight_idx) VALUES (423, 19);
INSERT INTO public.flights_employees (employee_idx, flight_idx) VALUES (628, 145);
INSERT INTO public.flights_employees (employee_idx, flight_idx) VALUES (531, 213);
INSERT INTO public.flights_employees (employee_idx, flight_idx) VALUES (19, 88);
INSERT INTO public.flights_employees (employee_idx, flight_idx) VALUES (476, 82);
INSERT INTO public.flights_employees (employee_idx, flight_idx) VALUES (82, 207);
INSERT INTO public.flights_employees (employee_idx, flight_idx) VALUES (537, 25);
INSERT INTO public.flights_employees (employee_idx, flight_idx) VALUES (746, 164);
INSERT INTO public.flights_employees (employee_idx, flight_idx) VALUES (792, 63);
INSERT INTO public.flights_employees (employee_idx, flight_idx) VALUES (130, 80);
INSERT INTO public.flights_employees (employee_idx, flight_idx) VALUES (42, 90);
INSERT INTO public.flights_employees (employee_idx, flight_idx) VALUES (190, 152);
INSERT INTO public.flights_employees (employee_idx, flight_idx) VALUES (381, 82);
INSERT INTO public.flights_employees (employee_idx, flight_idx) VALUES (730, 75);
INSERT INTO public.flights_employees (employee_idx, flight_idx) VALUES (32, 76);
INSERT INTO public.flights_employees (employee_idx, flight_idx) VALUES (786, 244);
INSERT INTO public.flights_employees (employee_idx, flight_idx) VALUES (24, 273);
INSERT INTO public.flights_employees (employee_idx, flight_idx) VALUES (497, 118);
INSERT INTO public.flights_employees (employee_idx, flight_idx) VALUES (132, 298);
INSERT INTO public.flights_employees (employee_idx, flight_idx) VALUES (363, 27);
INSERT INTO public.flights_employees (employee_idx, flight_idx) VALUES (306, 260);
INSERT INTO public.flights_employees (employee_idx, flight_idx) VALUES (123, 265);
INSERT INTO public.flights_employees (employee_idx, flight_idx) VALUES (690, 68);
INSERT INTO public.flights_employees (employee_idx, flight_idx) VALUES (235, 213);
INSERT INTO public.flights_employees (employee_idx, flight_idx) VALUES (500, 177);
INSERT INTO public.flights_employees (employee_idx, flight_idx) VALUES (220, 263);
INSERT INTO public.flights_employees (employee_idx, flight_idx) VALUES (568, 246);
INSERT INTO public.flights_employees (employee_idx, flight_idx) VALUES (512, 219);
INSERT INTO public.flights_employees (employee_idx, flight_idx) VALUES (536, 255);
INSERT INTO public.flights_employees (employee_idx, flight_idx) VALUES (584, 207);
INSERT INTO public.flights_employees (employee_idx, flight_idx) VALUES (157, 209);
INSERT INTO public.flights_employees (employee_idx, flight_idx) VALUES (173, 252);
INSERT INTO public.flights_employees (employee_idx, flight_idx) VALUES (762, 250);
INSERT INTO public.flights_employees (employee_idx, flight_idx) VALUES (676, 48);
INSERT INTO public.flights_employees (employee_idx, flight_idx) VALUES (448, 253);
INSERT INTO public.flights_employees (employee_idx, flight_idx) VALUES (680, 249);
INSERT INTO public.flights_employees (employee_idx, flight_idx) VALUES (279, 99);
INSERT INTO public.flights_employees (employee_idx, flight_idx) VALUES (287, 72);
INSERT INTO public.flights_employees (employee_idx, flight_idx) VALUES (235, 285);
INSERT INTO public.flights_employees (employee_idx, flight_idx) VALUES (138, 203);
INSERT INTO public.flights_employees (employee_idx, flight_idx) VALUES (447, 56);
INSERT INTO public.flights_employees (employee_idx, flight_idx) VALUES (464, 296);
INSERT INTO public.flights_employees (employee_idx, flight_idx) VALUES (475, 135);
INSERT INTO public.flights_employees (employee_idx, flight_idx) VALUES (703, 239);
INSERT INTO public.flights_employees (employee_idx, flight_idx) VALUES (469, 160);
INSERT INTO public.flights_employees (employee_idx, flight_idx) VALUES (353, 188);
INSERT INTO public.flights_employees (employee_idx, flight_idx) VALUES (385, 158);
INSERT INTO public.flights_employees (employee_idx, flight_idx) VALUES (655, 142);
INSERT INTO public.flights_employees (employee_idx, flight_idx) VALUES (314, 241);
INSERT INTO public.flights_employees (employee_idx, flight_idx) VALUES (436, 270);
INSERT INTO public.flights_employees (employee_idx, flight_idx) VALUES (416, 117);
INSERT INTO public.flights_employees (employee_idx, flight_idx) VALUES (723, 120);
INSERT INTO public.flights_employees (employee_idx, flight_idx) VALUES (580, 195);
INSERT INTO public.flights_employees (employee_idx, flight_idx) VALUES (12, 297);
INSERT INTO public.flights_employees (employee_idx, flight_idx) VALUES (641, 290);
INSERT INTO public.flights_employees (employee_idx, flight_idx) VALUES (319, 212);
INSERT INTO public.flights_employees (employee_idx, flight_idx) VALUES (153, 47);
INSERT INTO public.flights_employees (employee_idx, flight_idx) VALUES (492, 155);
INSERT INTO public.flights_employees (employee_idx, flight_idx) VALUES (379, 57);
INSERT INTO public.flights_employees (employee_idx, flight_idx) VALUES (310, 129);
INSERT INTO public.flights_employees (employee_idx, flight_idx) VALUES (434, 254);
INSERT INTO public.flights_employees (employee_idx, flight_idx) VALUES (734, 215);
INSERT INTO public.flights_employees (employee_idx, flight_idx) VALUES (717, 4);
INSERT INTO public.flights_employees (employee_idx, flight_idx) VALUES (281, 131);
INSERT INTO public.flights_employees (employee_idx, flight_idx) VALUES (408, 167);
INSERT INTO public.flights_employees (employee_idx, flight_idx) VALUES (403, 175);
INSERT INTO public.flights_employees (employee_idx, flight_idx) VALUES (585, 244);
INSERT INTO public.flights_employees (employee_idx, flight_idx) VALUES (345, 60);
INSERT INTO public.flights_employees (employee_idx, flight_idx) VALUES (786, 86);
INSERT INTO public.flights_employees (employee_idx, flight_idx) VALUES (549, 250);
INSERT INTO public.flights_employees (employee_idx, flight_idx) VALUES (462, 204);
INSERT INTO public.flights_employees (employee_idx, flight_idx) VALUES (84, 10);
INSERT INTO public.flights_employees (employee_idx, flight_idx) VALUES (479, 17);
INSERT INTO public.flights_employees (employee_idx, flight_idx) VALUES (384, 254);
INSERT INTO public.flights_employees (employee_idx, flight_idx) VALUES (745, 74);
INSERT INTO public.flights_employees (employee_idx, flight_idx) VALUES (545, 230);
INSERT INTO public.flights_employees (employee_idx, flight_idx) VALUES (718, 240);
INSERT INTO public.flights_employees (employee_idx, flight_idx) VALUES (116, 182);
INSERT INTO public.flights_employees (employee_idx, flight_idx) VALUES (338, 214);
INSERT INTO public.flights_employees (employee_idx, flight_idx) VALUES (675, 232);
INSERT INTO public.flights_employees (employee_idx, flight_idx) VALUES (294, 105);
INSERT INTO public.flights_employees (employee_idx, flight_idx) VALUES (601, 277);
INSERT INTO public.flights_employees (employee_idx, flight_idx) VALUES (83, 115);
INSERT INTO public.flights_employees (employee_idx, flight_idx) VALUES (128, 82);
INSERT INTO public.flights_employees (employee_idx, flight_idx) VALUES (653, 295);
INSERT INTO public.flights_employees (employee_idx, flight_idx) VALUES (689, 59);
INSERT INTO public.flights_employees (employee_idx, flight_idx) VALUES (56, 1);
INSERT INTO public.flights_employees (employee_idx, flight_idx) VALUES (76, 213);
INSERT INTO public.flights_employees (employee_idx, flight_idx) VALUES (3, 151);
INSERT INTO public.flights_employees (employee_idx, flight_idx) VALUES (461, 100);
INSERT INTO public.flights_employees (employee_idx, flight_idx) VALUES (158, 88);
INSERT INTO public.flights_employees (employee_idx, flight_idx) VALUES (621, 162);
INSERT INTO public.flights_employees (employee_idx, flight_idx) VALUES (420, 247);
INSERT INTO public.flights_employees (employee_idx, flight_idx) VALUES (76, 99);
INSERT INTO public.flights_employees (employee_idx, flight_idx) VALUES (214, 139);
INSERT INTO public.flights_employees (employee_idx, flight_idx) VALUES (292, 17);
INSERT INTO public.flights_employees (employee_idx, flight_idx) VALUES (501, 297);
INSERT INTO public.flights_employees (employee_idx, flight_idx) VALUES (576, 296);
INSERT INTO public.flights_employees (employee_idx, flight_idx) VALUES (98, 280);
INSERT INTO public.flights_employees (employee_idx, flight_idx) VALUES (554, 29);
INSERT INTO public.flights_employees (employee_idx, flight_idx) VALUES (544, 178);
INSERT INTO public.flights_employees (employee_idx, flight_idx) VALUES (728, 292);
INSERT INTO public.flights_employees (employee_idx, flight_idx) VALUES (350, 18);
INSERT INTO public.flights_employees (employee_idx, flight_idx) VALUES (493, 197);
INSERT INTO public.flights_employees (employee_idx, flight_idx) VALUES (692, 183);
INSERT INTO public.flights_employees (employee_idx, flight_idx) VALUES (793, 283);
INSERT INTO public.flights_employees (employee_idx, flight_idx) VALUES (122, 237);
INSERT INTO public.flights_employees (employee_idx, flight_idx) VALUES (719, 157);
INSERT INTO public.flights_employees (employee_idx, flight_idx) VALUES (653, 108);
INSERT INTO public.flights_employees (employee_idx, flight_idx) VALUES (592, 207);
INSERT INTO public.flights_employees (employee_idx, flight_idx) VALUES (257, 119);
INSERT INTO public.flights_employees (employee_idx, flight_idx) VALUES (444, 149);
INSERT INTO public.flights_employees (employee_idx, flight_idx) VALUES (84, 77);
INSERT INTO public.flights_employees (employee_idx, flight_idx) VALUES (697, 70);
INSERT INTO public.flights_employees (employee_idx, flight_idx) VALUES (719, 238);
INSERT INTO public.flights_employees (employee_idx, flight_idx) VALUES (138, 266);
INSERT INTO public.flights_employees (employee_idx, flight_idx) VALUES (103, 75);
INSERT INTO public.flights_employees (employee_idx, flight_idx) VALUES (502, 98);
INSERT INTO public.flights_employees (employee_idx, flight_idx) VALUES (604, 243);
INSERT INTO public.flights_employees (employee_idx, flight_idx) VALUES (433, 147);
INSERT INTO public.flights_employees (employee_idx, flight_idx) VALUES (199, 291);
INSERT INTO public.flights_employees (employee_idx, flight_idx) VALUES (790, 224);
INSERT INTO public.flights_employees (employee_idx, flight_idx) VALUES (581, 154);
INSERT INTO public.flights_employees (employee_idx, flight_idx) VALUES (342, 56);
INSERT INTO public.flights_employees (employee_idx, flight_idx) VALUES (399, 294);
INSERT INTO public.flights_employees (employee_idx, flight_idx) VALUES (62, 299);
INSERT INTO public.flights_employees (employee_idx, flight_idx) VALUES (214, 225);
INSERT INTO public.flights_employees (employee_idx, flight_idx) VALUES (233, 27);
INSERT INTO public.flights_employees (employee_idx, flight_idx) VALUES (64, 187);
INSERT INTO public.flights_employees (employee_idx, flight_idx) VALUES (120, 161);
INSERT INTO public.flights_employees (employee_idx, flight_idx) VALUES (111, 49);
INSERT INTO public.flights_employees (employee_idx, flight_idx) VALUES (743, 2);
INSERT INTO public.flights_employees (employee_idx, flight_idx) VALUES (779, 224);
INSERT INTO public.flights_employees (employee_idx, flight_idx) VALUES (412, 78);
INSERT INTO public.flights_employees (employee_idx, flight_idx) VALUES (540, 196);
INSERT INTO public.flights_employees (employee_idx, flight_idx) VALUES (357, 31);
INSERT INTO public.flights_employees (employee_idx, flight_idx) VALUES (565, 20);
INSERT INTO public.flights_employees (employee_idx, flight_idx) VALUES (172, 52);
INSERT INTO public.flights_employees (employee_idx, flight_idx) VALUES (237, 162);
INSERT INTO public.flights_employees (employee_idx, flight_idx) VALUES (335, 188);
INSERT INTO public.flights_employees (employee_idx, flight_idx) VALUES (75, 289);
INSERT INTO public.flights_employees (employee_idx, flight_idx) VALUES (798, 252);
INSERT INTO public.flights_employees (employee_idx, flight_idx) VALUES (442, 14);
INSERT INTO public.flights_employees (employee_idx, flight_idx) VALUES (674, 33);
INSERT INTO public.flights_employees (employee_idx, flight_idx) VALUES (195, 38);
INSERT INTO public.flights_employees (employee_idx, flight_idx) VALUES (424, 14);
INSERT INTO public.flights_employees (employee_idx, flight_idx) VALUES (187, 172);
INSERT INTO public.flights_employees (employee_idx, flight_idx) VALUES (7, 143);
INSERT INTO public.flights_employees (employee_idx, flight_idx) VALUES (734, 28);
INSERT INTO public.flights_employees (employee_idx, flight_idx) VALUES (136, 252);
INSERT INTO public.flights_employees (employee_idx, flight_idx) VALUES (679, 68);
INSERT INTO public.flights_employees (employee_idx, flight_idx) VALUES (125, 261);
INSERT INTO public.flights_employees (employee_idx, flight_idx) VALUES (760, 63);
INSERT INTO public.flights_employees (employee_idx, flight_idx) VALUES (323, 109);
INSERT INTO public.flights_employees (employee_idx, flight_idx) VALUES (681, 122);
INSERT INTO public.flights_employees (employee_idx, flight_idx) VALUES (384, 124);
INSERT INTO public.flights_employees (employee_idx, flight_idx) VALUES (423, 257);
INSERT INTO public.flights_employees (employee_idx, flight_idx) VALUES (82, 128);
INSERT INTO public.flights_employees (employee_idx, flight_idx) VALUES (764, 147);
INSERT INTO public.flights_employees (employee_idx, flight_idx) VALUES (230, 100);
INSERT INTO public.flights_employees (employee_idx, flight_idx) VALUES (101, 63);
INSERT INTO public.flights_employees (employee_idx, flight_idx) VALUES (572, 18);
INSERT INTO public.flights_employees (employee_idx, flight_idx) VALUES (271, 191);
INSERT INTO public.flights_employees (employee_idx, flight_idx) VALUES (259, 136);
INSERT INTO public.flights_employees (employee_idx, flight_idx) VALUES (289, 116);
INSERT INTO public.flights_employees (employee_idx, flight_idx) VALUES (708, 114);
INSERT INTO public.flights_employees (employee_idx, flight_idx) VALUES (361, 181);
INSERT INTO public.flights_employees (employee_idx, flight_idx) VALUES (132, 257);
INSERT INTO public.flights_employees (employee_idx, flight_idx) VALUES (574, 289);
INSERT INTO public.flights_employees (employee_idx, flight_idx) VALUES (694, 260);
INSERT INTO public.flights_employees (employee_idx, flight_idx) VALUES (663, 176);
INSERT INTO public.flights_employees (employee_idx, flight_idx) VALUES (559, 67);
INSERT INTO public.flights_employees (employee_idx, flight_idx) VALUES (372, 74);
INSERT INTO public.flights_employees (employee_idx, flight_idx) VALUES (466, 263);
INSERT INTO public.flights_employees (employee_idx, flight_idx) VALUES (250, 179);
INSERT INTO public.flights_employees (employee_idx, flight_idx) VALUES (610, 253);
INSERT INTO public.flights_employees (employee_idx, flight_idx) VALUES (348, 205);
INSERT INTO public.flights_employees (employee_idx, flight_idx) VALUES (469, 129);
INSERT INTO public.flights_employees (employee_idx, flight_idx) VALUES (21, 105);
INSERT INTO public.flights_employees (employee_idx, flight_idx) VALUES (134, 188);
INSERT INTO public.flights_employees (employee_idx, flight_idx) VALUES (644, 64);
INSERT INTO public.flights_employees (employee_idx, flight_idx) VALUES (288, 125);
INSERT INTO public.flights_employees (employee_idx, flight_idx) VALUES (386, 287);
INSERT INTO public.flights_employees (employee_idx, flight_idx) VALUES (663, 14);
INSERT INTO public.flights_employees (employee_idx, flight_idx) VALUES (566, 42);
INSERT INTO public.flights_employees (employee_idx, flight_idx) VALUES (383, 110);
INSERT INTO public.flights_employees (employee_idx, flight_idx) VALUES (77, 209);
INSERT INTO public.flights_employees (employee_idx, flight_idx) VALUES (66, 164);
INSERT INTO public.flights_employees (employee_idx, flight_idx) VALUES (654, 7);
INSERT INTO public.flights_employees (employee_idx, flight_idx) VALUES (459, 5);
INSERT INTO public.flights_employees (employee_idx, flight_idx) VALUES (351, 294);
INSERT INTO public.flights_employees (employee_idx, flight_idx) VALUES (112, 46);
INSERT INTO public.flights_employees (employee_idx, flight_idx) VALUES (578, 106);
INSERT INTO public.flights_employees (employee_idx, flight_idx) VALUES (421, 14);
INSERT INTO public.flights_employees (employee_idx, flight_idx) VALUES (521, 5);
INSERT INTO public.flights_employees (employee_idx, flight_idx) VALUES (555, 191);
INSERT INTO public.flights_employees (employee_idx, flight_idx) VALUES (329, 194);
INSERT INTO public.flights_employees (employee_idx, flight_idx) VALUES (599, 272);
INSERT INTO public.flights_employees (employee_idx, flight_idx) VALUES (33, 165);
INSERT INTO public.flights_employees (employee_idx, flight_idx) VALUES (577, 118);
INSERT INTO public.flights_employees (employee_idx, flight_idx) VALUES (451, 269);
INSERT INTO public.flights_employees (employee_idx, flight_idx) VALUES (132, 1);
INSERT INTO public.flights_employees (employee_idx, flight_idx) VALUES (557, 183);
INSERT INTO public.flights_employees (employee_idx, flight_idx) VALUES (704, 94);
INSERT INTO public.flights_employees (employee_idx, flight_idx) VALUES (130, 197);
INSERT INTO public.flights_employees (employee_idx, flight_idx) VALUES (642, 248);
INSERT INTO public.flights_employees (employee_idx, flight_idx) VALUES (687, 54);
INSERT INTO public.flights_employees (employee_idx, flight_idx) VALUES (204, 291);
INSERT INTO public.flights_employees (employee_idx, flight_idx) VALUES (472, 39);
INSERT INTO public.flights_employees (employee_idx, flight_idx) VALUES (347, 98);
INSERT INTO public.flights_employees (employee_idx, flight_idx) VALUES (766, 214);
INSERT INTO public.flights_employees (employee_idx, flight_idx) VALUES (232, 224);
INSERT INTO public.flights_employees (employee_idx, flight_idx) VALUES (658, 103);
INSERT INTO public.flights_employees (employee_idx, flight_idx) VALUES (146, 134);
INSERT INTO public.flights_employees (employee_idx, flight_idx) VALUES (139, 281);
INSERT INTO public.flights_employees (employee_idx, flight_idx) VALUES (10, 145);
INSERT INTO public.flights_employees (employee_idx, flight_idx) VALUES (726, 51);
INSERT INTO public.flights_employees (employee_idx, flight_idx) VALUES (279, 41);
INSERT INTO public.flights_employees (employee_idx, flight_idx) VALUES (197, 64);
INSERT INTO public.flights_employees (employee_idx, flight_idx) VALUES (28, 274);
INSERT INTO public.flights_employees (employee_idx, flight_idx) VALUES (507, 288);
INSERT INTO public.flights_employees (employee_idx, flight_idx) VALUES (233, 170);
INSERT INTO public.flights_employees (employee_idx, flight_idx) VALUES (223, 160);
INSERT INTO public.flights_employees (employee_idx, flight_idx) VALUES (529, 97);
INSERT INTO public.flights_employees (employee_idx, flight_idx) VALUES (282, 204);
INSERT INTO public.flights_employees (employee_idx, flight_idx) VALUES (484, 11);
INSERT INTO public.flights_employees (employee_idx, flight_idx) VALUES (212, 127);
INSERT INTO public.flights_employees (employee_idx, flight_idx) VALUES (238, 151);
INSERT INTO public.flights_employees (employee_idx, flight_idx) VALUES (205, 13);
INSERT INTO public.flights_employees (employee_idx, flight_idx) VALUES (6, 50);
INSERT INTO public.flights_employees (employee_idx, flight_idx) VALUES (578, 154);
INSERT INTO public.flights_employees (employee_idx, flight_idx) VALUES (234, 238);
INSERT INTO public.flights_employees (employee_idx, flight_idx) VALUES (397, 293);
INSERT INTO public.flights_employees (employee_idx, flight_idx) VALUES (82, 111);
INSERT INTO public.flights_employees (employee_idx, flight_idx) VALUES (750, 133);
INSERT INTO public.flights_employees (employee_idx, flight_idx) VALUES (440, 23);
INSERT INTO public.flights_employees (employee_idx, flight_idx) VALUES (613, 270);
INSERT INTO public.flights_employees (employee_idx, flight_idx) VALUES (712, 19);
INSERT INTO public.flights_employees (employee_idx, flight_idx) VALUES (13, 135);
INSERT INTO public.flights_employees (employee_idx, flight_idx) VALUES (609, 288);
INSERT INTO public.flights_employees (employee_idx, flight_idx) VALUES (60, 39);
INSERT INTO public.flights_employees (employee_idx, flight_idx) VALUES (40, 278);
INSERT INTO public.flights_employees (employee_idx, flight_idx) VALUES (138, 294);
INSERT INTO public.flights_employees (employee_idx, flight_idx) VALUES (507, 216);
INSERT INTO public.flights_employees (employee_idx, flight_idx) VALUES (325, 235);
INSERT INTO public.flights_employees (employee_idx, flight_idx) VALUES (707, 22);
INSERT INTO public.flights_employees (employee_idx, flight_idx) VALUES (19, 260);
INSERT INTO public.flights_employees (employee_idx, flight_idx) VALUES (291, 91);
INSERT INTO public.flights_employees (employee_idx, flight_idx) VALUES (776, 148);
INSERT INTO public.flights_employees (employee_idx, flight_idx) VALUES (260, 81);
INSERT INTO public.flights_employees (employee_idx, flight_idx) VALUES (57, 15);
INSERT INTO public.flights_employees (employee_idx, flight_idx) VALUES (37, 106);
INSERT INTO public.flights_employees (employee_idx, flight_idx) VALUES (551, 234);
INSERT INTO public.flights_employees (employee_idx, flight_idx) VALUES (493, 158);
INSERT INTO public.flights_employees (employee_idx, flight_idx) VALUES (526, 27);
INSERT INTO public.flights_employees (employee_idx, flight_idx) VALUES (12, 45);
INSERT INTO public.flights_employees (employee_idx, flight_idx) VALUES (701, 263);
INSERT INTO public.flights_employees (employee_idx, flight_idx) VALUES (298, 13);
INSERT INTO public.flights_employees (employee_idx, flight_idx) VALUES (183, 277);
INSERT INTO public.flights_employees (employee_idx, flight_idx) VALUES (731, 196);
INSERT INTO public.flights_employees (employee_idx, flight_idx) VALUES (511, 225);
INSERT INTO public.flights_employees (employee_idx, flight_idx) VALUES (633, 258);
INSERT INTO public.flights_employees (employee_idx, flight_idx) VALUES (209, 69);
INSERT INTO public.flights_employees (employee_idx, flight_idx) VALUES (731, 98);
INSERT INTO public.flights_employees (employee_idx, flight_idx) VALUES (431, 122);
INSERT INTO public.flights_employees (employee_idx, flight_idx) VALUES (345, 90);
INSERT INTO public.flights_employees (employee_idx, flight_idx) VALUES (470, 112);
INSERT INTO public.flights_employees (employee_idx, flight_idx) VALUES (473, 169);
INSERT INTO public.flights_employees (employee_idx, flight_idx) VALUES (11, 141);
INSERT INTO public.flights_employees (employee_idx, flight_idx) VALUES (775, 92);
INSERT INTO public.flights_employees (employee_idx, flight_idx) VALUES (13, 275);
INSERT INTO public.flights_employees (employee_idx, flight_idx) VALUES (295, 26);
INSERT INTO public.flights_employees (employee_idx, flight_idx) VALUES (637, 282);
INSERT INTO public.flights_employees (employee_idx, flight_idx) VALUES (671, 203);
INSERT INTO public.flights_employees (employee_idx, flight_idx) VALUES (215, 51);
INSERT INTO public.flights_employees (employee_idx, flight_idx) VALUES (557, 107);
INSERT INTO public.flights_employees (employee_idx, flight_idx) VALUES (83, 6);
INSERT INTO public.flights_employees (employee_idx, flight_idx) VALUES (494, 164);
INSERT INTO public.flights_employees (employee_idx, flight_idx) VALUES (331, 291);
INSERT INTO public.flights_employees (employee_idx, flight_idx) VALUES (571, 146);
INSERT INTO public.flights_employees (employee_idx, flight_idx) VALUES (726, 131);
INSERT INTO public.flights_employees (employee_idx, flight_idx) VALUES (650, 229);
INSERT INTO public.flights_employees (employee_idx, flight_idx) VALUES (659, 207);
INSERT INTO public.flights_employees (employee_idx, flight_idx) VALUES (452, 186);
INSERT INTO public.flights_employees (employee_idx, flight_idx) VALUES (176, 229);
INSERT INTO public.flights_employees (employee_idx, flight_idx) VALUES (417, 81);
INSERT INTO public.flights_employees (employee_idx, flight_idx) VALUES (605, 165);
INSERT INTO public.flights_employees (employee_idx, flight_idx) VALUES (683, 193);
INSERT INTO public.flights_employees (employee_idx, flight_idx) VALUES (579, 158);
INSERT INTO public.flights_employees (employee_idx, flight_idx) VALUES (614, 17);
INSERT INTO public.flights_employees (employee_idx, flight_idx) VALUES (715, 125);
INSERT INTO public.flights_employees (employee_idx, flight_idx) VALUES (127, 248);
INSERT INTO public.flights_employees (employee_idx, flight_idx) VALUES (95, 266);
INSERT INTO public.flights_employees (employee_idx, flight_idx) VALUES (213, 122);
INSERT INTO public.flights_employees (employee_idx, flight_idx) VALUES (115, 243);
INSERT INTO public.flights_employees (employee_idx, flight_idx) VALUES (644, 278);
INSERT INTO public.flights_employees (employee_idx, flight_idx) VALUES (305, 35);
INSERT INTO public.flights_employees (employee_idx, flight_idx) VALUES (658, 277);
INSERT INTO public.flights_employees (employee_idx, flight_idx) VALUES (27, 170);
INSERT INTO public.flights_employees (employee_idx, flight_idx) VALUES (448, 91);
INSERT INTO public.flights_employees (employee_idx, flight_idx) VALUES (606, 235);
INSERT INTO public.flights_employees (employee_idx, flight_idx) VALUES (317, 269);
INSERT INTO public.flights_employees (employee_idx, flight_idx) VALUES (669, 116);
INSERT INTO public.flights_employees (employee_idx, flight_idx) VALUES (410, 155);
INSERT INTO public.flights_employees (employee_idx, flight_idx) VALUES (447, 154);
INSERT INTO public.flights_employees (employee_idx, flight_idx) VALUES (662, 235);
INSERT INTO public.flights_employees (employee_idx, flight_idx) VALUES (263, 198);
INSERT INTO public.flights_employees (employee_idx, flight_idx) VALUES (772, 189);
INSERT INTO public.flights_employees (employee_idx, flight_idx) VALUES (638, 201);
INSERT INTO public.flights_employees (employee_idx, flight_idx) VALUES (120, 46);
INSERT INTO public.flights_employees (employee_idx, flight_idx) VALUES (436, 226);
INSERT INTO public.flights_employees (employee_idx, flight_idx) VALUES (682, 34);
INSERT INTO public.flights_employees (employee_idx, flight_idx) VALUES (150, 267);
INSERT INTO public.flights_employees (employee_idx, flight_idx) VALUES (205, 73);
INSERT INTO public.flights_employees (employee_idx, flight_idx) VALUES (423, 234);
INSERT INTO public.flights_employees (employee_idx, flight_idx) VALUES (778, 186);
INSERT INTO public.flights_employees (employee_idx, flight_idx) VALUES (557, 286);
INSERT INTO public.flights_employees (employee_idx, flight_idx) VALUES (588, 106);
INSERT INTO public.flights_employees (employee_idx, flight_idx) VALUES (65, 284);
INSERT INTO public.flights_employees (employee_idx, flight_idx) VALUES (428, 113);
INSERT INTO public.flights_employees (employee_idx, flight_idx) VALUES (358, 68);
INSERT INTO public.flights_employees (employee_idx, flight_idx) VALUES (783, 38);
INSERT INTO public.flights_employees (employee_idx, flight_idx) VALUES (81, 125);
INSERT INTO public.flights_employees (employee_idx, flight_idx) VALUES (747, 190);
INSERT INTO public.flights_employees (employee_idx, flight_idx) VALUES (529, 279);
INSERT INTO public.flights_employees (employee_idx, flight_idx) VALUES (773, 216);
INSERT INTO public.flights_employees (employee_idx, flight_idx) VALUES (539, 241);
INSERT INTO public.flights_employees (employee_idx, flight_idx) VALUES (715, 208);
INSERT INTO public.flights_employees (employee_idx, flight_idx) VALUES (311, 83);
INSERT INTO public.flights_employees (employee_idx, flight_idx) VALUES (469, 72);
INSERT INTO public.flights_employees (employee_idx, flight_idx) VALUES (182, 191);
INSERT INTO public.flights_employees (employee_idx, flight_idx) VALUES (799, 202);
INSERT INTO public.flights_employees (employee_idx, flight_idx) VALUES (573, 69);
INSERT INTO public.flights_employees (employee_idx, flight_idx) VALUES (284, 171);
INSERT INTO public.flights_employees (employee_idx, flight_idx) VALUES (109, 256);
INSERT INTO public.flights_employees (employee_idx, flight_idx) VALUES (686, 87);
INSERT INTO public.flights_employees (employee_idx, flight_idx) VALUES (138, 195);
INSERT INTO public.flights_employees (employee_idx, flight_idx) VALUES (90, 88);
INSERT INTO public.flights_employees (employee_idx, flight_idx) VALUES (319, 15);
INSERT INTO public.flights_employees (employee_idx, flight_idx) VALUES (102, 62);
INSERT INTO public.flights_employees (employee_idx, flight_idx) VALUES (210, 210);
INSERT INTO public.flights_employees (employee_idx, flight_idx) VALUES (204, 25);
INSERT INTO public.flights_employees (employee_idx, flight_idx) VALUES (463, 105);
INSERT INTO public.flights_employees (employee_idx, flight_idx) VALUES (170, 104);
INSERT INTO public.flights_employees (employee_idx, flight_idx) VALUES (363, 194);
INSERT INTO public.flights_employees (employee_idx, flight_idx) VALUES (359, 216);
INSERT INTO public.flights_employees (employee_idx, flight_idx) VALUES (330, 286);
INSERT INTO public.flights_employees (employee_idx, flight_idx) VALUES (645, 285);
INSERT INTO public.flights_employees (employee_idx, flight_idx) VALUES (539, 124);
INSERT INTO public.flights_employees (employee_idx, flight_idx) VALUES (360, 127);
INSERT INTO public.flights_employees (employee_idx, flight_idx) VALUES (703, 214);
INSERT INTO public.flights_employees (employee_idx, flight_idx) VALUES (569, 89);
INSERT INTO public.flights_employees (employee_idx, flight_idx) VALUES (258, 102);
INSERT INTO public.flights_employees (employee_idx, flight_idx) VALUES (595, 56);
INSERT INTO public.flights_employees (employee_idx, flight_idx) VALUES (778, 243);
INSERT INTO public.flights_employees (employee_idx, flight_idx) VALUES (596, 77);
INSERT INTO public.flights_employees (employee_idx, flight_idx) VALUES (231, 189);
INSERT INTO public.flights_employees (employee_idx, flight_idx) VALUES (518, 41);
INSERT INTO public.flights_employees (employee_idx, flight_idx) VALUES (435, 237);
INSERT INTO public.flights_employees (employee_idx, flight_idx) VALUES (379, 239);
INSERT INTO public.flights_employees (employee_idx, flight_idx) VALUES (270, 234);
INSERT INTO public.flights_employees (employee_idx, flight_idx) VALUES (27, 61);
INSERT INTO public.flights_employees (employee_idx, flight_idx) VALUES (501, 110);
INSERT INTO public.flights_employees (employee_idx, flight_idx) VALUES (677, 271);
INSERT INTO public.flights_employees (employee_idx, flight_idx) VALUES (12, 227);
INSERT INTO public.flights_employees (employee_idx, flight_idx) VALUES (683, 228);
INSERT INTO public.flights_employees (employee_idx, flight_idx) VALUES (65, 104);
INSERT INTO public.flights_employees (employee_idx, flight_idx) VALUES (601, 56);
INSERT INTO public.flights_employees (employee_idx, flight_idx) VALUES (528, 85);
INSERT INTO public.flights_employees (employee_idx, flight_idx) VALUES (25, 193);
INSERT INTO public.flights_employees (employee_idx, flight_idx) VALUES (327, 186);
INSERT INTO public.flights_employees (employee_idx, flight_idx) VALUES (401, 236);
INSERT INTO public.flights_employees (employee_idx, flight_idx) VALUES (167, 186);
INSERT INTO public.flights_employees (employee_idx, flight_idx) VALUES (318, 60);
INSERT INTO public.flights_employees (employee_idx, flight_idx) VALUES (301, 51);
INSERT INTO public.flights_employees (employee_idx, flight_idx) VALUES (612, 63);
INSERT INTO public.flights_employees (employee_idx, flight_idx) VALUES (754, 245);
INSERT INTO public.flights_employees (employee_idx, flight_idx) VALUES (648, 208);
INSERT INTO public.flights_employees (employee_idx, flight_idx) VALUES (760, 27);
INSERT INTO public.flights_employees (employee_idx, flight_idx) VALUES (18, 180);
INSERT INTO public.flights_employees (employee_idx, flight_idx) VALUES (636, 78);
INSERT INTO public.flights_employees (employee_idx, flight_idx) VALUES (195, 259);
INSERT INTO public.flights_employees (employee_idx, flight_idx) VALUES (419, 83);
INSERT INTO public.flights_employees (employee_idx, flight_idx) VALUES (107, 122);
INSERT INTO public.flights_employees (employee_idx, flight_idx) VALUES (219, 160);
INSERT INTO public.flights_employees (employee_idx, flight_idx) VALUES (742, 156);
INSERT INTO public.flights_employees (employee_idx, flight_idx) VALUES (54, 33);
INSERT INTO public.flights_employees (employee_idx, flight_idx) VALUES (52, 187);
INSERT INTO public.flights_employees (employee_idx, flight_idx) VALUES (769, 79);
INSERT INTO public.flights_employees (employee_idx, flight_idx) VALUES (763, 105);
INSERT INTO public.flights_employees (employee_idx, flight_idx) VALUES (797, 37);
INSERT INTO public.flights_employees (employee_idx, flight_idx) VALUES (331, 78);
INSERT INTO public.flights_employees (employee_idx, flight_idx) VALUES (155, 237);
INSERT INTO public.flights_employees (employee_idx, flight_idx) VALUES (221, 54);
INSERT INTO public.flights_employees (employee_idx, flight_idx) VALUES (37, 72);
INSERT INTO public.flights_employees (employee_idx, flight_idx) VALUES (168, 4);
INSERT INTO public.flights_employees (employee_idx, flight_idx) VALUES (135, 164);
INSERT INTO public.flights_employees (employee_idx, flight_idx) VALUES (77, 158);
INSERT INTO public.flights_employees (employee_idx, flight_idx) VALUES (302, 263);
INSERT INTO public.flights_employees (employee_idx, flight_idx) VALUES (556, 89);
INSERT INTO public.flights_employees (employee_idx, flight_idx) VALUES (343, 40);
INSERT INTO public.flights_employees (employee_idx, flight_idx) VALUES (192, 79);
INSERT INTO public.flights_employees (employee_idx, flight_idx) VALUES (458, 269);
INSERT INTO public.flights_employees (employee_idx, flight_idx) VALUES (284, 255);
INSERT INTO public.flights_employees (employee_idx, flight_idx) VALUES (799, 26);
INSERT INTO public.flights_employees (employee_idx, flight_idx) VALUES (473, 61);
INSERT INTO public.flights_employees (employee_idx, flight_idx) VALUES (577, 20);
INSERT INTO public.flights_employees (employee_idx, flight_idx) VALUES (566, 259);
INSERT INTO public.flights_employees (employee_idx, flight_idx) VALUES (421, 238);
INSERT INTO public.flights_employees (employee_idx, flight_idx) VALUES (453, 211);
INSERT INTO public.flights_employees (employee_idx, flight_idx) VALUES (25, 96);
INSERT INTO public.flights_employees (employee_idx, flight_idx) VALUES (358, 81);
INSERT INTO public.flights_employees (employee_idx, flight_idx) VALUES (324, 116);
INSERT INTO public.flights_employees (employee_idx, flight_idx) VALUES (586, 118);
INSERT INTO public.flights_employees (employee_idx, flight_idx) VALUES (712, 66);
INSERT INTO public.flights_employees (employee_idx, flight_idx) VALUES (137, 246);
INSERT INTO public.flights_employees (employee_idx, flight_idx) VALUES (228, 253);
INSERT INTO public.flights_employees (employee_idx, flight_idx) VALUES (747, 23);
INSERT INTO public.flights_employees (employee_idx, flight_idx) VALUES (250, 76);
INSERT INTO public.flights_employees (employee_idx, flight_idx) VALUES (59, 83);
INSERT INTO public.flights_employees (employee_idx, flight_idx) VALUES (637, 13);
INSERT INTO public.flights_employees (employee_idx, flight_idx) VALUES (770, 177);
INSERT INTO public.flights_employees (employee_idx, flight_idx) VALUES (121, 262);
INSERT INTO public.flights_employees (employee_idx, flight_idx) VALUES (45, 91);
INSERT INTO public.flights_employees (employee_idx, flight_idx) VALUES (152, 80);
INSERT INTO public.flights_employees (employee_idx, flight_idx) VALUES (267, 42);
INSERT INTO public.flights_employees (employee_idx, flight_idx) VALUES (735, 128);
INSERT INTO public.flights_employees (employee_idx, flight_idx) VALUES (719, 286);
INSERT INTO public.flights_employees (employee_idx, flight_idx) VALUES (732, 187);
INSERT INTO public.flights_employees (employee_idx, flight_idx) VALUES (408, 196);
INSERT INTO public.flights_employees (employee_idx, flight_idx) VALUES (10, 266);
INSERT INTO public.flights_employees (employee_idx, flight_idx) VALUES (388, 236);
INSERT INTO public.flights_employees (employee_idx, flight_idx) VALUES (163, 155);
INSERT INTO public.flights_employees (employee_idx, flight_idx) VALUES (133, 189);
INSERT INTO public.flights_employees (employee_idx, flight_idx) VALUES (309, 34);
INSERT INTO public.flights_employees (employee_idx, flight_idx) VALUES (685, 265);
INSERT INTO public.flights_employees (employee_idx, flight_idx) VALUES (476, 221);
INSERT INTO public.flights_employees (employee_idx, flight_idx) VALUES (167, 223);
INSERT INTO public.flights_employees (employee_idx, flight_idx) VALUES (430, 159);
INSERT INTO public.flights_employees (employee_idx, flight_idx) VALUES (558, 134);
INSERT INTO public.flights_employees (employee_idx, flight_idx) VALUES (370, 221);
INSERT INTO public.flights_employees (employee_idx, flight_idx) VALUES (442, 96);
INSERT INTO public.flights_employees (employee_idx, flight_idx) VALUES (771, 111);
INSERT INTO public.flights_employees (employee_idx, flight_idx) VALUES (123, 96);
INSERT INTO public.flights_employees (employee_idx, flight_idx) VALUES (456, 75);
INSERT INTO public.flights_employees (employee_idx, flight_idx) VALUES (744, 216);
INSERT INTO public.flights_employees (employee_idx, flight_idx) VALUES (584, 173);
INSERT INTO public.flights_employees (employee_idx, flight_idx) VALUES (93, 179);
INSERT INTO public.flights_employees (employee_idx, flight_idx) VALUES (484, 110);
INSERT INTO public.flights_employees (employee_idx, flight_idx) VALUES (423, 8);
INSERT INTO public.flights_employees (employee_idx, flight_idx) VALUES (178, 44);
INSERT INTO public.flights_employees (employee_idx, flight_idx) VALUES (10, 101);
INSERT INTO public.flights_employees (employee_idx, flight_idx) VALUES (170, 100);
INSERT INTO public.flights_employees (employee_idx, flight_idx) VALUES (241, 220);
INSERT INTO public.flights_employees (employee_idx, flight_idx) VALUES (117, 221);
INSERT INTO public.flights_employees (employee_idx, flight_idx) VALUES (181, 224);
INSERT INTO public.flights_employees (employee_idx, flight_idx) VALUES (285, 28);
INSERT INTO public.flights_employees (employee_idx, flight_idx) VALUES (31, 279);
INSERT INTO public.flights_employees (employee_idx, flight_idx) VALUES (220, 60);
INSERT INTO public.flights_employees (employee_idx, flight_idx) VALUES (220, 43);
INSERT INTO public.flights_employees (employee_idx, flight_idx) VALUES (404, 189);
INSERT INTO public.flights_employees (employee_idx, flight_idx) VALUES (409, 176);
INSERT INTO public.flights_employees (employee_idx, flight_idx) VALUES (310, 110);
INSERT INTO public.flights_employees (employee_idx, flight_idx) VALUES (631, 138);
INSERT INTO public.flights_employees (employee_idx, flight_idx) VALUES (251, 68);
INSERT INTO public.flights_employees (employee_idx, flight_idx) VALUES (184, 265);
INSERT INTO public.flights_employees (employee_idx, flight_idx) VALUES (486, 225);
INSERT INTO public.flights_employees (employee_idx, flight_idx) VALUES (413, 204);
INSERT INTO public.flights_employees (employee_idx, flight_idx) VALUES (243, 235);
INSERT INTO public.flights_employees (employee_idx, flight_idx) VALUES (799, 149);
INSERT INTO public.flights_employees (employee_idx, flight_idx) VALUES (478, 228);
INSERT INTO public.flights_employees (employee_idx, flight_idx) VALUES (658, 163);
INSERT INTO public.flights_employees (employee_idx, flight_idx) VALUES (154, 158);
INSERT INTO public.flights_employees (employee_idx, flight_idx) VALUES (333, 99);
INSERT INTO public.flights_employees (employee_idx, flight_idx) VALUES (199, 19);
INSERT INTO public.flights_employees (employee_idx, flight_idx) VALUES (76, 236);
INSERT INTO public.flights_employees (employee_idx, flight_idx) VALUES (624, 255);
INSERT INTO public.flights_employees (employee_idx, flight_idx) VALUES (690, 276);
INSERT INTO public.flights_employees (employee_idx, flight_idx) VALUES (471, 47);
INSERT INTO public.flights_employees (employee_idx, flight_idx) VALUES (413, 77);
INSERT INTO public.flights_employees (employee_idx, flight_idx) VALUES (622, 194);
INSERT INTO public.flights_employees (employee_idx, flight_idx) VALUES (67, 176);
INSERT INTO public.flights_employees (employee_idx, flight_idx) VALUES (516, 138);
INSERT INTO public.flights_employees (employee_idx, flight_idx) VALUES (132, 193);
INSERT INTO public.flights_employees (employee_idx, flight_idx) VALUES (746, 102);
INSERT INTO public.flights_employees (employee_idx, flight_idx) VALUES (127, 69);
INSERT INTO public.flights_employees (employee_idx, flight_idx) VALUES (487, 114);
INSERT INTO public.flights_employees (employee_idx, flight_idx) VALUES (116, 187);
INSERT INTO public.flights_employees (employee_idx, flight_idx) VALUES (718, 33);
INSERT INTO public.flights_employees (employee_idx, flight_idx) VALUES (181, 22);
INSERT INTO public.flights_employees (employee_idx, flight_idx) VALUES (355, 260);
INSERT INTO public.flights_employees (employee_idx, flight_idx) VALUES (279, 269);
INSERT INTO public.flights_employees (employee_idx, flight_idx) VALUES (728, 281);
INSERT INTO public.flights_employees (employee_idx, flight_idx) VALUES (732, 243);
INSERT INTO public.flights_employees (employee_idx, flight_idx) VALUES (296, 190);
INSERT INTO public.flights_employees (employee_idx, flight_idx) VALUES (136, 67);
INSERT INTO public.flights_employees (employee_idx, flight_idx) VALUES (734, 250);
INSERT INTO public.flights_employees (employee_idx, flight_idx) VALUES (525, 160);
INSERT INTO public.flights_employees (employee_idx, flight_idx) VALUES (204, 232);
INSERT INTO public.flights_employees (employee_idx, flight_idx) VALUES (378, 64);
INSERT INTO public.flights_employees (employee_idx, flight_idx) VALUES (397, 77);
INSERT INTO public.flights_employees (employee_idx, flight_idx) VALUES (566, 109);
INSERT INTO public.flights_employees (employee_idx, flight_idx) VALUES (693, 151);
INSERT INTO public.flights_employees (employee_idx, flight_idx) VALUES (507, 26);
INSERT INTO public.flights_employees (employee_idx, flight_idx) VALUES (648, 179);
INSERT INTO public.flights_employees (employee_idx, flight_idx) VALUES (596, 15);
INSERT INTO public.flights_employees (employee_idx, flight_idx) VALUES (477, 3);
INSERT INTO public.flights_employees (employee_idx, flight_idx) VALUES (373, 265);
INSERT INTO public.flights_employees (employee_idx, flight_idx) VALUES (756, 267);
INSERT INTO public.flights_employees (employee_idx, flight_idx) VALUES (651, 180);
INSERT INTO public.flights_employees (employee_idx, flight_idx) VALUES (318, 190);
INSERT INTO public.flights_employees (employee_idx, flight_idx) VALUES (633, 277);
INSERT INTO public.flights_employees (employee_idx, flight_idx) VALUES (114, 72);
INSERT INTO public.flights_employees (employee_idx, flight_idx) VALUES (216, 152);
INSERT INTO public.flights_employees (employee_idx, flight_idx) VALUES (331, 35);
INSERT INTO public.flights_employees (employee_idx, flight_idx) VALUES (789, 109);
INSERT INTO public.flights_employees (employee_idx, flight_idx) VALUES (290, 276);
INSERT INTO public.flights_employees (employee_idx, flight_idx) VALUES (642, 77);
INSERT INTO public.flights_employees (employee_idx, flight_idx) VALUES (695, 141);
INSERT INTO public.flights_employees (employee_idx, flight_idx) VALUES (658, 148);
INSERT INTO public.flights_employees (employee_idx, flight_idx) VALUES (2, 125);
INSERT INTO public.flights_employees (employee_idx, flight_idx) VALUES (593, 142);
INSERT INTO public.flights_employees (employee_idx, flight_idx) VALUES (414, 159);
INSERT INTO public.flights_employees (employee_idx, flight_idx) VALUES (32, 6);
INSERT INTO public.flights_employees (employee_idx, flight_idx) VALUES (431, 72);
INSERT INTO public.flights_employees (employee_idx, flight_idx) VALUES (437, 196);
INSERT INTO public.flights_employees (employee_idx, flight_idx) VALUES (446, 263);
INSERT INTO public.flights_employees (employee_idx, flight_idx) VALUES (280, 11);
INSERT INTO public.flights_employees (employee_idx, flight_idx) VALUES (172, 169);
INSERT INTO public.flights_employees (employee_idx, flight_idx) VALUES (591, 200);
INSERT INTO public.flights_employees (employee_idx, flight_idx) VALUES (488, 162);
INSERT INTO public.flights_employees (employee_idx, flight_idx) VALUES (702, 126);
INSERT INTO public.flights_employees (employee_idx, flight_idx) VALUES (398, 262);
INSERT INTO public.flights_employees (employee_idx, flight_idx) VALUES (175, 201);
INSERT INTO public.flights_employees (employee_idx, flight_idx) VALUES (639, 227);
INSERT INTO public.flights_employees (employee_idx, flight_idx) VALUES (80, 213);
INSERT INTO public.flights_employees (employee_idx, flight_idx) VALUES (449, 68);
INSERT INTO public.flights_employees (employee_idx, flight_idx) VALUES (488, 228);
INSERT INTO public.flights_employees (employee_idx, flight_idx) VALUES (3, 239);
INSERT INTO public.flights_employees (employee_idx, flight_idx) VALUES (468, 124);
INSERT INTO public.flights_employees (employee_idx, flight_idx) VALUES (258, 164);
INSERT INTO public.flights_employees (employee_idx, flight_idx) VALUES (192, 47);
INSERT INTO public.flights_employees (employee_idx, flight_idx) VALUES (92, 221);
INSERT INTO public.flights_employees (employee_idx, flight_idx) VALUES (796, 37);
INSERT INTO public.flights_employees (employee_idx, flight_idx) VALUES (49, 43);
INSERT INTO public.flights_employees (employee_idx, flight_idx) VALUES (54, 279);
INSERT INTO public.flights_employees (employee_idx, flight_idx) VALUES (635, 283);
INSERT INTO public.flights_employees (employee_idx, flight_idx) VALUES (348, 16);
INSERT INTO public.flights_employees (employee_idx, flight_idx) VALUES (414, 193);
INSERT INTO public.flights_employees (employee_idx, flight_idx) VALUES (30, 189);
INSERT INTO public.flights_employees (employee_idx, flight_idx) VALUES (195, 114);
INSERT INTO public.flights_employees (employee_idx, flight_idx) VALUES (772, 19);
INSERT INTO public.flights_employees (employee_idx, flight_idx) VALUES (13, 189);
INSERT INTO public.flights_employees (employee_idx, flight_idx) VALUES (164, 277);
INSERT INTO public.flights_employees (employee_idx, flight_idx) VALUES (798, 71);